layout,magnitude,negative,positive,negative_lightness,positive_lightness
upland_row,0.01,#D9DEEA,#ECDADB,88.41636569386299,88.49116418973232
upland_row,0.05,#A5B3CE,#D1A9AA,72.69048220023372,72.78329357572746
upland_row,0.1,#8EA0C1,#C49394,65.54699531590235,65.54824570259032
upland_row,1,#426A9F,#9C5256,44.187527147068465,43.910220988343404
upland_row,3,#035493,#8B373B,34.93401397690647,35.08051434469041
all_two_rows,0.01,#E5E8F1,#F2E5E6,92.00773986905726,91.96670067562407
all_two_rows,0.05,#C1CADD,#E0C3C4,81.18056248700958,81.21704439800996
all_two_rows,0.1,#B0BCD4,#D7B3B4,76.03802495012464,76.05957293442586
all_two_rows,1,#8095BA,#BD8688,61.33206031697512,61.34978154401995
all_two_rows,160,#035493,#8B373B,34.93401397690647,35.08051434469041
