tree,component,height_m,flux,n
Black Gum Swamp bg (2024),stem,0.25,151.541361698502,3
Black Gum Swamp bg (2024),stem,1,63.610274968973634,3
Black Gum Swamp bg (2024),stem,2,25.622256280832165,3
Black Gum Swamp bg (2024),stem,3,8.163686978104279,3
Black Gum Swamp bg (2024),stem,3.6,4.583918959729816,1
EMS hem 321902,branch,9,0.0701603675616534,1
EMS hem 321902,branch,15,0.0215491279426929,1
EMS hem 321902,leaf,6,1.66891463260548e-4,1
EMS hem 321902,leaf,11,0.0106449754743363,1
EMS hem 321902,leaf,15,0.00809713131634886,1
EMS hem 321902,stem,0.5,0.12920448744432245,2
EMS hem 321902,stem,1.25,0.264320946205243,2
EMS hem 321902,stem,2,0.12163210228250704,2
EMS hem 321902,stem,6,0.0215664803243066,2
EMS hem 321902,stem,9,0.02881393243075825,2
EMS hem 321902,stem,15,0.02534507384036375,2
EMS rm 321071,leaf,16,-0.0119514320391552,1
EMS rm 321071,leaf,18,0.00965845954293792,1
EMS rm 321071,leaf,22,0.00971882325414629,1
EMS rm 321071,stem,0.5,2.6589888837775764,3
EMS rm 321071,stem,1.25,2.1901076936874,3
EMS rm 321071,stem,2,1.50522288842357,3
EMS rm 321071,stem,4,0.1421346813442365,2
EMS rm 321071,stem,5,0.8932364823096527,3
EMS rm 321071,stem,6,0.036857430179650846,2
EMS rm 321071,stem,8,0.06366667309114149,2
EMS rm 321071,stem,11,0.09993384250079501,2
EMS rm 321071,stem,14,0.0954007256389552,2
EMS rm 321071,stem,16,0.056867187737708796,2
EMS rm 321071,stem,18,0.02363737179841775,2
EMS rm 321071,stem,22,0.0483626170397156,2
EMS ro 300607,leaf,8,0.0276726240681998,1
EMS ro 300607,leaf,12,0.0118572269311267,1
EMS ro 300607,leaf,16,0.0296002194800445,1
EMS ro 300607,stem,0.5,1.0692847168988306,2
EMS ro 300607,stem,1.25,0.5644873654671138,2
EMS ro 300607,stem,2,0.0735065188413446,2
EMS ro 300607,stem,3,0.0718050693125119,2
EMS ro 300607,stem,5,0.10090838610943051,2
EMS ro 300607,stem,7,0.077270890649711,2
EMS ro 300607,stem,9,0.07474714402537974,2
EMS ro 300607,stem,12,0.243946324716506,2
EMS ro 300607,stem,16,0.0573588141635707,2
Swamp Rd bg 2,branch,9.1,0.474354076051023,1
Swamp Rd bg 2,branch,10.5,0.016261812384033673,4
Swamp Rd bg 2,branch,11.7,0.374142178634024,2
Swamp Rd bg 2,leaf,7,0.00372343852593951,1
Swamp Rd bg 2,leaf,9.1,0.00401053089960882,1
Swamp Rd bg 2,leaf,10.5,-0.00596195349369434,3
Swamp Rd bg 2,leaf,11.7,1.4382521522632525e-4,2
Swamp Rd bg 2,stem,0.5,0.221242253060688,1
Swamp Rd bg 2,stem,1.25,0.445219977704906,1
Swamp Rd bg 2,stem,1.7,0.520862353106457,1
Swamp Rd bg 2,stem,3,0.91337478229931,2
Swamp Rd bg 2,stem,4.5,1.2338871742191149,2
Swamp Rd bg 2,stem,7,1.831794045041335,2
Swamp Rd bg 2,stem,9.1,0.7314297472092239,2
Swamp Rd bg 2,stem,10.5,0.327540908661263,1
Swamp Rd bg 2,stem,11.7,0.29341350940008637,3
Swamp Rd hem 4,leaf,9.1,0.010662067620189,1
Swamp Rd hem 4,leaf,12,0.00117158770085178,1
Swamp Rd hem 4,leaf,14.2,-0.0169307870432022,1
Swamp Rd hem 4,stem,0.5,0.14995847012600283,2
Swamp Rd hem 4,stem,1.25,-0.012610613837137429,2
Swamp Rd hem 4,stem,2,0.0290078897698113,1
Swamp Rd hem 4,stem,3,0.121014227976355,1
Swamp Rd hem 4,stem,5.6,0.004452808496314265,2
Swamp Rd hem 4,stem,9.1,0.0067580852068874556,2
Swamp Rd hem 4,stem,12,-0.03636030809684225,2
Swamp Rd hem 4,stem,14.2,0.024804296926185,2
Swamp Rd rm 5,branch,4,0.588785538353462,1
Swamp Rd rm 5,branch,6,0.0159063983585073,1
Swamp Rd rm 5,leaf,10,0.00892334631231969,1
Swamp Rd rm 5,leaf,16,0.0189342995154123,1
Swamp Rd rm 5,stem,0.5,0.483217471437259,1
Swamp Rd rm 5,stem,1,0.5380026211564646,2
Swamp Rd rm 5,stem,2,0.380483570598823,1
Swamp Rd rm 5,stem,4,0.30986085815773,1
Swamp Rd rm 5,stem,6,0.120043024540851,1
Swamp Rd rm 5,stem,8,0.734620467813102,2
Swamp Rd rm 5,stem,10,0.15825087995728832,3
Swamp Rd rm 5,stem,13,0.1294369389592932,3
YMF black oak,stem,0.5,-0.00437387748466349,1
YMF black oak,stem,1.25,0.0443912653180071,1
YMF black oak,stem,2,0.0371349095748844,1
YMF black oak,stem,4,0.36391496883061003,2
YMF black oak,stem,6,0.0327494414017846,1
YMF black oak,stem,8,0.0744366757599961,1
YMF black oak,stem,10,0.0306840393066931,1
