UniqueID,VolumeID,Position,height_m,chamber,start_field,Notes,CH4_best.flux,CH4_model,CH4_quality.check,CH4_flux.term,nb.obs,CH4_LM.r2,CO2_best.flux,CO2_model,field_day,dt_s,t_sec,sigma_CH4_ppb,CH4_MDF_emp95,CH4_below_MDF
BGM1,CollarA0.32,A0.32,0.25,Collar,2024-08-28 12:06:50,,157.4421664582293,HM,,2.7991729585724943,117,0.9972595073145212,2.8093571209057804,HM,2024-08-28,1,116,3.74056189742975,0.17691175119513056,FALSE
BGM2,CollarB0.25,B0.25,0.25,Collar,2024-08-28 12:09:33,,154.91290494025262,HM,,2.5589732929299753,177,0.9551785887021743,3.294152289982187,HM,2024-08-28,1,176,3.74056189742975,0.10659529166133526,FALSE
BGM3,CollarC0.35,C0.35,0.25,Collar,2024-08-28 12:13:44,,143.86887522455638,HM,,2.5003824952858325,162,0.9403902510127936,2.8758600728144805,HM,2024-08-28,1,162,3.74056189742975,0.11315568342855768,FALSE
BGM4,CollarA1.0,A1.0,1,Collar,2024-08-28 11:52:00,,60.27886889437219,HM,,2.0715489874352433,124,0.9985638099724075,1.7534151378889713,HM,2024-08-28,1,124,3.74056189742975,0.12247810531146415,FALSE
BGM5,CollarB0.9,B0.9,1,Collar,2024-08-28 11:54:40,,67.84548229472774,HM,,2.5899833467056195,126,0.9959893786033529,2.7174583278542603,HM,2024-08-28,1,125,3.74056189742975,0.15190493923950427,FALSE
BGM6,CollarC1.0,C1.0,1,Collar,2024-08-28 12:03:37,,66.52409527604846,HM,,2.8586876510953605,124,0.9995466117644412,4.105634704052147,HM,2024-08-28,1,123,3.74056189742975,0.17039095258260506,FALSE
BGM7,TupperwareB,A2.0,2,TupperwareB,2024-08-28 11:33:48,,23.36961978536741,HM,,1.6298974019637826,209,0.9991338202837258,1.5671024338558215,HM,2024-08-28,1,208,3.74056189742975,0.05744892007528508,FALSE
BGM8,TupperwareB,B2.0,2,TupperwareB,2024-08-28 11:38:24,,21.208680418168107,HM,,1.6253850262563911,204,0.9965952769497652,1.2322179820460641,HM,2024-08-28,1,203,3.74056189742975,0.05870095317786892,FALSE
BGM9,TupperwareB,C2.0,2,TupperwareB,2024-08-28 11:47:36,,22.540631288545026,HM,,1.6246883920907556,148,0.9985638792492809,2.3178816632726966,HM,2024-08-28,1,147,3.74056189742975,0.08102847765069661,FALSE
BGM10,TupperwareB,A3.0,3,TupperwareB,2024-08-28 11:24:44,,5.657531105069924,HM,,1.627641925531244,326,0.974849969468952,1.6231026423544226,HM,2024-08-28,1,325,3.74056189742975,0.03671642969560816,FALSE
BGM11,TupperwareB,A3.0,3,TupperwareB,2024-08-28 14:14:03,,6.861323202048585,HM,,1.6233337121984224,122,0.9946092066521585,1.9031008507517222,HM,2024-08-28,1,121,3.74056189742975,0.09835747570028786,FALSE
BGM12,TupperwareB,A2.0,2,TupperwareB,2024-08-28 14:17:12,,18.11931402633042,HM,,1.6220851550798359,129,0.9968246946541911,1.3146769459481724,HM,2024-08-28,1,128,3.74056189742975,0.09290703851387738,FALSE
BGM13,CollarA1.0,A1.0,1,Collar,2024-08-28 14:20:52,,57.553966167704104,HM,,2.067141728780632,139,0.9988675204796759,1.5838866978739177,HM,2024-08-28,1,138,3.74056189742975,0.10981865093999701,FALSE
BGM14,CollarA0.32,A0.32,0.25,Collar,2024-08-28 14:23:39,,178.76140262415905,HM,,2.79575100205899,113,0.9971400010582386,3.0954166373563514,HM,2024-08-28,1,112,3.74056189742975,0.1830060314369847,FALSE
BGM15,CollarA0.32,A0.32,0.25,Collar,2024-08-28 15:59:32,,90.24259177878355,LM,MAE | AICc,2.777189308331218,146,0.7477413076606627,2.1139269877252644,HM,2024-08-28,1,145,3.74056189742975,0.14041788234131222,FALSE
BGM16,TupperwareB,A3.0,3,TupperwareB,2024-08-28 16:04:53,Potential leak redid,3.1472909303931598,HM,,1.6197645263893405,91,0.95686639883694935,0.5871069611934867,HM,2024-08-28,1,91,3.74056189742975,0.13049546758353522,FALSE
BGM17,CollarB0.25,B0.25,0.25,Collar,2024-08-28 16:08:34,,161.6431037282782,HM,AICc,2.538801710957133,125,0.8270534219245382,3.256365890759621,HM,2024-08-28,1,124,3.74056189742975,0.150103919919612,FALSE
BGM18,TupperwareB,A2.0,2,TupperwareB,2024-08-28 16:24:12,,31.022704113483016,HM,AICc,1.611929951324896,123,0.9998823634989632,2.8400466862274465,HM,2024-08-28,1,122,3.74056189742975,0.09686597875526189,FALSE
BGM19,CollarC0.35,C0.35,0.25,Collar,2024-08-28 16:18:07,,128.6402220228713,HM,AICc,2.482811806186146,124,0.8644206610768608,2.8267016428595526,HM,2024-08-28,1,123,3.74056189742975,0.14798702074964243,FALSE
BGM20,CollarA1.0,A1.0,1,Collar,2024-08-28 16:28:14,,59.98336791222483,HM,,2.060125228444404,124,0.9986868286097147,1.8215008876731,HM,2024-08-28,1,123,3.74056189742975,0.12279295360568558,FALSE
BGM21,TupperwareB,A3.0,3,TupperwareB,2024-08-28 16:34:04,,7.569956338406228,HM,,1.6130635910358984,124,0.9995444959709369,2.7182775721415062,HM,2024-08-28,1,123,3.74056189742975,0.09614602062159881,FALSE
BGM22,CollarB0.9,B0.9,1,Collar,2024-08-28 16:36:55,,67.4202060600516,HM,,2.5615441775687353,123,0.9977181672764831,2.748521192729192,HM,2024-08-28,1,122,3.74056189742975,0.15393130680467532,FALSE
BGM23,TupperwareB,B2.0,2,TupperwareB,2024-08-28 16:42:00,,28.63814959651852,HM,,1.6099080468892983,122,0.9995307405529534,2.7612032393485655,HM,2024-08-28,1,122,3.74056189742975,0.09674447611059499,FALSE
BGM24,CollarC1.0,C1.0,1,Collar,2024-08-28 16:45:31,,63.29352083923818,HM,,2.832571911555554,122,0.9992706041570146,4.047076622320228,HM,2024-08-28,1,122,3.74056189742975,0.1702182221888553,FALSE
BGM25,TupperwareB,A3.0,3,TupperwareB,2024-08-28 18:10:58,,8.33907121443618,HM,,1.63871492364498,183,0.9993022032548545,2.6345245769441514,HM,2024-08-28,1,182,3.74056189742975,0.06601109812975596,FALSE
BGM26,TupperwareB,A2.0,2,TupperwareB,2024-08-28 18:14:59,,26.71398955149474,HM,,1.641759383969542,184,0.9998890681109232,3.0469577353684505,HM,2024-08-28,1,183,3.74056189742975,0.06577234925878064,FALSE
BGM27,CollarA1.0,A1.0,1,Collar,2024-08-28 18:20:58,,51.430839841834846,HM,AICc,2.090215969443504,191,0.9981553565032502,-0.18817923939937048,LM,2024-08-28,1,190,3.74056189742975,0.08065336603714007,FALSE
BGM28,CollarA0.32,A0.32,0.25,Collar,2024-08-28 18:25:39,,162.2007227139827,HM,,2.8188187378974447,192,0.899512233443735,2.609469155295645,HM,2024-08-28,1,191,3.74056189742975,0.1081978719844337,FALSE
BGM29,TupperwareB,A3.0,3,TupperwareB,2024-08-28 18:58:16,,6.43704565342269,HM,,1.6441708825056076,170,0.9993255188152063,1.8818636498748635,HM,2024-08-28,1,169,3.74056189742975,0.07132555913717338,FALSE
BGM30,TupperwareB,A2.0,2,TupperwareB,2024-08-28 19:04:13,,23.943640311070798,HM,,1.6459696739230794,149,0.9995596262459283,2.158987974157677,HM,2024-08-28,1,149,3.74056189742975,0.08098796707048556,FALSE
BGM31,TupperwareB,B2.0,2,TupperwareB,2024-08-28 19:09:00,,26.333668824464876,HM,,1.6503882586410288,130,0.9998467439059977,2.3217586520406366,HM,2024-08-28,1,129,3.74056189742975,0.09379535936377359,FALSE
BGM32,TupperwareB,C2.0,2,TupperwareB,2024-08-28 19:12:38,,25.53814785052931,HM,,1.650792451253287,160,0.9977070550938393,3.0429736068289355,HM,2024-08-28,1,159,3.74056189742975,0.07611675875562662,FALSE
BGM33,CollarA1.0,A1.0,1,Collar,2024-08-28 19:15:58,,70.05038831230381,HM,,2.1007794253837577,149,0.9963747688563969,1.988599565542533,HM,2024-08-28,1,148,3.74056189742975,0.10406475753464271,FALSE
BGM34,CollarB0.9,B0.9,1,Collar,2024-08-28 19:19:14,,66.31107774550976,HM,,2.624504543241586,156,0.9962277496854995,2.8033867239970394,HM,2024-08-28,1,155,3.74056189742975,0.12413680614351677,FALSE
BGM35,CollarC1.0,C1.0,1,Collar,2024-08-28 19:22:18,,66.80241806316737,HM,,2.898334175336783,149,0.9967051532219368,3.704352562790197,HM,2024-08-28,1,148,3.74056189742975,0.14357263764409434,FALSE
BGM36,CollarA0.32,A0.32,0.25,Collar,2024-08-28 19:25:39,,172.2573042824061,HM,,2.8391911077089276,117,0.9953589970066572,2.7903299588199104,HM,2024-08-28,1,116,3.74056189742975,0.17944095569520715,FALSE
BGM37,CollarB0.25,B0.25,0.25,Collar,2024-08-28 19:28:16,,143.68207705320364,HM,AICc,2.597926356167569,126,0.8829840290904116,3.245838916529633,HM,2024-08-28,1,125,3.74056189742975,0.15237080415374435,FALSE
BGM38,CollarC0.35,C0.35,0.25,Collar,2024-08-28 19:30:52,,168.73384217227584,HM,,2.538621156416801,194,0.9188897417994439,2.6812630595716542,HM,2024-08-28,1,193,3.74056189742975,0.09643296558811014,FALSE
BGM39,CollarA0.32,A0.32,0.25,Collar,2024-08-28 20:03:24,,87.033716474608255,LM,MAE | AICc,2.8550723407601746,108,0.5632800082607798,1.899567949419096,HM,2024-08-28,1,107,3.74056189742975,0.19562226170296387,FALSE
BGM40,TupperwareB,A3.0,3,TupperwareB,2024-08-28 20:06:38,,0.4814281448478152,LM,g-fact. > 2,1.6603573999375238,184,0.7039820840856998,-1.6335661080182535,HM,2024-08-28,1,183,3.74056189742975,0.06651742506812908,FALSE
BGM41,TupperwareB,A2.0,2,TupperwareB,2024-08-28 20:16:53,,23.63829797868525,HM,,1.6652285339058708,209,0.9986901698354371,1.6559477304302854,HM,2024-08-28,1,208,3.74056189742975,0.058694234886306214,FALSE
BGM42,CollarA1.0,A1.0,1,Collar,2024-08-28 20:11:17,,58.07915537821865,HM,,2.119199271601392,183,0.9972254076736791,0.9482296854560577,HM,2024-08-28,1,182,3.74056189742975,0.08536608110154338,FALSE
BGM43,TupperwareB,A3.0,3,TupperwareB,2024-08-28 22:19:02,,8.91247214714216,HM,,1.6851291278462286,124,0.999553774715826,2.1049811899318,HM,2024-08-28,1,123,3.74056189742975,0.10044145858621306,FALSE
BGM44,CollarA0.32,A0.32,0.25,Collar,2024-08-28 22:22:16,,154.53083059224483,HM,,2.8917657329181523,123,0.997110768168686,1.8771589886146305,HM,2024-08-28,1,122,3.74056189742975,0.1737753664914594,FALSE
BGM45,TupperwareB,A2.0,2,TupperwareB,2024-08-28 22:25:18,,30.744103838826582,HM,,1.6872720980291467,123,0.9999260429211896,2.3330273386858678,HM,2024-08-28,1,122,3.74056189742975,0.10139352709942613,FALSE
BGM46,CollarB0.25,B0.25,0.25,Collar,2024-08-28 22:27:55,,124.18892318100534,LM,g-fact. > 2,2.648973287436661,123,0.8875996419525926,2.751463675805679,HM,2024-08-28,1,123,3.74056189742975,0.15789101045693466,FALSE
BGM47,CollarC0.35,C0.35,0.25,Collar,2024-08-28 22:30:29,,176.26088851042866,HM,,2.5862936484210444,122,0.8291552395583986,2.677467896892455,HM,2024-08-28,1,122,3.74056189742975,0.15541858093579575,FALSE
BGM48,CollarA1.0,A1.0,1,Collar,2024-08-28 22:33:49,,72.68021844292001,HM,,2.147008726390033,122,0.9964410627609848,1.9757522465038435,HM,2024-08-28,1,122,3.74056189742975,0.12902055793858785,FALSE
BGM49,TupperwareB,B2.0,2,TupperwareB,2024-08-28 22:37:42,,26.995824767073074,HM,,1.687789331072298,124,0.9998814765640454,2.0096084245806276,HM,2024-08-28,1,123,3.74056189742975,0.10060001895274336,FALSE
BGM50,CollarB0.9,B0.9,1,Collar,2024-08-28 22:40:32,,60.12393783041159,HM,,2.6793295080752455,124,0.9991486550026001,1.6014008515012643,HM,2024-08-28,1,123,3.74056189742975,0.15970038104327144,FALSE
BGM51,CollarC1.0,C1.0,1,Collar,2024-08-28 22:43:04,,68.37605258567244,HM,,2.9622970809752665,122,0.998080839590724,3.206595754965452,HM,2024-08-28,1,122,3.74056189742975,0.17801381870017038,FALSE
BGM52,CollarA0.32,A0.32,0.25,Collar,2024-08-29 0:15:17,,168.06717099058105,HM,,2.926029129934462,124,0.9951378151332495,1.8451096020203102,HM,2024-08-29,1,123,4.15819744908485,0.19387719718026705,FALSE
BGM53,CollarA1.0,A1.0,1,Collar,2024-08-29 0:18:41,,73.5623986423107,HM,,2.1688379791527144,125,0.9955643833336856,1.0595070245172091,HM,2024-08-29,1,124,4.15819744908485,0.14254717773246717,FALSE
BGM54,TupperwareB,A3.0,3,TupperwareB,2024-08-29 0:22:21,,4.0362105675934945,HM,,1.7038041769854386,147,0.9948463296889358,1.6407924369663038,HM,2024-08-29,1,147,4.15819744908485,0.09446165331280407,FALSE
BGM55,TupperwareB,A2.0,2,TupperwareB,2024-08-29 0:28:43,,28.265530993521498,HM,,1.7036782194733686,124,0.9996034314396025,1.8014180945827742,HM,2024-08-29,1,124,4.15819744908485,0.111974487852282,FALSE
BGM56,CollarA0.32,A0.32,0.25,Collar,2024-08-29 3:12:48,,118.33178359895561,HM,AICc,2.948345128395664,173,0.8654320101950559,1.953731416604469,HM,2024-08-29,1,172,4.15819744908485,0.13970214414987062,FALSE
BGM57,CollarA1.0,A1.0,1,Collar,2024-08-29 3:16:41,,92.15861247278329,HM,,2.187837877068578,124,0.9930582909873171,1.60869687447819,HM,2024-08-29,1,123,4.15819744908485,0.14496502141808212,FALSE
BGM58,TupperwareB,A3.0,3,TupperwareB,2024-08-29 3:24:42,,7.340846711691028,HM,,1.7201125628787102,124,0.9992393470152786,1.5648147989644385,HM,2024-08-29,1,123,4.15819744908485,0.11397378075076094,FALSE
BGM59,TupperwareB,A2.0,2,TupperwareB,2024-08-29 3:30:36,,27.984600272398897,HM,,1.7175280809385753,133,0.999812480272135,1.6234087912469697,HM,2024-08-29,1,133,4.15819744908485,0.10524595277008363,FALSE
BGM60,CollarB0.9,B0.9,1,Collar,2024-08-29 3:35:02,,60.95845571448265,HM,,2.7365655434099816,135,0.9992070702794376,1.88695153985836,HM,2024-08-29,1,134,4.15819744908485,0.1664386768869462,FALSE
BGM61,CollarC1.0,C1.0,1,Collar,2024-08-29 3:37:42,,70.53167063985896,HM,,3.0207014438437128,129,0.9976928592577649,2.6840132045618486,HM,2024-08-29,1,128,4.15819744908485,0.19233177169163654,FALSE
BGM62,CollarB0.25,B0.25,0.25,Collar,2024-08-29 3:40:53,,171.34106422960858,HM,,2.7053107060482673,150,0.9382234437161845,2.5516408927753207,HM,2024-08-29,1,149,4.15819744908485,0.14797354607367624,FALSE
BGM63,CollarC0.35,C0.35,0.25,Collar,2024-08-29 3:44:14,,115.27312724366169,LM,g-fact. > 2,2.6424314311115675,137,0.8846888137497496,2.161004638347548,HM,2024-08-29,1,136,4.15819744908485,0.15834998145648052,FALSE
BGM64,TupperwareB,B2.0,2,TupperwareB,2024-08-29 3:48:26,,26.50630741196524,HM,,1.7199600658604546,129,0.9997690228818968,1.4811776295716519,HM,2024-08-29,1,129,4.15819744908485,0.10866304026562282,FALSE
BGM65,TupperwareB,C2.0,2,TupperwareB,2024-08-29 3:52:05,,24.253316617314912,HM,,1.7215170450673645,183,0.9996578618391747,1.50607597226869,HM,2024-08-29,1,182,4.15819744908485,0.0770891288238864,FALSE
BGM66,CollarA0.32,A0.32,0.25,Collar,2024-08-29 5:02:59,,150.75725654726787,HM,,2.964978511373324,122,0.9981425203015594,1.4674683159531146,HM,2024-08-29,1,122,4.15819744908485,0.1980682744957411,FALSE
BGM67,TupperwareB,A3.0,3,TupperwareB,2024-08-29 5:06:40,,8.760548924100977,HM,,1.7260634324087276,123,0.9996337577145927,1.7280454987276004,HM,2024-08-29,1,122,4.15819744908485,0.11530552562724682,FALSE
BGM68,CollarA1.0,A1.0,1,Collar,2024-08-29 5:09:26,,69.64125584990724,HM,,2.1979620682059116,122,0.9960155053984311,1.1317450821985375,HM,2024-08-29,1,122,4.15819744908485,0.14682958159281592,FALSE
BGM69,TupperwareB,A2.0,2,TupperwareB,2024-08-29 5:12:25,,26.00339068679656,HM,,1.7282910711994972,123,0.9993732819726668,1.2355349639744166,HM,2024-08-29,1,123,4.15819744908485,0.11451568453911633,FALSE
BGM70,TupperwareB,A2.0,2,TupperwareB,2024-08-29 6:06:48,,29.485916305728143,HM,,1.7315980960411288,124,0.9985346132050497,1.571229138431672,HM,2024-08-29,1,123,4.15819744908485,0.11473480631775541,FALSE
BGM71,CollarA0.32,A0.32,0.25,Collar,2024-08-29 6:09:34,,156.78199244334613,HM,,2.9734946576953414,124,0.9973813304057325,2.277096294903582,HM,2024-08-29,1,123,4.15819744908485,0.19702223883102038,FALSE
BGM72,TupperwareB,B2.0,2,TupperwareB,2024-08-29 6:14:59,,26.08059601343065,HM,,1.731556645503691,122,0.9998003918083552,1.4404054735985137,HM,2024-08-29,1,122,4.15819744908485,0.11567248654618206,FALSE
BGM73,CollarB0.25,B0.25,0.25,Collar,2024-08-29 6:18:24,,104.30878582457282,LM,MAE | AICc,2.721671372675446,123,0.7454198428423482,1.834539378996432,HM,2024-08-29,1,122,4.15819744908485,0.18181472495076875,FALSE
BGM74,TupperwareB,A3.0,3,TupperwareB,2024-08-29 6:21:22,,8.645110007854132,HM,,1.7330966798460707,123,0.9995002033143481,1.641209719851338,HM,2024-08-29,1,123,4.15819744908485,0.11483410171603753,FALSE
BGM75,CollarC0.35,C0.35,0.25,Collar,2024-08-29 6:24:13,,104.15071457913707,LM,g-fact. > 2,2.661057224595595,122,0.8057602914366048,2.3019746870004107,HM,2024-08-29,1,122,4.15819744908485,0.17776554224197247,FALSE
BGM76,CollarA1.0,A1.0,1,Collar,2024-08-29 6:26:49,,86.54703356214743,HM,,2.2069926867169527,122,0.9925334117009132,1.375959800326071,HM,2024-08-29,1,122,4.15819744908485,0.1474328503919826,FALSE
BGM77,CollarB0.9,B0.9,1,Collar,2024-08-29 6:29:25,,78.51455780125966,HM,,2.7589761598330766,123,0.9936627458271498,2.0465160014642843,HM,2024-08-29,1,122,4.15819744908485,0.18430678173782467,FALSE
BGM78,CollarC1.0,C1.0,1,Collar,2024-08-29 6:31:58,,67.65019484869909,HM,,3.0448103451990085,123,0.9975059719529397,2.382435329623775,HM,2024-08-29,1,122,4.15819744908485,0.2034012485847709,FALSE
BGM79,TupperwareB,A3.0,3,TupperwareB,2024-08-29 7:03:48,,9.336154878055089,HM,,1.7367437031815884,123,0.9993956247034211,1.7678285277849777,HM,2024-08-29,1,122,4.15819744908485,0.1160189954871508,FALSE
BGM80,CollarA0.32,A0.32,0.25,Collar,2024-08-29 7:06:36,,152.09304721041985,HM,,2.9785486976385016,124,0.9974201669376193,1.4461049938375765,HM,2024-08-29,1,123,4.15819744908485,0.19735711693889452,FALSE
BGM81,TupperwareB,A2.0,2,TupperwareB,2024-08-29 7:10:19,,31.058849241422514,HM,,1.7380341955321803,124,0.997134609162674,1.4374786624896356,HM,2024-08-29,1,123,4.15819744908485,0.11516125898609449,FALSE
BGM82,CollarA1.0,A1.0,1,Collar,2024-08-29 7:13:46,,58.8662319304508,HM,,2.209671089082745,124,0.9986273872974304,1.0092448558858147,HM,2024-08-29,1,124,4.15819744908485,0.1452309395600055,FALSE
BGM83,CollarA0.32,A0.32,0.25,Collar,2024-08-29 8:52:44,,148.76022724144886,HM,,2.959300269828709,124,0.9979884565322378,1.679274860616912,HM,2024-08-29,1,123,4.15819744908485,0.1960817259334834,FALSE
BGM84,CollarB0.25,B0.25,0.25,Collar,2024-08-29 8:55:32,,167.26294485538287,HM,,2.7112447915226654,138,0.8998838368116141,-0.055508678955139605,LM,2024-08-29,1,137,4.15819744908485,0.16128774212039426,FALSE
BGM85,CollarC0.35,C0.35,0.25,Collar,2024-08-29 8:58:14,,189.77665152761693,HM,,2.645841226601566,124,0.9676370132649537,2.699932156252909,HM,2024-08-29,1,123,4.15819744908485,0.17531208966774742,FALSE
BGM86,CollarA1.0,A1.0,1,Collar,2024-08-29 9:00:41,,77.48872201812924,HM,,2.195192236771132,208,0.9905846821547095,1.4971371523185772,HM,2024-08-29,1,207,4.15819744908485,0.08642818868289415,FALSE
BGM87,CollarB0.9,B0.9,1,Collar,2024-08-29 9:04:41,,74.13902843379661,HM,,2.741311164661701,123,0.9947597163503523,1.8173387546690107,HM,2024-08-29,1,122,4.15819744908485,0.18312671412547987,FALSE
BGM88,CollarC1.0,C1.0,1,Collar,2024-08-29 9:07:15,,66.95473789593838,HM,,3.0263040619467363,124,0.9975663904981654,2.188550405223465,HM,2024-08-29,1,123,4.15819744908485,0.2005213630113902,FALSE
BGM89,TupperwareB,A2.0,2,TupperwareB,2024-08-29 9:11:25,,29.409443416509152,HM,,1.7225342386804652,123,0.99899332125603,1.4946067336973081,HM,2024-08-29,1,122,4.15819744908485,0.11506976630911457,FALSE
BGM90,TupperwareB,B2.0,2,TupperwareB,2024-08-29 9:14:06,,26.47969256811399,HM,,1.7240263403144895,106,0.9984485611718601,1.9411866640735174,HM,2024-08-29,1,105,4.15819744908485,0.1338159237575634,FALSE
BGM91,TupperwareB,C2.0,2,TupperwareB,2024-08-29 9:16:31,,23.849376909018154,HM,,1.723679274777741,143,0.9971132955132732,1.6979460962122643,HM,2024-08-29,1,142,4.15819744908485,0.09892847492353887,FALSE
BGM92,TupperwareB,A3.0,3,TupperwareB,2024-08-29 9:20:03,,7.547410955643266,HM,,1.7227000666639674,124,0.9994129229767879,1.2632345963313556,HM,2024-08-29,1,123,4.15819744908485,0.11414522743133115,FALSE
BGM93,TupperwareB,B3.0,3,TupperwareB,2024-08-29 9:27:13,,10.242136461772745,HM,,1.723097661657084,133,0.9994683988235665,1.3258844205093212,HM,2024-08-29,1,132,4.15819744908485,0.10638714651774994,FALSE
BGM94,TupperwareB,C3.0,3,TupperwareB,2024-08-29 9:30:40,,7.483399096512247,HM,,1.7209521471685074,122,0.9994035796471736,1.277895189546358,HM,2024-08-29,1,121,4.15819744908485,0.11591419483324074,FALSE
BGM95,TupperwareB,A3.6,3.6,TupperwareB,2024-08-29 9:35:05,,4.583918959729816,HM,,1.7234085194407114,123,0.9966330209024943,0.687654918012083,HM,2024-08-29,1,123,4.15819744908485,0.11419216915083918,FALSE
BGM96,CollarA0.32,A0.32,0.25,Collar,2024-08-29 11:53:46,,171.00005008182492,HM,,2.929800188254726,157,0.8266279253028073,2.2312917194602147,HM,2024-08-29,1,156,4.15819744908485,0.1530617247845723,FALSE
BGM97,CollarB0.25,B0.25,0.25,Collar,2024-08-29 11:49:41,,243.98139579018402,HM,,2.6849980672662666,124,0.9301912772482285,2.804120204819362,HM,2024-08-29,1,124,4.15819744908485,0.1764718712900156,FALSE
BGM98,CollarC0.35,C0.35,0.25,Collar,2024-08-29 11:46:54,,157.1041524305789,HM,,2.621077629603896,126,0.9959983536416317,2.4884169899823694,HM,2024-08-29,1,126,4.15819744908485,0.16953623621442132,FALSE
BGM99,CollarA1.0,A1.0,1,Collar,2024-08-29 11:29:44,,55.28276598989081,HM,,2.170739600201645,180,0.9982888198274013,1.1437118643167037,HM,2024-08-29,1,179,4.15819744908485,0.09883434688825754,FALSE
BGM100,CollarB0.9,B0.9,1,Collar,2024-08-29 11:36:24,,55.29898712944114,HM,,2.7126767670464,123,0.998937735244382,1.8880758486010167,HM,2024-08-29,1,122,4.15819744908485,0.18121386190576488,FALSE
BGM101,CollarC1.0,C1.0,1,Collar,2024-08-29 11:43:14,,57.76432903808439,HM,,2.9966245395394497,123,0.9976704868974096,2.4150293514950656,HM,2024-08-29,1,122,4.15819744908485,0.20018231146749807,FALSE
BGM102,TupperwareB,A2.0,2,TupperwareB,2024-08-29 12:00:33,,25.254369744921203,HM,AICc,1.7067541383763467,119,0.9997301582316587,1.6758073230835562,HM,2024-08-29,1,118,4.15819744908485,0.11788055066255672,FALSE
BGM103,TupperwareB,B2.0,1,TupperwareB,2024-08-29 12:03:37,,25.51724829454121,HM,,1.7070759292230298,123,0.9998101907992984,1.1369160375318068,HM,2024-08-29,1,122,4.15819744908485,0.11403711104058203,FALSE
BGM104,TupperwareB,C2.0,1,TupperwareB,2024-08-29 12:08:45,,26.848964475874478,HM,,1.707039927593752,133,0.9941979525655805,2.111919907065955,HM,2024-08-29,1,133,4.15819744908485,0.10460326418535233,FALSE
BGM105,TupperwareB,A3.0,3,TupperwareB,2024-08-29 12:11:49,,8.410479859712957,HM,AICc,1.7085612624784252,124,0.9996847844423041,1.7655192958988275,HM,2024-08-29,1,124,4.15819744908485,0.11229542653272186,FALSE
