UniqueID,Analyzer,VolumeID,Position,Height (m),Volume,Surface Area,Chamber Type,Start (iPad),End (iPad),Time Offset,Start (LGR),End (LGR),Notes
BGM1,LGR3,CollarA0.32,A0.32,0.25,,,Collar,2024-08-28 12:06:50,2024-08-28 12:08:45,0:11:23,2024-08-28 12:18:13,2024-08-28 12:20:08,
BGM2,LGR3,CollarB0.25,B0.25,0.25,,,Collar,2024-08-28 12:09:33,2024-08-28 12:12:28,0:11:23,2024-08-28 12:20:56,2024-08-28 12:23:51,
BGM3,LGR3,CollarC0.35,C0.35,0.25,,,Collar,2024-08-28 12:13:44,2024-08-28 12:16:25,0:11:23,2024-08-28 12:25:07,2024-08-28 12:27:48,
BGM4,LGR3,CollarA1.0,A1.0,1,,,Collar,2024-08-28 11:52:00,2024-08-28 11:54:03,0:11:23,2024-08-28 12:03:23,2024-08-28 12:05:26,
BGM5,LGR3,CollarB0.9,B0.9,1,,,Collar,2024-08-28 11:54:40,2024-08-28 11:56:44,0:11:23,2024-08-28 12:06:03,2024-08-28 12:08:07,
BGM6,LGR3,CollarC1.0,C1.0,1,,,Collar,2024-08-28 12:03:37,2024-08-28 12:05:39,0:11:23,2024-08-28 12:15:00,2024-08-28 12:17:02,
BGM7,LGR3,TupperwareB,A2.0,2,,,TupperwareB,2024-08-28 11:33:48,2024-08-28 11:37:15,0:11:23,2024-08-28 11:45:11,2024-08-28 11:48:38,
BGM8,LGR3,TupperwareB,B2.0,2,,,TupperwareB,2024-08-28 11:38:24,2024-08-28 11:41:46,0:11:23,2024-08-28 11:49:47,2024-08-28 11:53:09,
BGM9,LGR3,TupperwareB,C2.0,2,,,TupperwareB,2024-08-28 11:47:36,2024-08-28 11:50:02,0:11:23,2024-08-28 11:58:59,2024-08-28 12:01:25,
BGM10,LGR3,TupperwareB,A3.0,3,,,TupperwareB,2024-08-28 11:24:44,2024-08-28 11:30:08,0:11:23,2024-08-28 11:36:07,2024-08-28 11:41:31,
BGM11,LGR3,TupperwareB,A3.0,3,,,TupperwareB,2024-08-28 14:14:03,2024-08-28 14:16:03,0:11:23,2024-08-28 14:25:26,2024-08-28 14:27:26,
BGM12,LGR3,TupperwareB,A2.0,2,,,TupperwareB,2024-08-28 14:17:12,2024-08-28 14:19:19,0:11:23,2024-08-28 14:28:35,2024-08-28 14:30:42,
BGM13,LGR3,CollarA1.0,A1.0,1,,,Collar,2024-08-28 14:20:52,2024-08-28 14:23:09,0:11:23,2024-08-28 14:32:15,2024-08-28 14:34:32,
BGM14,LGR3,CollarA0.32,A0.32,0.25,,,Collar,2024-08-28 14:23:39,2024-08-28 14:25:30,0:11:23,2024-08-28 14:35:02,2024-08-28 14:36:53,
BGM15,LGR3,CollarA0.32,A0.32,0.25,,,Collar,2024-08-28 15:59:32,2024-08-28 16:01:56,0:11:23,2024-08-28 16:10:55,2024-08-28 16:13:19,
BGM16,LGR3,TupperwareB,A3.0,3,,,TupperwareB,2024-08-28 16:04:53,2024-08-28 16:06:23,0:11:23,2024-08-28 16:16:16,2024-08-28 16:17:46,Potential leak redid
BGM17,LGR3,CollarB0.25,B0.25,0.25,,,Collar,2024-08-28 16:08:34,2024-08-28 16:10:37,0:11:23,2024-08-28 16:19:57,2024-08-28 16:22:00,
BGM18,LGR3,TupperwareB,A2.0,2,,,TupperwareB,2024-08-28 16:24:12,2024-08-28 16:26:13,0:11:23,2024-08-28 16:35:35,2024-08-28 16:37:36,
BGM19,LGR3,CollarC0.35,C0.35,0.25,,,Collar,2024-08-28 16:18:07,2024-08-28 16:20:09,0:11:23,2024-08-28 16:29:30,2024-08-28 16:31:32,
BGM20,LGR3,CollarA1.0,A1.0,1,,,Collar,2024-08-28 16:28:14,2024-08-28 16:30:16,0:11:23,2024-08-28 16:39:37,2024-08-28 16:41:39,
BGM21,LGR3,TupperwareB,A3.0,3,,,TupperwareB,2024-08-28 16:34:04,2024-08-28 16:36:06,0:11:23,2024-08-28 16:45:27,2024-08-28 16:47:29,
BGM22,LGR3,CollarB0.9,B0.9,1,,,Collar,2024-08-28 16:36:55,2024-08-28 16:38:56,0:11:23,2024-08-28 16:48:18,2024-08-28 16:50:19,
BGM23,LGR3,TupperwareB,B2.0,2,,,TupperwareB,2024-08-28 16:42:00,2024-08-28 16:44:01,0:11:23,2024-08-28 16:53:23,2024-08-28 16:55:24,
BGM24,LGR3,CollarC1.0,C1.0,1,,,Collar,2024-08-28 16:45:31,2024-08-28 16:47:32,0:11:23,2024-08-28 16:56:54,2024-08-28 16:58:55,
BGM25,LGR3,TupperwareB,A3.0,3,,,TupperwareB,2024-08-28 18:10:58,2024-08-28 18:13:59,0:11:23,2024-08-28 18:22:21,2024-08-28 18:25:22,
BGM26,LGR3,TupperwareB,A2.0,2,,,TupperwareB,2024-08-28 18:14:59,2024-08-28 18:18:01,0:11:23,2024-08-28 18:26:22,2024-08-28 18:29:24,
BGM27,LGR3,CollarA1.0,A1.0,1,,,Collar,2024-08-28 18:20:58,2024-08-28 18:24:07,0:11:23,2024-08-28 18:32:21,2024-08-28 18:35:30,
BGM28,LGR3,CollarA0.32,A0.32,0.25,,,Collar,2024-08-28 18:25:39,2024-08-28 18:28:49,0:11:23,2024-08-28 18:37:02,2024-08-28 18:40:12,
BGM29,LGR3,TupperwareB,A3.0,3,,,TupperwareB,2024-08-28 18:58:16,2024-08-28 19:01:04,0:11:23,2024-08-28 19:09:39,2024-08-28 19:12:27,
BGM30,LGR3,TupperwareB,A2.0,2,,,TupperwareB,2024-08-28 19:04:13,2024-08-28 19:06:41,0:11:23,2024-08-28 19:15:36,2024-08-28 19:18:04,
BGM31,LGR3,TupperwareB,B2.0,2,,,TupperwareB,2024-08-28 19:09:00,2024-08-28 19:11:08,0:11:23,2024-08-28 19:20:23,2024-08-28 19:22:31,
BGM32,LGR3,TupperwareB,C2.0,2,,,TupperwareB,2024-08-28 19:12:38,2024-08-28 19:15:16,0:11:23,2024-08-28 19:24:01,2024-08-28 19:26:39,
BGM33,LGR3,CollarA1.0,A1.0,1,,,Collar,2024-08-28 19:15:58,2024-08-28 19:18:25,0:11:23,2024-08-28 19:27:21,2024-08-28 19:29:48,
BGM34,LGR3,CollarB0.9,B0.9,1,,,Collar,2024-08-28 19:19:14,2024-08-28 19:21:48,0:11:23,2024-08-28 19:30:37,2024-08-28 19:33:11,
BGM35,LGR3,CollarC1.0,C1.0,1,,,Collar,2024-08-28 19:22:18,2024-08-28 19:24:45,0:11:23,2024-08-28 19:33:41,2024-08-28 19:36:08,
BGM36,LGR3,CollarA0.32,A0.32,0.25,,,Collar,2024-08-28 19:25:39,2024-08-28 19:27:34,0:11:23,2024-08-28 19:37:02,2024-08-28 19:38:57,
BGM37,LGR3,CollarB0.25,B0.25,0.25,,,Collar,2024-08-28 19:28:16,2024-08-28 19:30:20,0:11:23,2024-08-28 19:39:39,2024-08-28 19:41:43,
BGM38,LGR3,CollarC0.35,C0.35,0.25,,,Collar,2024-08-28 19:30:52,2024-08-28 19:34:04,0:11:23,2024-08-28 19:42:15,2024-08-28 19:45:27,
BGM39,LGR3,CollarA0.32,A0.32,0.25,,,Collar,2024-08-28 20:03:24,2024-08-28 20:05:10,0:11:23,2024-08-28 20:14:47,2024-08-28 20:16:33,
BGM40,LGR3,TupperwareB,A3.0,3,,,TupperwareB,2024-08-28 20:06:38,2024-08-28 20:09:40,0:11:23,2024-08-28 20:18:01,2024-08-28 20:21:03,
BGM41,LGR3,TupperwareB,A2.0,2,,,TupperwareB,2024-08-28 20:16:53,2024-08-28 20:20:20,0:11:23,2024-08-28 20:28:16,2024-08-28 20:31:43,
BGM42,LGR3,CollarA1.0,A1.0,1,,,Collar,2024-08-28 20:11:17,2024-08-28 20:14:18,0:11:23,2024-08-28 20:22:40,2024-08-28 20:25:41,
BGM43,LGR3,TupperwareB,A3.0,3,,,TupperwareB,2024-08-28 22:19:02,2024-08-28 22:21:04,0:11:23,2024-08-28 22:30:25,2024-08-28 22:32:27,
BGM44,LGR3,CollarA0.32,A0.32,0.25,,,Collar,2024-08-28 22:22:16,2024-08-28 22:24:17,0:11:23,2024-08-28 22:33:39,2024-08-28 22:35:40,
BGM45,LGR3,TupperwareB,A2.0,2,,,TupperwareB,2024-08-28 22:25:18,2024-08-28 22:27:19,0:11:23,2024-08-28 22:36:41,2024-08-28 22:38:42,
BGM46,LGR3,CollarB0.25,B0.25,0.25,,,Collar,2024-08-28 22:27:55,2024-08-28 22:29:57,0:11:23,2024-08-28 22:39:18,2024-08-28 22:41:20,
BGM47,LGR3,CollarC0.35,C0.35,0.25,,,Collar,2024-08-28 22:30:29,2024-08-28 22:32:30,0:11:23,2024-08-28 22:41:52,2024-08-28 22:43:53,
BGM48,LGR3,CollarA1.0,A1.0,1,,,Collar,2024-08-28 22:33:49,2024-08-28 22:35:50,0:11:23,2024-08-28 22:45:12,2024-08-28 22:47:13,
BGM49,LGR3,TupperwareB,B2.0,2,,,TupperwareB,2024-08-28 22:37:42,2024-08-28 22:39:44,0:11:23,2024-08-28 22:49:05,2024-08-28 22:51:07,
BGM50,LGR3,CollarB0.9,B0.9,1,,,Collar,2024-08-28 22:40:32,2024-08-28 22:42:34,0:11:23,2024-08-28 22:51:55,2024-08-28 22:53:57,
BGM51,LGR3,CollarC1.0,C1.0,1,,,Collar,2024-08-28 22:43:04,2024-08-28 22:45:05,0:11:23,2024-08-28 22:54:27,2024-08-28 22:56:28,
BGM52,LGR3,CollarA0.32,A0.32,0.25,,,Collar,2024-08-29 0:15:17,2024-08-29 0:17:19,0:11:23,2024-08-29 0:26:40,2024-08-29 0:28:42,
BGM53,LGR3,CollarA1.0,A1.0,1,,,Collar,2024-08-29 0:18:41,2024-08-29 0:20:44,0:11:23,2024-08-29 0:30:04,2024-08-29 0:32:07,
BGM54,LGR3,TupperwareB,A3.0,3,,,TupperwareB,2024-08-29 0:22:21,2024-08-29 0:24:47,0:11:23,2024-08-29 0:33:44,2024-08-29 0:36:10,
BGM55,LGR3,TupperwareB,A2.0,2,,,TupperwareB,2024-08-29 0:28:43,2024-08-29 0:30:46,0:11:23,2024-08-29 0:40:06,2024-08-29 0:42:09,
BGM56,LGR3,CollarA0.32,A0.32,0.25,,,Collar,2024-08-29 3:12:48,2024-08-29 3:15:39,0:11:23,2024-08-29 3:24:11,2024-08-29 3:27:02,
BGM57,LGR3,CollarA1.0,A1.0,1,,,Collar,2024-08-29 3:16:41,2024-08-29 3:18:43,0:11:23,2024-08-29 3:28:04,2024-08-29 3:30:06,
BGM58,LGR3,TupperwareB,A3.0,3,,,TupperwareB,2024-08-29 3:24:42,2024-08-29 3:26:44,0:11:23,2024-08-29 3:36:05,2024-08-29 3:38:07,
BGM59,LGR3,TupperwareB,A2.0,2,,,TupperwareB,2024-08-29 3:30:36,2024-08-29 3:32:48,0:11:23,2024-08-29 3:41:59,2024-08-29 3:44:11,
BGM60,LGR3,CollarB0.9,B0.9,1,,,Collar,2024-08-29 3:35:02,2024-08-29 3:37:15,0:11:23,2024-08-29 3:46:25,2024-08-29 3:48:38,
BGM61,LGR3,CollarC1.0,C1.0,1,,,Collar,2024-08-29 3:37:42,2024-08-29 3:39:49,0:11:23,2024-08-29 3:49:05,2024-08-29 3:51:12,
BGM62,LGR3,CollarB0.25,B0.25,0.25,,,Collar,2024-08-29 3:40:53,2024-08-29 3:43:21,0:11:23,2024-08-29 3:52:16,2024-08-29 3:54:44,
BGM63,LGR3,CollarC0.35,C0.35,0.25,,,Collar,2024-08-29 3:44:14,2024-08-29 3:46:29,0:11:23,2024-08-29 3:55:37,2024-08-29 3:57:52,
BGM64,LGR3,TupperwareB,B2.0,2,,,TupperwareB,2024-08-29 3:48:26,2024-08-29 3:50:34,0:11:23,2024-08-29 3:59:49,2024-08-29 4:01:57,
BGM65,LGR3,TupperwareB,C2.0,2,,,TupperwareB,2024-08-29 3:52:05,2024-08-29 3:55:06,0:11:23,2024-08-29 4:03:28,2024-08-29 4:06:29,
BGM66,LGR3,CollarA0.32,A0.32,0.25,,,Collar,2024-08-29 5:02:59,2024-08-29 5:05:00,0:11:23,2024-08-29 5:14:22,2024-08-29 5:16:23,
BGM67,LGR3,TupperwareB,A3.0,3,,,TupperwareB,2024-08-29 5:06:40,2024-08-29 5:08:41,0:11:23,2024-08-29 5:18:03,2024-08-29 5:20:04,
BGM68,LGR3,CollarA1.0,A1.0,1,,,Collar,2024-08-29 5:09:26,2024-08-29 5:11:27,0:11:23,2024-08-29 5:20:49,2024-08-29 5:22:50,
BGM69,LGR3,TupperwareB,A2.0,2,,,TupperwareB,2024-08-29 5:12:25,2024-08-29 5:14:27,0:11:23,2024-08-29 5:23:48,2024-08-29 5:25:50,
BGM70,LGR3,TupperwareB,A2.0,2,,,TupperwareB,2024-08-29 6:06:48,2024-08-29 6:08:50,0:11:23,2024-08-29 6:18:11,2024-08-29 6:20:13,
BGM71,LGR3,CollarA0.32,A0.32,0.25,,,Collar,2024-08-29 6:09:34,2024-08-29 6:11:36,0:11:23,2024-08-29 6:20:57,2024-08-29 6:22:59,
BGM72,LGR3,TupperwareB,B2.0,2,,,TupperwareB,2024-08-29 6:14:59,2024-08-29 6:17:00,0:11:23,2024-08-29 6:26:22,2024-08-29 6:28:23,
BGM73,LGR3,CollarB0.25,B0.25,0.25,,,Collar,2024-08-29 6:18:24,2024-08-29 6:20:25,0:11:23,2024-08-29 6:29:47,2024-08-29 6:31:48,
BGM74,LGR3,TupperwareB,A3.0,3,,,TupperwareB,2024-08-29 6:21:22,2024-08-29 6:23:24,0:11:23,2024-08-29 6:32:45,2024-08-29 6:34:47,
BGM75,LGR3,CollarC0.35,C0.35,0.25,,,Collar,2024-08-29 6:24:13,2024-08-29 6:26:14,0:11:23,2024-08-29 6:35:36,2024-08-29 6:37:37,
BGM76,LGR3,CollarA1.0,A1.0,1,,,Collar,2024-08-29 6:26:49,2024-08-29 6:28:50,0:11:23,2024-08-29 6:38:12,2024-08-29 6:40:13,
BGM77,LGR3,CollarB0.9,B0.9,1,,,Collar,2024-08-29 6:29:25,2024-08-29 6:31:26,0:11:23,2024-08-29 6:40:48,2024-08-29 6:42:49,
BGM78,LGR3,CollarC1.0,C1.0,1,,,Collar,2024-08-29 6:31:58,2024-08-29 6:33:59,0:11:23,2024-08-29 6:43:21,2024-08-29 6:45:22,
BGM79,LGR3,TupperwareB,A3.0,3,,,TupperwareB,2024-08-29 7:03:48,2024-08-29 7:05:49,0:11:23,2024-08-29 7:15:11,2024-08-29 7:17:12,
BGM80,LGR3,CollarA0.32,A0.32,0.25,,,Collar,2024-08-29 7:06:36,2024-08-29 7:08:38,0:11:23,2024-08-29 7:17:59,2024-08-29 7:20:01,
BGM81,LGR3,TupperwareB,A2.0,2,,,TupperwareB,2024-08-29 7:10:19,2024-08-29 7:12:21,0:11:23,2024-08-29 7:21:42,2024-08-29 7:23:44,
BGM82,LGR3,CollarA1.0,A1.0,1,,,Collar,2024-08-29 7:13:46,2024-08-29 7:15:49,0:11:23,2024-08-29 7:25:09,2024-08-29 7:27:12,
BGM83,LGR3,CollarA0.32,A0.32,0.25,,,Collar,2024-08-29 8:52:44,2024-08-29 8:54:46,0:11:23,2024-08-29 9:04:07,2024-08-29 9:06:09,
BGM84,LGR3,CollarB0.25,B0.25,0.25,,,Collar,2024-08-29 8:55:32,2024-08-29 8:57:48,0:11:23,2024-08-29 9:06:55,2024-08-29 9:09:11,
BGM85,LGR3,CollarC0.35,C0.35,0.25,,,Collar,2024-08-29 8:58:14,2024-08-29 9:00:16,0:11:23,2024-08-29 9:09:37,2024-08-29 9:11:39,
BGM86,LGR3,CollarA1.0,A1.0,1,,,Collar,2024-08-29 9:00:41,2024-08-29 9:04:07,0:11:23,2024-08-29 9:12:04,2024-08-29 9:15:30,
BGM87,LGR3,CollarB0.9,B0.9,1,,,Collar,2024-08-29 9:04:41,2024-08-29 9:06:42,0:11:23,2024-08-29 9:16:04,2024-08-29 9:18:05,
BGM88,LGR3,CollarC1.0,C1.0,1,,,Collar,2024-08-29 9:07:15,2024-08-29 9:09:17,0:11:23,2024-08-29 9:18:38,2024-08-29 9:20:40,
BGM89,LGR3,TupperwareB,A2.0,2,,,TupperwareB,2024-08-29 9:11:25,2024-08-29 9:13:26,0:11:23,2024-08-29 9:22:48,2024-08-29 9:24:49,
BGM90,LGR3,TupperwareB,B2.0,2,,,TupperwareB,2024-08-29 9:14:06,2024-08-29 9:16:10,0:11:23,2024-08-29 9:25:29,2024-08-29 9:27:33,
BGM91,LGR3,TupperwareB,C2.0,2,,,TupperwareB,2024-08-29 9:16:31,2024-08-29 9:18:52,0:11:23,2024-08-29 9:27:54,2024-08-29 9:30:15,
BGM92,LGR3,TupperwareB,A3.0,3,,,TupperwareB,2024-08-29 9:20:03,2024-08-29 9:22:05,0:11:23,2024-08-29 9:31:26,2024-08-29 9:33:28,
BGM93,LGR3,TupperwareB,B3.0,3,,,TupperwareB,2024-08-29 9:27:13,2024-08-29 9:29:24,0:11:23,2024-08-29 9:38:36,2024-08-29 9:40:47,
BGM94,LGR3,TupperwareB,C3.0,3,,,TupperwareB,2024-08-29 9:30:40,2024-08-29 9:32:40,0:11:23,2024-08-29 9:42:03,2024-08-29 9:44:03,
BGM95,LGR3,TupperwareB,A3.6,3.6,,,TupperwareB,2024-08-29 9:35:05,2024-08-29 9:37:07,0:11:23,2024-08-29 9:46:28,2024-08-29 9:48:30,
BGM96,LGR3,CollarA0.32,A0.32,0.25,,,Collar,2024-08-29 11:53:46,2024-08-29 11:56:21,0:11:23,2024-08-29 12:05:09,2024-08-29 12:07:44,
BGM97,LGR3,CollarB0.25,B0.25,0.25,,,Collar,2024-08-29 11:49:41,2024-08-29 11:51:44,0:11:23,2024-08-29 12:01:04,2024-08-29 12:03:07,
BGM98,LGR3,CollarC0.35,C0.35,0.25,,,Collar,2024-08-29 11:46:54,2024-08-29 11:48:59,0:11:23,2024-08-29 11:58:17,2024-08-29 12:00:22,
BGM99,LGR3,CollarA1.0,A1.0,1,,,Collar,2024-08-29 11:29:44,2024-08-29 11:32:42,0:11:23,2024-08-29 11:41:07,2024-08-29 11:44:05,
BGM100,LGR3,CollarB0.9,B0.9,1,,,Collar,2024-08-29 11:36:24,2024-08-29 11:38:25,0:11:23,2024-08-29 11:47:47,2024-08-29 11:49:48,
BGM101,LGR3,CollarC1.0,C1.0,1,,,Collar,2024-08-29 11:43:14,2024-08-29 11:45:15,0:11:23,2024-08-29 11:54:37,2024-08-29 11:56:38,
BGM102,LGR3,TupperwareB,A2.0,2,,,TupperwareB,2024-08-29 12:00:33,2024-08-29 12:02:30,0:11:23,2024-08-29 12:11:56,2024-08-29 12:13:53,
BGM103,LGR3,TupperwareB,B2.0,1,,,TupperwareB,2024-08-29 12:03:37,2024-08-29 12:05:38,0:11:23,2024-08-29 12:15:00,2024-08-29 12:17:01,
BGM104,LGR3,TupperwareB,C2.0,1,,,TupperwareB,2024-08-29 12:08:45,2024-08-29 12:10:57,0:11:23,2024-08-29 12:20:08,2024-08-29 12:22:20,
BGM105,LGR3,TupperwareB,A3.0,3,,,TupperwareB,2024-08-29 12:11:49,2024-08-29 12:13:52,0:11:23,2024-08-29 12:23:12,2024-08-29 12:25:15,