"path","md5"
"scaling/00_load_field.R","4bc7c407738241f3c32bb838e2c37029"
"scaling/analysis_helpers.R","c49d00e4d4e9973e6b200beb6f4cf2d7"
"data processing/goFlux_reprocessing/RData/flux_results_LGR1.RData","3800dee8d822a02f0338209639810aa6"
"data processing/goFlux_reprocessing/RData/manID_LGR1.RData","1532aa898ee353d86fcea7e84c923928"
"data processing/goFlux_reprocessing/RData/flux_results_LGR2.RData","6015d0b6f7623a8d493f764f8c5c9556"
"data processing/goFlux_reprocessing/RData/manID_LGR2.RData","9fa3b37e8a00c7525480a93e06a3c75e"
"data processing/goFlux_reprocessing/RData/flux_results_LGR3.RData","0afdedcb782505b8f4028a20b932ec5f"
"data processing/goFlux_reprocessing/RData/manID_LGR3.RData","6e19a1607a2a3017dd2120d4dc58df80"
"data processing/goFlux_reprocessing/ymf_black_oak/RData/flux_results_YMF.RData","645d9fe8b81592ccbfd3ce0969665c07"
"data processing/goFlux_reprocessing/ymf_black_oak/RData/manID_YMF.RData","89edf31ffcadc4c149cebbc49363ae87"
"data processing/goFlux_reprocessing/diurnal_blackgum/results/blackgum_goflux.RData","cefc628ee1a793839c5251a234966040"
"data processing/goFlux_reprocessing/diurnal_blackgum/results/blackgum_flux_compiled_with_mdf.csv","911d843846d8c027e9e84bc9082da02c"
"data processing/goFlux_reprocessing/results/canopy_flux_goFlux_compiled_with_mdf.csv","2dce38fbe9685ea70956dbeb694d45a7"
"data processing/goFlux_reprocessing/ymf_black_oak/results/ymf_black_oak_flux_compiled_with_mdf.csv","07cb002ba54884424d3c02013392810b"
"scaling/out/stand_rates_HF.csv","8ad574ba91c72782dc4bfcbfb519032c"
"scaling/out/form_test_coverage.csv","42990c5a9097003a908cb95fda058215"
