"uid","tree","comp","height_m","model","flux","MDF","above_mdf","selected_se","selected_lo","selected_hi","selected_p","selected_sig","linear_flux","linear_lo","linear_hi","linear_p","hac_lo","hac_hi","hac_sig","hac2_sig","residual_ac1","HM_near_upper","HM_near_zero"
"2 10.5 leaf 1","Swamp Rd bg 2","leaf",11.7,"HM",-0.00392700537071811,0.0320141901882866,FALSE,0.0141558137555216,-0.0318085050152197,0.0239544942737835,0.781695116265785,FALSE,-0.00370933885356478,-0.010440443363183,0.0030217656560534,0.278806173790103,-0.0103409954979107,0.00292231779078112,FALSE,FALSE,0.0112957635989457,TRUE,FALSE
"2 11.7 leaf 1","Swamp Rd bg 2","leaf",10.5,"HM",-0.00134310481173425,0.0370558590061263,FALSE,0.0182716421983545,-0.037360476760316,0.0346742671368475,0.94147149406763,FALSE,-0.00134262361139957,-0.0106385552455506,0.00795330802275151,0.776152289421202,-0.0125856457926263,0.00990039856982719,FALSE,FALSE,0.0830767186262505,FALSE,FALSE
"4 9.1 stem 2","Swamp Rd hem 4","stem_up",9.1,"HM",-0.00490232022127269,0.0461210487664655,FALSE,0.0248784771928854,-0.0539178362527882,0.0441131958102428,0.843959678410626,FALSE,-0.00490547912961044,-0.0183609063859066,0.0085499481266857,0.473311116281729,-0.0196867654203482,0.00987580716112729,FALSE,FALSE,0.0851240866810457,FALSE,FALSE
"2 11.7 leaf 2","Swamp Rd bg 2","leaf",10.5,"HM",-0.00277463275649197,0.0383679742657434,FALSE,0.0206448314266356,-0.0434768813969335,0.0379276158839495,0.893218746967354,FALSE,-0.00276136660508839,-0.0129019082998667,0.0073791750896899,0.591943829970496,-0.0131009351421137,0.00757820193193693,FALSE,FALSE,-0.015276469172191,FALSE,FALSE
"2 11.7 leaf_s 1","Swamp Rd bg 2","leaf",10.5,"HM",-0.0137681229128568,0.0441210808802915,FALSE,0.0243694411678126,-0.061860172084293,0.0343239262585794,0.57280619167673,FALSE,-0.0136621252280381,-0.0256794258038722,-0.00164482465220397,0.0260987151539967,-0.0257472689495181,-0.00157698150655808,TRUE,TRUE,-0.0471044260926198,FALSE,FALSE
"4 14.2 leaf 1","Swamp Rd hem 4","leaf",14.2,"HM",-0.0169307870432022,0.0370339782503222,FALSE,0.0246181026945983,-0.0653674834003997,0.0315059093139953,0.492124323728682,FALSE,-0.0135503983082108,-0.0241804925161335,-0.00292030410028808,0.0126421667986303,-0.025736221125447,-0.00136457549097455,TRUE,FALSE,0.127251680777443,TRUE,FALSE
"2 10.5 branch 3","Swamp Rd bg 2","branch",10.5,"HM",-0.00032001151134882,0.00525699105539283,FALSE,0.0058888704258958,-0.0122631942946593,0.0116231712719616,0.956963347570032,FALSE,-0.000300987322737255,-0.00326157983466499,0.00265960518919048,0.837926468117408,-0.00396129151456719,0.00335931686909268,FALSE,FALSE,0.203848472341073,TRUE,FALSE
"2 10.5 branch 4","Swamp Rd bg 2","branch",10.5,"HM",-0.0157549011302969,0.00972043115792304,TRUE,0.0218924102854672,-0.0617491484130346,0.0302393461524408,0.480980167846184,FALSE,-0.0157659884083683,-0.0276720976885116,-0.003859879128225,0.0121525740058649,-0.0311659183077335,-0.000366058509003158,TRUE,FALSE,0.483910295855325,FALSE,FALSE
"5 13 stem 2","Swamp Rd rm 5","stem_up",13,"HM",-0.00364973971229821,0.00932167232873717,FALSE,0.0242573096036765,-0.0550729388859826,0.0477734594613861,0.882282674334281,FALSE,-0.00363705958723098,-0.0164910052763128,0.00921688610185082,0.558389690582444,-0.0124300272304796,0.00515590805601759,FALSE,FALSE,0.0987676198689896,FALSE,FALSE
"4 1.25 stem 2","Swamp Rd hem 4","stem_lo",1.25,"HM",-0.0271733576652945,0.0106386635486686,TRUE,0.0171628605894804,-0.0635569967787297,0.00921028144814067,0.132924878356553,FALSE,-0.0145745598685329,-0.0208277167159028,-0.00832140302116298,0.000130281885934885,-0.0191787719055779,-0.0099703478314879,TRUE,TRUE,0.128024668024199,TRUE,FALSE
"4 12 stem 2","Swamp Rd hem 4","stem_up",12,"HM",-0.0453858300106139,0.00382577158358892,TRUE,0.00564603132431212,-0.056836512268799,-0.0339351477524288,1.49985930386568e-09,TRUE,-0.0427055742082037,-0.0454770596992792,-0.0399340887171282,3.46925069823812e-28,-0.045459832658895,-0.0399513157575124,TRUE,TRUE,0.178273453312951,FALSE,FALSE
"4 12 stem 1","Swamp Rd hem 4","stem_up",12,"HM",-0.0273347861830706,0.00366102844175875,TRUE,0.00535211129624496,-0.0381695690557962,-0.016500003310345,9.49138405401011e-06,TRUE,-0.0219431235224182,-0.0243052907483867,-0.0195809562964496,3.80927799021314e-21,-0.0242646770759007,-0.0196215699689356,TRUE,TRUE,0.170098729242298,FALSE,FALSE
"300607 0.5 stem 2","EMS ro 300607","stem_lo",0.5,"HM",-0.015880105365419,0.0128724299072998,TRUE,0.00557580236645972,-0.0268463983226563,-0.00491381240818168,0.00465881182046573,TRUE,-0.0158835038564347,-0.0186171746314258,-0.0131498330814436,6.32789999181244e-26,-0.0206318036214828,-0.0111352040913865,TRUE,TRUE,0.227235858821895,FALSE,FALSE
"321071 16 leaf 1","EMS rm 321071","leaf",16,"HM",-0.0119514320391552,0.0139696728848489,FALSE,0.00695010845755811,-0.0256451380136504,0.00174227393534002,0.0868439414932617,FALSE,-0.0119556012582272,-0.0154256406010466,-0.00848556191540785,9.39865707376718e-11,-0.0174330307012986,-0.0064781718151559,TRUE,TRUE,0.165210075417432,FALSE,FALSE
"YMF_0.5m","YMF black oak","stem_lo",0.5,"HM",-0.00437387748466349,0.0210851045068941,FALSE,0.0338390513753052,-0.0725292255361787,0.0637814705668518,0.897731631107949,FALSE,-0.00389395255460912,-0.0199569451498584,0.0121690400406401,0.627895065283225,-0.0148876153290441,0.0070997102198259,FALSE,FALSE,0.0312740619457725,TRUE,FALSE
