"comp","rate","scenario","area","integrated"
"branch",0.212151135043728,"selected_all",1.55,0.328834259317779
"leaf",0.00742172985394403,"selected_all",4.5,0.0333977843427481
"stem_lo",0.727145136871328,"selected_all",0.0914933837429111,0.0665289690445601
"stem_up",0.30919929710533,"selected_all",0.458506616257089,0.141769923464835
"branch",0.208568502928595,"selected_mdf_zero",1.55,0.323281179539322
"leaf",0.00609563221722396,"selected_mdf_zero",4.5,0.0274303449775078
"stem_lo",0.727057306560243,"selected_mdf_zero",0.0914933837429111,0.0665209331522037
"stem_up",0.308048695893642,"selected_mdf_zero",0.458506616257089,0.141242365196603
"branch",0.206355072678018,"selected_interval_zero",1.55,0.319850362650928
"leaf",0.0037184057272879,"selected_interval_zero",4.5,0.0167328257727956
"stem_lo",0.725701499335214,"selected_interval_zero",0.0914933837429111,0.0663968857614827
"stem_up",0.308048695893642,"selected_interval_zero",0.458506616257089,0.141242365196603
"branch",0.137819028226084,"linear_all",1.55,0.21361949375043
"leaf",0.00532896597349268,"linear_all",4.5,0.0239803468807171
"stem_lo",0.625921074025509,"linear_all",0.0914933837429111,0.057267637018591
"stem_up",0.266988907989257,"linear_all",0.458506616257089,0.122416180780329
"branch",0.135176322591964,"linear_iid_zero",1.55,0.209523300017544
"leaf",0.00409539331464318,"linear_iid_zero",4.5,0.0184292699158943
"stem_lo",0.625833241229393,"linear_iid_zero",0.0914933837429111,0.0572596008988707
"stem_up",0.266900485595223,"linear_iid_zero",0.458506616257089,0.122375638527639
"branch",0.135176322591964,"linear_hac_zero",1.55,0.209523300017544
"leaf",0.00409539331464318,"linear_hac_zero",4.5,0.0184292699158943
"stem_lo",0.625833241229393,"linear_hac_zero",0.0914933837429111,0.0572596008988707
"stem_up",0.266900485595223,"linear_hac_zero",0.458506616257089,0.122375638527639
"branch",0.135614266714419,"linear_hac_double_zero",1.55,0.210202113407349
"leaf",0.00484819322065489,"linear_hac_double_zero",4.5,0.021816869492947
"stem_lo",0.625833241229393,"linear_hac_double_zero",0.0914933837429111,0.0572596008988707
"stem_up",0.266900485595223,"linear_hac_double_zero",0.458506616257089,0.122375638527639
