"comp","tree","rate","scenario"
"stem_lo","EMS hem 321902",0.20274991275154,"selected_all"
"stem_lo","EMS rm 321071",2.4228529967207,"selected_all"
"stem_lo","EMS ro 300607",0.795330362350175,"selected_all"
"stem_lo","Swamp Rd bg 2",0.362292666452868,"selected_all"
"stem_lo","Swamp Rd hem 4",0.0621866929409196,"selected_all"
"stem_lo","Swamp Rd rm 5",0.517458190011763,"selected_all"
"stem_lo","YMF black oak",0.0230565153418387,"selected_all"
"stem_up","EMS hem 321902",0.0435366167802703,"selected_all"
"stem_up","EMS rm 321071",0.255059641236761,"selected_all"
"stem_up","EMS ro 300607",0.113218404558956,"selected_all"
"stem_up","Swamp Rd bg 2",1.10533187160168,"selected_all"
"stem_up","Swamp Rd hem 4",0.0211350584544399,"selected_all"
"stem_up","Swamp Rd rm 5",0.31691418999988,"selected_all"
"stem_up","YMF black oak",0.129324345140761,"selected_all"
"stem_lo","EMS hem 321902",0.20274991275154,"selected_mdf_zero"
"stem_lo","EMS rm 321071",2.4228529967207,"selected_mdf_zero"
"stem_lo","EMS ro 300607",0.795330362350175,"selected_mdf_zero"
"stem_lo","Swamp Rd bg 2",0.362292666452868,"selected_mdf_zero"
"stem_lo","Swamp Rd hem 4",0.0616597110744076,"selected_mdf_zero"
"stem_lo","Swamp Rd rm 5",0.517458190011763,"selected_mdf_zero"
"stem_lo","YMF black oak",0.0249700867413789,"selected_mdf_zero"
"stem_up","EMS hem 321902",0.041863953577261,"selected_mdf_zero"
"stem_up","EMS rm 321071",0.255059641236761,"selected_mdf_zero"
"stem_up","EMS ro 300607",0.110891353339989,"selected_mdf_zero"
"stem_up","Swamp Rd bg 2",1.10533187160168,"selected_mdf_zero"
"stem_up","Swamp Rd hem 4",0.0181513673205657,"selected_mdf_zero"
"stem_up","Swamp Rd rm 5",0.316993988285599,"selected_mdf_zero"
"stem_up","YMF black oak",0.129324345140761,"selected_mdf_zero"
"stem_lo","EMS hem 321902",0.187279560594201,"selected_interval_zero"
"stem_lo","EMS rm 321071",2.4228529967207,"selected_interval_zero"
"stem_lo","EMS ro 300607",0.795330362350175,"selected_interval_zero"
"stem_lo","Swamp Rd bg 2",0.362292666452868,"selected_interval_zero"
"stem_lo","Swamp Rd hem 4",0.0689952198815728,"selected_interval_zero"
"stem_lo","Swamp Rd rm 5",0.517458190011763,"selected_interval_zero"
"stem_lo","YMF black oak",0.0249700867413789,"selected_interval_zero"
"stem_up","EMS hem 321902",0.041863953577261,"selected_interval_zero"
"stem_up","EMS rm 321071",0.255059641236761,"selected_interval_zero"
"stem_up","EMS ro 300607",0.110891353339989,"selected_interval_zero"
"stem_up","Swamp Rd bg 2",1.10533187160168,"selected_interval_zero"
"stem_up","Swamp Rd hem 4",0.0181513673205657,"selected_interval_zero"
"stem_up","Swamp Rd rm 5",0.316993988285599,"selected_interval_zero"
"stem_up","YMF black oak",0.129324345140761,"selected_interval_zero"
"stem_lo","EMS hem 321902",0.137280620882739,"linear_all"
"stem_lo","EMS rm 321071",2.00892049057755,"linear_all"
"stem_lo","EMS ro 300607",0.746699573910696,"linear_all"
"stem_lo","Swamp Rd bg 2",0.353241575256222,"linear_all"
"stem_lo","Swamp Rd hem 4",0.0598474540363296,"linear_all"
"stem_lo","Swamp Rd rm 5",0.449536729489523,"linear_all"
"stem_lo","YMF black oak",0.0193376867782415,"linear_all"
"stem_up","EMS hem 321902",0.0381616590174944,"linear_all"
"stem_up","EMS rm 321071",0.226886278687333,"linear_all"
"stem_up","EMS ro 300607",0.0909433864247039,"linear_all"
"stem_up","Swamp Rd bg 2",0.970184692194058,"linear_all"
"stem_up","Swamp Rd hem 4",0.0136834472709153,"linear_all"
"stem_up","Swamp Rd rm 5",0.262073984341036,"linear_all"
"stem_up","YMF black oak",0.12236048713064,"linear_all"
"stem_lo","EMS hem 321902",0.137280620882739,"linear_iid_zero"
"stem_lo","EMS rm 321071",2.00892049057755,"linear_iid_zero"
"stem_lo","EMS ro 300607",0.746699573910696,"linear_iid_zero"
"stem_lo","Swamp Rd bg 2",0.353241575256222,"linear_iid_zero"
"stem_lo","Swamp Rd hem 4",0.0593204572596298,"linear_iid_zero"
"stem_lo","Swamp Rd rm 5",0.449536729489523,"linear_iid_zero"
"stem_lo","YMF black oak",0.021041291020883,"linear_iid_zero"
"stem_up","EMS hem 321902",0.0381616590174944,"linear_iid_zero"
"stem_up","EMS rm 321071",0.226886278687333,"linear_iid_zero"
"stem_up","EMS ro 300607",0.0909433864247039,"linear_iid_zero"
"stem_up","Swamp Rd bg 2",0.970184692194058,"linear_iid_zero"
"stem_up","Swamp Rd hem 4",0.013073391860555,"linear_iid_zero"
"stem_up","Swamp Rd rm 5",0.262153505387192,"linear_iid_zero"
"stem_up","YMF black oak",0.12236048713064,"linear_iid_zero"
"stem_lo","EMS hem 321902",0.137280620882739,"linear_hac_zero"
"stem_lo","EMS rm 321071",2.00892049057755,"linear_hac_zero"
"stem_lo","EMS ro 300607",0.746699573910696,"linear_hac_zero"
"stem_lo","Swamp Rd bg 2",0.353241575256222,"linear_hac_zero"
"stem_lo","Swamp Rd hem 4",0.0593204572596298,"linear_hac_zero"
"stem_lo","Swamp Rd rm 5",0.449536729489523,"linear_hac_zero"
"stem_lo","YMF black oak",0.021041291020883,"linear_hac_zero"
"stem_up","EMS hem 321902",0.0381616590174944,"linear_hac_zero"
"stem_up","EMS rm 321071",0.226886278687333,"linear_hac_zero"
"stem_up","EMS ro 300607",0.0909433864247039,"linear_hac_zero"
"stem_up","Swamp Rd bg 2",0.970184692194058,"linear_hac_zero"
"stem_up","Swamp Rd hem 4",0.013073391860555,"linear_hac_zero"
"stem_up","Swamp Rd rm 5",0.262153505387192,"linear_hac_zero"
"stem_up","YMF black oak",0.12236048713064,"linear_hac_zero"
"stem_lo","EMS hem 321902",0.137280620882739,"linear_hac_double_zero"
"stem_lo","EMS rm 321071",2.00892049057755,"linear_hac_double_zero"
"stem_lo","EMS ro 300607",0.746699573910696,"linear_hac_double_zero"
"stem_lo","Swamp Rd bg 2",0.353241575256222,"linear_hac_double_zero"
"stem_lo","Swamp Rd hem 4",0.0593204572596298,"linear_hac_double_zero"
"stem_lo","Swamp Rd rm 5",0.449536729489523,"linear_hac_double_zero"
"stem_lo","YMF black oak",0.021041291020883,"linear_hac_double_zero"
"stem_up","EMS hem 321902",0.0381616590174944,"linear_hac_double_zero"
"stem_up","EMS rm 321071",0.226886278687333,"linear_hac_double_zero"
"stem_up","EMS ro 300607",0.0909433864247039,"linear_hac_double_zero"
"stem_up","Swamp Rd bg 2",0.970184692194058,"linear_hac_double_zero"
"stem_up","Swamp Rd hem 4",0.013073391860555,"linear_hac_double_zero"
"stem_up","Swamp Rd rm 5",0.262153505387192,"linear_hac_double_zero"
"stem_up","YMF black oak",0.12236048713064,"linear_hac_double_zero"
