"UniqueID","LM.flux","LM.C0","LM.Ct","LM.slope","LM.MAE","LM.RMSE","LM.AICc","LM.SE","LM.se.rel","LM.r2","LM.p.val","HM.flux","HM.C0","HM.Ci","HM.slope","HM.MAE","HM.RMSE","HM.AICc","HM.SE","HM.se.rel","HM.r2","HM.k","C0","Ct","MDF","prec","flux.term","nb.obs","k.max","k.mult","g.fact","HM.diagnose","LM.diagnose","best.flux","model","quality.check","HM.score","LM.score","MAE.lim","g.limit","g.reverse","MDF.lim","height_m","selected_se","selected_df","selected_lo","selected_hi","selected_sig"
"BGM1",130.899114597063,4923.94493636291,10301.7470234262,46.763496409246,65.4589689769102,81.6318461219547,1368.36335907356,0.637107632081401,0.486716532837185,0.997259507314521,2.13878112731943e-149,157.442166458229,4750.06473918889,21943.6598072088,56.2459586414841,22.4069355500341,28.3934756448905,1123.39005640998,1.016583925828,0.645687206100347,0.999668451913147,0.00327133205236999,4782.3,10075.8,0.176911751195131,7.33136660090512,2.79917295857249,117,6.37855108807036,1,1.20277487699494,"Noise (HM.MAE)","Noise (LM.MAE)",157.442166458229,"HM","",0,2,7.33136660090512,2,0.5,0.18,0.25,1.016583925828,114,155.428321530918,159.456011385541,TRUE
"BGM10",3.17576696675203,2383.68963860334,3015.8609295289,1.9511459596468,25.0914774739458,29.3113912873435,3133.66295429754,0.0282937229591067,0.890925664739302,0.974849969468952,2.10009497887204e-261,5.65753110506992,2311.10913921549,3226.5404058904,3.47590647323942,2.32763304917728,2.93636919781227,1635.58988536735,0.0174417324491514,0.308292294381222,0.99974760138354,0.00379701524273345,2315.21,2955.32,0.0367164296956082,7.33136660090512,1.62764192553124,326,0.266136733553321,1,1.7814692212307,"","Noise (LM.MAE)",5.65753110506992,"HM","",0,2,7.33136660090512,2,0.5,0.037,3,0.0174417324491514,323,5.62321736376918,5.69184484637067,TRUE
"BGM100",49.3203090503172,3467.39234757001,5667.34387426302,18.1814175759753,16.663923774704,20.7352064281027,1101.09148994083,0.145609997774847,0.295233344191525,0.998937735244382,5.37901976734841e-182,55.2989871294411,3424.12725591058,14086.5368278911,20.3853948989475,6.30179526848661,7.65111433531435,857.971282505622,0.2331243469555,0.421570735843342,0.999855367654328,0.00191189381361956,3424.05,5616.28,0.181213861905765,8.14991724081263,2.7126767670464,123,2.23087143571563,1,1.12122142367406,"","Noise (LM.MAE)",55.2989871294411,"HM","",0,2,8.14991724081263,2,0.5,0.18,1,0.2331243469555,120,54.837417146739,55.7605571121433,TRUE
"BGM101",49.1676325848841,2997.55836733915,4982.88668067043,16.4076720110023,21.4331596367219,27.9520118563311,1174.56089752017,0.215096978211547,0.43747678483441,0.99767048689741,2.30903952912828e-161,57.7643290380844,2942.89603637941,10024.4000051346,19.2764653282063,10.8680889137185,13.3326024576438,994.5900998928,0.459800306247422,0.795993503091281,0.999470008537836,0.00272208635527952,2906.04,4943.31,0.200182311467498,8.14991724081263,2.99662453953945,123,2.01323173305822,1,1.17484462849332,"Noise (HM.MAE)","Noise (LM.MAE)",57.7643290380844,"HM","",0,2,8.14991724081263,2,0.5,0.2,1,0.459800306247422,120,56.8539564314789,58.6747016446899,TRUE
"BGM102",24.8656817143966,3083.59741241025,4788.16908748,14.5689886758098,6.5323446510111,8.09772680978405,841.712911357599,0.0376072887938018,0.151241736405032,0.999730158231659,7.42400865384731e-211,25.2543697449212,3079.16829491842,57904.3790407884,14.7967238965924,6.49037652251057,8.37641078291893,851.908092717233,0.156727798770254,0.620596753564887,0.999711438533058,0.000269889047306709,3076.4,4786.09,0.117880550662557,8.14991724081263,1.70675413837635,119,1.7876241249239,1,1.01563150509964,"","",25.2543697449212,"HM","AICc",1,1,8.14991724081263,2,0.5,0.12,2,0.156727798770254,116,24.9439505913687,25.5647888984737,TRUE
"BGM103",24.7970341820304,2926.60961615354,4684.25910594004,14.5260288412108,5.52925216833674,7.0006528361821,833.977397967142,0.0309328087238087,0.124743985497365,0.999810190799298,3.03130545181194e-227,25.5172482945412,2918.21288999147,34384.434402923,14.9479281253502,4.68100503626704,5.86196220137307,792.44502319018,0.105318585620244,0.412734885848855,0.999866915889898,0.000475046809138081,2922.19,4664.17,0.114037111040582,8.14991724081263,1.70707592922303,123,1.78235292604792,1,1.02904436503268,"","",25.5172482945412,"HM","",0,2,8.14991724081263,2,0.5,0.11,1,0.105318585620244,120,25.3087248246514,25.725771764431,TRUE
"BGM104",20.3549737313846,2952.39652003142,4526.38227696106,11.9241345221942,29.6624733797644,34.8392579270024,1328.12182705664,0.13534063325284,0.664902028560043,0.99419795256558,1.38663309195833e-148,26.8489644758745,2874.03916851766,6513.84346576696,15.7283752077907,7.64345905021785,9.20023496430994,976.06507003763,0.175281442665534,0.65284246929909,0.999595385613182,0.00432121452784621,2872.07,4469.49,0.104603264185352,8.14991724081263,1.70703992759375,133,1.46309884749275,1,1.31903704864414,"","Noise (LM.MAE)",26.8489644758745,"HM","",0,2,8.14991724081263,2,0.5,0.1,1,0.175281442665534,130,26.5021911042665,27.1957378474825,TRUE
"BGM105",8.30414200046667,2193.64383354839,2791.46229548387,4.86031269866247,2.39063136316338,3.07666516757047,636.810631839476,0.0132957814877308,0.160110237601712,0.999684784442304,1.13957047652106e-215,8.41047985971296,2192.35906972272,25173.2465299978,4.92255094646872,2.5655282009442,3.34031652141748,659.337151897253,0.0581149524579659,0.690982600604543,0.999629001481653,0.000214201951729579,2195.29,2791.11,0.112295426532722,8.14991724081263,1.70856126247843,124,0.596363442112431,1,1.01280539991252,"","",8.41047985971296,"HM","AICc",1,1,8.14991724081263,2,0.5,0.11,3,0.0581149524579659,121,8.29542598277695,8.52553373664896,TRUE
"BGM11",5.35730373653844,2189.25496073343,2585.27732111057,3.30018633647621,7.29859927908719,8.51084468471403,874.911643648548,0.0358545304537576,0.669264469908972,0.994609206652158,3.51158466534242e-138,6.86132320204858,2171.69655279925,3176.75608808346,4.22668681768245,3.19677448333525,3.94221914472771,689.268369510883,0.0798034158474264,1.1630907552001,0.998843384843836,0.00420540940043638,2165.84,2577.66,0.0983574757002879,7.33136660090512,1.62333371219842,122,0.450146134564977,1,1.28074186931987,"","",6.86132320204858,"HM","",0,2,7.33136660090512,2,0.5,0.098,3,0.0798034158474264,119,6.70330446818826,7.01934193590891,TRUE
"BGM12",14.7617421975843,2734.35937549033,3890.11944962832,9.1004730247086,16.4724134814573,18.9883270384968,1131.78484295137,0.0736394505312476,0.498853384279387,0.996824694654191,9.9297879410288e-161,18.1193140263304,2692.55955494561,6093.47847401948,11.1703839774297,4.01883894837377,5.04156680228106,791.779684280041,0.091260292401791,0.503663065109277,0.99977615719432,0.00328451934410469,2690.17,3849.41,0.0929070385138774,7.33136660090512,1.62208515507984,129,1.24130650124427,1,1.22745091899082,"","Noise (LM.MAE)",18.1193140263304,"HM","",0,2,7.33136660090512,2,0.5,0.093,2,0.091260292401791,126,17.9387125905382,18.2999154621226,TRUE
"BGM13",50.8513457566952,3377.397928226,6747.57534357754,24.5998351485514,28.2616443991447,32.7739259139181,1370.76073562359,0.14575464809564,0.286628890399523,0.998867520479676,6.57277728977933e-204,57.5539661677041,3305.61937436169,18502.827862406,27.8422932333982,5.92976553940106,7.42069625850672,959.951282600756,0.143922176564777,0.250064741229837,0.999941941911531,0.00183206628081084,3298.79,6677.62,0.109818650939997,7.33136660090512,2.06714172878063,139,3.35542286829776,1,1.13180812250434,"","Noise (LM.MAE)",57.5539661677041,"HM","",0,2,7.33136660090512,2,0.5,0.11,1,0.143922176564777,136,57.2693513164526,57.8385810189556,TRUE
"BGM14",146.711309136364,3698.80343736286,9523.69818018618,52.4765292146245,77.4014693700786,90.8732458460625,1346.03952498871,0.742427220904357,0.506046347261676,0.997140001058239,3.09768230520886e-143,178.761402624159,3496.42528671002,21157.6981038122,63.9403875711773,15.7295730006,19.8282880265694,1004.13724990003,0.752320303570117,0.420851645000711,0.99986383539552,0.00362037256506569,3457.73,9370.41,0.183006031436985,7.33136660090512,2.79575100205899,113,7.15781000613799,1,1.2184568706834,"Noise (HM.MAE)","Noise (LM.MAE)",178.761402624159,"HM","",0,2,7.33136660090512,2,0.5,0.18,0.25,0.752320303570117,110,177.2704803655,180.252324882818,TRUE
"BGM15",90.2425917787835,7093.39743396272,11772.5646686779,32.4942169077445,560.464519590625,785.024809167123,2366.887939605,4.3478070271681,4.81791019236915,0.747741307660663,3.98254898969773e-45,90.4857287285144,7091.03667697667,613573.807604302,32.5817647565719,561.569393600917,785.336507923247,2369.11853078417,17.3979363350291,19.2272710619687,0.747543601431433,5.3722490264239e-05,6887.9,12340,0.140417882341312,7.33136660090512,2.77718930833122,146,4.43221825842577,1,1.00269425938394,"Noise (HM.MAE)","Noise (LM.MAE)",90.2425917787835,"LM","MAE | AICc",2,0,7.33136660090512,2,0.5,0.14,0.25,4.3478070271681,144,81.6488248178407,98.8363587397264,TRUE
"BGM16",1.71407821159957,2379.06397037745,2474.3043812709,1.05822678770504,5.0011472814492,5.86746513189072,586.55760763002,0.0383515551486654,2.2374448779018,0.956866398836949,9.30339531257881e-63,3.14729093039316,2367.53728212832,2502.17407791732,1.94305461017156,2.69879345158234,3.28309956489857,483.071339038425,0.134488988008023,4.27316670058279,0.986495366869931,0.0144318245156152,2366.66,2462.57,0.130495467583535,7.33136660090512,1.61976452638934,91,0.144342364160919,1,1.8361419619564,"","",3.14729093039316,"HM","",0,2,7.33136660090512,2,0.5,0.13,3,0.134488988008023,88,2.88002232759342,3.4145595331929,TRUE
"BGM17",135.350899019154,7262.02845420302,13819.515991534,53.312906807569,633.111676316409,873.790449148119,2054.14312696067,5.55358817369181,4.10310401625473,0.827053421924538,6.47996507838142e-49,161.643103728278,7057.5772728265,28855.6278827609,63.6690541961776,616.906666214918,868.497108560077,2054.75903074485,25.1999810460186,15.5898893703376,0.829142463390782,0.00292086000420426,7016.72,14128.5,0.150103919919612,7.33136660090512,2.53880171095713,125,7.27189209184917,1,1.19425216160111,"Noise (HM.MAE)","Noise (LM.MAE)",161.643103728278,"HM","AICc",1,1,7.33136660090512,2,0.5,0.15,0.25,25.1999810460186,122,111.757224311715,211.528983144842,TRUE
"BGM18",30.5994355769067,2787.83454572264,5084.79025509604,18.9831050361438,6.02786252121598,7.27511967304091,843.437784495516,0.0300489913920112,0.0982011296139367,0.999882363498963,8.15111671943524e-240,31.022704113483,2782.49940121945,86013.455050938,19.245689980501,7.09507274846123,8.54044107502311,885.021775249796,0.142349283646578,0.458855176279459,0.999838206011962,0.00023123235616202,2797.83,5101.65,0.0968659787552619,7.33136660090512,1.6119299513249,123,2.58929965851117,1,1.0138325602612,"","",31.022704113483,"HM","AICc",1,1,7.33136660090512,2,0.5,0.097,2,0.142349283646578,120,30.7408624386495,31.3045457883166,TRUE
"BGM19",116.749552773387,5861.19928977605,11598.0196975349,47.0231180963838,453.090205765763,660.462195933376,1968.34584816011,4.16639239919846,3.56865812350091,0.864420661076861,5.44791745172942e-55,128.640222022871,5766.44624974608,38098.9360738942,51.8123128391579,437.742976186251,659.406238962149,1970.08515914602,17.9304004790799,13.9384091516042,0.864853847112429,0.00160248447060396,5465.77,12037,0.147987020749642,7.33136660090512,2.48281180618615,124,6.41396354270136,1,1.10184766422672,"Noise (HM.MAE)","Noise (LM.MAE)",128.640222022871,"HM","AICc",1,1,7.33136660090512,2,0.5,0.15,0.25,17.9304004790799,121,93.14226490718,164.138179138563,TRUE
"BGM2",139.210638216903,3886.79484170333,13406.9651988016,54.4009734691329,364.812106133758,596.021123567101,2770.6007115452,2.2727864293793,1.63262410006201,0.955178588702174,3.78477889755222e-120,154.912904940253,3712.31915802068,52746.6204186833,60.5371323601741,337.895442584053,591.471098145672,2769.98173726469,9.754938574115,6.29704709099433,0.955860309934129,0.00123458743785016,3417.28,13342.9,0.106595291661335,7.33136660090512,2.55897329292998,177,7.42030462129893,1,1.1127950200105,"Noise (HM.MAE)","Noise (LM.MAE)",154.912904940253,"HM","",0,2,7.33136660090512,2,0.5,0.11,0.25,9.754938574115,174,135.659666181176,174.16614369933,TRUE
"BGM20",52.5765707225489,3526.5712935052,6640.14008999745,25.5210557089529,28.0148419111168,32.5937095649173,1222.15834551713,0.171902968340116,0.326957361383006,0.998686828609715,7.23590209682359e-178,59.9833679122248,3455.75722181959,16745.497810656,29.1163697643362,6.4379310670997,8.05757037141995,877.712683632811,0.186050375579394,0.310169938859795,0.999919746858109,0.00219089075288605,3455.35,6580.84,0.122792953605686,7.33136660090512,2.0601252284444,124,3.48107755323572,1,1.14087638444056,"","Noise (LM.MAE)",59.9833679122248,"HM","",0,2,7.33136660090512,2,0.5,0.12,1,0.186050375579394,121,59.6150321206522,60.3517037037974,TRUE
"BGM21",7.24453289920006,2380.94165452465,2928.86364508599,4.49116385706014,2.78109936648899,3.3844074790393,660.453110519552,0.0139444755207269,0.192482741327142,0.999544495970937,6.45253275750925e-206,7.56995633840623,2376.90837629601,8857.88709967002,4.69290633083154,2.34267481523522,2.84366577095709,619.416198788585,0.048301002763741,0.638061840841612,0.999678423701875,0.000724104572956907,2381.36,2924.14,0.0961460206215989,7.33136660090512,1.6130635910359,124,0.612595727583131,1,1.04491986491525,"","",7.56995633840623,"HM","",0,2,7.33136660090512,2,0.5,0.096,3,0.048301002763741,121,7.4743317634419,7.66558091337055,TRUE
"BGM22",56.3894076600971,3284.47592064149,5948.14980400502,22.013833746806,31.1239526256524,36.9896576496329,1243.47759408514,0.244147048431392,0.432966151911112,0.997718167276483,6.60768536917547e-162,67.4202060600516,3201.41056909067,11960.8476699909,26.3201418310274,5.30375565924169,6.483993255633,817.254656893723,0.196004565665778,0.290720804815095,0.999929885427684,0.00300477548132887,3188.65,5884.99,0.153931306804675,7.33136660090512,2.56154417756874,123,3.00269171426897,1,1.19561827048168,"","Noise (LM.MAE)",67.4202060600516,"HM","",0,2,7.33136660090512,2,0.5,0.15,1,0.196004565665778,120,67.032130660955,67.8082814591482,TRUE
"BGM23",27.2810382625365,3004.9931067573,5055.42427029188,16.9457120953272,10.1730370082016,12.877156424909,975.955392861007,0.0537372934615517,0.196976716737889,0.999530740552953,8.51291125827469e-202,28.6381495965185,2988.29965691365,25046.0420017513,17.7886865351433,8.0794424772469,10.4458157040028,927.036045302243,0.180182991459792,0.629171206933343,0.999691213858661,0.000806459983848099,2987.64,5051.16,0.096744476110595,7.33136660090512,1.6099080468893,122,2.31139881795504,1,1.0497455896261,"Noise (HM.MAE)","Noise (LM.MAE)",28.6381495965185,"HM","",0,2,7.33136660090512,2,0.5,0.097,2,0.180182991459792,119,28.2813692773893,28.9949299156477,TRUE
"BGM24",57.3475516634793,3062.37980407837,5512.11593362655,20.2457531367618,15.983413662309,19.1833861442011,1073.21127419867,0.140851340893849,0.245610033572797,0.999270604157015,2.64940773341628e-190,63.2935208392382,3021.23421890151,16585.8188155646,22.3448946100999,4.0399995843123,5.01808738681657,748.146804884816,0.158099921707618,0.249788476942502,0.999950089814251,0.00164729663860084,3021.15,5458.96,0.170218222188855,7.33136660090512,2.83257191155555,122,2.76152513424473,1,1.10368305190517,"","Noise (LM.MAE)",63.2935208392382,"HM","",0,2,7.33136660090512,2,0.5,0.17,1,0.158099921707618,119,62.9804672037971,63.6065744746793,TRUE
"BGM25",7.61574910125622,2316.46407201168,3157.64185555277,4.64739106928774,5.10993757698363,6.45876070266074,1208.21569088236,0.0149173667857694,0.195875239420752,0.999302203254855,8.1953865836685e-288,8.33907121443618,2303.60564911059,7314.56272989061,5.08878700871757,2.16754916206996,2.76089222735327,899.2489490203,0.0271457597597507,0.325524978282442,0.999872494341318,0.00101553194862436,2296.75,3145.57,0.066011098129756,7.33136660090512,1.63871492364498,183,0.633905153333075,1,1.09497714585432,"","",8.33907121443618,"HM","",0,2,7.33136660090512,2,0.5,0.066,3,0.0271457597597507,180,8.28550636456254,8.39263606430982,TRUE
"BGM26",25.973572558766,2142.91546082551,5022.25956682095,15.820572010964,7.21744192750756,8.77459885392024,1327.54758129733,0.0202235878230911,0.0778621723189392,0.999889068110923,0,26.7139895514947,2129.38777617584,54646.4817746375,16.2715619672014,4.95133381415043,6.29235575161136,1207.26831670338,0.0592114291072365,0.221649518103983,0.999942953578905,0.00030983363183953,2148.01,4998.91,0.0657723492587807,7.33136660090512,1.64175938396954,184,2.15792946556659,1,1.02850655184432,"","",26.7139895514947,"HM","",0,2,7.33136660090512,2,0.5,0.066,2,0.0592114291072365,181,26.5971561031755,26.830822999814,TRUE
"BGM27",51.4281359858216,3078.91276148245,7729.11056085535,24.6042211607032,47.2300129468532,57.8737708203426,2098.41981446656,0.160390643223249,0.311873335769874,0.99815535650325,1.49858231095172e-260,51.4308398418348,3078.82968533328,22416638.7691836,24.6055147380429,47.2010934627516,57.8398660541694,2100.28266955017,0.235030777492535,0.45698413289638,0.998157528202559,1.0977959237382e-06,2903.7,7630.29,0.0806533660371401,7.33136660090512,2.0902159694435,191,3.35602112130985,1,1.00005257542319,"Noise (HM.MAE)","Noise (LM.MAE)",51.4308398418348,"HM","AICc",1,1,7.33136660090512,2,0.5,0.081,1,0.235030777492535,188,50.967203395514,51.8944762881557,TRUE
"BGM28",109.60965570828,4175.52758443845,11563.6701083196,38.8849606520063,533.474392088704,713.521857676788,3073.961875548,2.65007558157388,2.4177391712888,0.899512233443735,5.87200013019518e-97,162.200722713983,3635.19986790688,16990.9795860436,57.5420904272008,429.436493874875,681.62105691476,3058.48426595904,13.5597057414519,8.35983065584883,0.908296771183347,0.00430840367553085,3552.8,11974.7,0.108197871984434,7.33136660090512,2.81881873789744,192,5.30391709605759,1,1.47980323143858,"Noise (HM.MAE)","Noise (LM.MAE)",162.200722713983,"HM","",0,2,7.33136660090512,2,0.5,0.11,0.25,13.5597057414519,189,135.452913894355,188.94853153361,TRUE
"BGM29",6.02788884870009,2424.54949675628,3040.47411709644,3.66621797821525,3.64152119410403,4.6455283397338,1010.79141685008,0.0120462668030478,0.199842218484928,0.999325518815206,1.60600188615692e-268,6.43704565342269,2417.70306984551,7403.00410778869,3.91507094664823,2.83242983398459,3.4904842783285,915.695291549433,0.0380906977313846,0.591741922960125,0.999619222757919,0.000785322875559686,2414.24,3026.79,0.0713255591371734,7.33136660090512,1.64417088250561,170,0.500072930163201,1,1.06787729750704,"","",6.43704565342269,"HM","",0,2,7.33136660090512,2,0.5,0.071,3,0.0380906977313846,167,6.36184429515868,6.5122470116867,TRUE
"BGM3",118.501898845019,4580.8575104143,12211.2123661289,47.3935084205877,372.963353207788,556.161779474723,2513.91117148698,2.35088505590816,1.98383745646365,0.940390251012794,4.18027907808163e-100,143.868875224556,4321.37576038123,27701.9585269515,57.5387467700657,329.698977664227,545.82769500627,2509.93714691359,10.6426045910835,7.39743365232552,0.942584896955845,0.00246096290004948,4108.75,12358.5,0.113155683428558,7.33136660090512,2.50038249528583,162,6.46448486353643,1,1.21406388105825,"Noise (HM.MAE)","Noise (LM.MAE)",143.868875224556,"HM","",0,2,7.33136660090512,2,0.5,0.11,0.25,10.6426045910835,159,122.849771463185,164.887978985928,TRUE
"BGM30",22.1951692188486,2984.31176107383,4980.02595704698,13.484555378197,10.4992124289505,12.1326597788782,1172.78768970413,0.0382942354473927,0.172534099964746,0.999559626245928,8.35794424850084e-249,23.9436403110708,2958.68428971551,17044.9094116312,14.5468295621768,2.95039983284832,3.79347794303587,828.439872560775,0.0505419701429392,0.21108724273464,0.999956948873975,0.00103269892652393,2967.06,4958.33,0.0809879670704856,7.33136660090512,1.64596967392308,149,1.83929628843444,1,1.07877710122333,"","Noise (LM.MAE)",23.9436403110708,"HM","",0,2,7.33136660090512,2,0.5,0.081,2,0.0505419701429392,146,23.8437519080042,24.0435287141374,TRUE
"BGM31",25.470592116471,3816.51324283284,5791.9488858329,15.433090960938,5.63053816895863,7.06111328765379,883.311204244833,0.0277642545784413,0.109005139933465,0.999846743905998,3.14740140959695e-246,26.3336688244649,3805.48595658639,34333.5899585478,15.9560446983237,4.05355996675718,4.96644744940465,793.94726289063,0.0794704710422953,0.301782754131337,0.999924183613255,0.000522667398450246,3810.94,5776.98,0.0937953593637736,7.33136660090512,1.65038825864103,130,2.10507696600967,1,1.03388522355693,"","",26.3336688244649,"HM","",0,2,7.33136660090512,2,0.5,0.094,2,0.0794704710422953,127,26.1764111039343,26.4909265449954,TRUE
"BGM32",21.4142240440431,3347.33002450059,5396.91984203948,12.9720874527778,25.5214424433334,28.4247567845829,1531.33753140619,0.0814133847530145,0.380183678780842,0.997707055093839,1.14037188908216e-210,25.5381478505293,3284.15746815783,10101.2835179064,15.4702354200497,5.38037378071607,6.50641307359708,1061.61065664966,0.0849646371776602,0.332696942922191,0.999879861178065,0.0022693192567006,3291.14,5342.83,0.0761167587556267,7.33136660090512,1.65079245125329,160,1.76939555187109,1,1.1925787176787,"","Noise (LM.MAE)",25.5381478505293,"HM","",0,2,7.33136660090512,2,0.5,0.076,2,0.0849646371776602,157,25.3703266199313,25.7059690811274,TRUE
"BGM33",55.9383479369463,3128.3552250788,7042.58679426364,26.6274256407132,59.2465933519055,68.4041481792954,1688.18837380472,0.277351067937841,0.495815622317755,0.996374768856397,1.63334418852058e-181,70.0503883123038,2972.43292818156,13610.6952414227,33.3449516240894,9.24702819721453,11.0731698909575,1147.66992718504,0.212604308007498,0.303501969267679,0.999905001936949,0.00313443592968994,2952.23,6918.53,0.104064757534643,7.33136660090512,2.10077942538376,149,3.63198665272391,1,1.25227846183918,"Noise (HM.MAE)","Noise (LM.MAE)",70.0503883123038,"HM","",0,2,7.33136660090512,2,0.5,0.1,1,0.212604308007498,146,69.6302087120253,70.4705679125824,TRUE
"BGM34",52.9430419280212,3429.032130478,6535.61027602201,20.1725853606754,46.3325790711405,55.5110152756866,1702.04013713912,0.261672899648987,0.494253616943176,0.9962277496855,9.77401714200949e-189,66.3110777455098,3305.98122405109,11725.2755998761,25.2661318176296,11.9669906838007,14.3567126374757,1282.20961810522,0.319954262975837,0.482504995928078,0.999747679708456,0.00300097973651788,3268.87,6444.11,0.124136806143517,7.33136660090512,2.62450454324159,156,2.75154503366192,1,1.25249844607839,"Noise (HM.MAE)","Noise (LM.MAE)",66.3110777455098,"HM","",0,2,7.33136660090512,2,0.5,0.12,1,0.319954262975837,153,65.67897920233,66.9431762886895,TRUE
"BGM35",54.0916155332034,3614.59660324731,6358.05784765573,18.6630016626423,38.7881165050922,45.7913246265432,1568.5894071904,0.255639805328174,0.472605232452805,0.996705153221937,1.45452757358015e-184,66.8024180631674,3513.04985704847,11349.1386020494,23.0485561781036,10.2137821676734,11.5220856946653,1159.51263592454,0.301172003373266,0.45083997272147,0.999791391974924,0.00294133424571125,3493.45,6283.53,0.143572637644094,7.33136660090512,2.89833417533678,149,2.54563748869661,1,1.23498655761467,"Noise (HM.MAE)","Noise (LM.MAE)",66.8024180631674,"HM","",0,2,7.33136660090512,2,0.5,0.14,1,0.301172003373266,146,66.2071980830153,67.3976380433194,TRUE
"BGM36",134.919832512028,4709.98609425773,10174.845679354,47.5205181312718,86.089293044851,108.977134131835,1435.97031724846,0.855370179036797,0.633984020815133,0.995358997006657,3.0591727910463e-136,172.257304282406,4477.86849439153,18286.0897837538,60.6712608442228,17.3603705641806,25.9625271943113,1102.44585100254,0.963931943883272,0.559588429587265,0.999736588329811,0.00439385055995324,4430.91,9848.52,0.179440955695207,7.33136660090512,2.83919110770893,117,6.4818090157168,1,1.27673820130965,"Noise (HM.MAE)","Noise (LM.MAE)",172.257304282406,"HM","",0,2,7.33136660090512,2,0.5,0.18,0.25,0.963931943883272,114,170.3477625258,174.166846039012,TRUE
"BGM37",142.278222070638,5412.87537383093,12203.8683112847,54.7660720762404,489.797174179479,715.231668047061,2020.06607004907,4.63019642046704,3.25432547095526,0.882984029090412,7.86353822234835e-60,143.682077053204,5401.46035198285,332166.553826563,55.3064472794224,489.443660871675,715.552244716501,2022.3128518102,18.661128829286,12.9877916661631,0.882880219323541,0.000169254453379136,5085.51,12630.3,0.152370804153744,7.33136660090512,2.59792635616757,126,7.47010415077034,1,1.00986697023715,"Noise (HM.MAE)","Noise (LM.MAE)",143.682077053204,"HM","AICc",1,1,7.33136660090512,2,0.5,0.15,0.25,18.661128829286,123,106.743516741005,180.620637365402,TRUE
"BGM38",112.382314464361,5587.58405221269,14087.2391987148,44.2690372213654,540.918386670897,729.599323814911,3114.5627253176,2.40284739708563,2.1381010068516,0.918889741799444,6.79967638901526e-107,168.733842172276,4937.13785091677,19980.4064131285,66.4667281078045,434.841956389321,676.523560050099,3087.34309317052,12.0523499388483,7.14281722248872,0.93026146989402,0.00441837010573402,4854.39,14257.7,0.0964329655881102,7.33136660090512,2.5386211564168,194,6.03830631193644,1,1.501427008124,"Noise (HM.MAE)","Noise (LM.MAE)",168.733842172276,"HM","",0,2,7.33136660090512,2,0.5,0.096,0.25,12.0523499388483,191,144.961040030525,192.506644314027,TRUE
"BGM39",87.0337164746083,7678.7047051307,10909.9972417857,30.4838918552359,654.082325534481,826.38740795762,1763.60724738337,7.38188359345062,8.48163664894656,0.56328000826078,5.28386023703948e-21,87.0696743826272,7678.27093553655,886314.202452563,30.4964862499577,654.831486031389,826.563637590506,1765.81088541455,29.4199016957343,33.7889189368605,0.563096572572007,3.47088995066516e-05,7603.12,11783.4,0.195622261702964,7.33136660090512,2.85507234076017,108,4.15800948372604,1,1.00041314917339,"Noise (HM.MAE)","Noise (LM.MAE)",87.0337164746083,"LM","MAE | AICc",2,0,7.33136660090512,2,0.5,0.2,0.25,7.38188359345062,106,72.3984142755614,101.669018673655,TRUE
"BGM4",52.452552966369,2752.65287741936,5867.0682516129,25.3204501966955,28.8054650338823,34.2319173668993,1234.32005560379,0.179361646112348,0.341950269279264,0.998563809972407,1.70544984065867e-175,60.2788688943722,2678.00037441757,15361.061847414,29.0984520568846,6.72515776769034,8.33857088157327,886.214068139876,0.193233371912608,0.320565689862586,0.999914781731422,0.00229427667119947,2669.74,5793.52,0.122478105311464,7.33136660090512,2.07154898743524,124,3.45371491770299,1,1.14920753109999,"","Noise (LM.MAE)",60.2788688943722,"HM","",0,2,7.33136660090512,2,0.5,0.12,1,0.193233371912608,121,59.8963124669529,60.6614253217915,TRUE
"BGM40",0.481428144847815,2439.06204095073,2491.83376489739,0.289954527179468,8.35148337702282,9.94636737281007,1373.67503540938,0.0230507808038273,4.78800025518115,0.7039820840857,3.30699945531983e-50,3.12057497909032,2408.86032505836,2480.51221270407,1.87945979534752,3.00992966074187,3.57343503425884,999.050900481463,0.137841772144464,4.41719148131623,0.961791429777297,0.0262304296104625,2415.88,2473.04,0.0665174250681291,7.33136660090512,1.66035739993752,184,0.0395498606144822,1,6.48191222820339,"Exaggerated curvature (g-fact)","Noise (LM.MAE)",0.481428144847815,"LM","g-fact. > 2",0,2,7.33136660090512,2,0.5,0.067,3,0.0230507808038273,182,0.435947016273624,0.526909273422007,TRUE
"BGM41",20.8157119625843,3348.00842290181,5935.55258787497,12.5002133573583,22.2725194088439,27.0588267255877,1977.80292421271,0.0522697545677705,0.251107214885198,0.998690169835437,1.44157661423851e-300,23.6382979786853,3291.23047308622,14690.7800578106,14.195227560292,8.11272893674262,9.75113445920924,1553.2587439182,0.0825201291239258,0.349095054129255,0.999829898808958,0.00124524459977909,3294.8,5863.49,0.0586942348863062,7.33136660090512,1.66522853390587,209,1.70503182255475,1,1.13559882175419,"Noise (HM.MAE)","Noise (LM.MAE)",23.6382979786853,"HM","",0,2,7.33136660090512,2,0.5,0.059,2,0.0825201291239258,206,23.4756056929488,23.8009902644217,TRUE
"BGM42",47.7648692104462,4808.81109426871,8888.39032164252,22.5391117534465,53.6144871637175,62.1190005272419,2036.69857997262,0.186755089652784,0.39098838275881,0.997225407673679,1.46578625922321e-233,58.0791553782187,4668.19196354334,17098.5063925325,27.4061793794081,7.22457636629966,9.30680274999707,1344.00911597282,0.128825719534477,0.221810593999771,0.999937719616107,0.00220478569033564,4671.68,8758.75,0.0853660811015434,7.33136660090512,2.11919927160139,183,3.07433974869895,1,1.2159387503466,"","Noise (LM.MAE)",58.0791553782187,"HM","",0,2,7.33136660090512,2,0.5,0.085,1,0.128825719534477,180,57.8249524976288,58.3333582588085,TRUE
"BGM43",8.51114637971668,2286.93117480769,2903.12125850327,5.05073839094741,3.07631508685479,3.79196768502217,688.652251728342,0.0162146914412705,0.190511250986266,0.999553774715826,1.83868495858961e-206,8.91247214714216,2282.1561194182,9280.81107592785,5.2888956696946,2.44865754037878,3.12535968956386,642.841136240396,0.0554247454467238,0.621878470212062,0.999696872783007,0.000755701731627053,2284.49,2906.63,0.100441458586213,7.33136660090512,1.68512912784623,124,0.688921815794051,1,1.0471529626587,"","",8.91247214714216,"HM","",0,2,7.33136660090512,2,0.5,0.1,3,0.0554247454467238,121,8.80274424456065,9.02220004972367,TRUE
"BGM44",126.934918600349,4211.24410121968,9522.57515954266,43.8952980026692,71.5241906114994,83.043190232273,1442.42332566841,0.618608051868942,0.487342693949023,0.997110768168686,1.05037137285418e-155,154.530830592245,4027.79575026842,20154.1726797908,53.4382259368929,14.9539610779379,19.2955321961157,1085.52676208324,0.667264994421751,0.431800561651312,0.999844013194518,0.00331371554630253,4053.29,9341.19,0.173775366491459,7.33136660090512,2.89176573291815,123,5.98732820116374,1,1.21740205371526,"Noise (HM.MAE)","Noise (LM.MAE)",154.530830592245,"HM","",0,2,7.33136660090512,2,0.5,0.17,0.25,0.667264994421751,120,153.209692341542,155.851968842948,TRUE
"BGM45",30.2032602472512,2588.61442290977,4754.59256845383,17.9006458309426,4.24455135169438,5.41533690285902,770.812393238182,0.0235168791377469,0.0778620551067403,0.99992604292119,5.20817667663175e-252,30.7441038388266,2582.21283740626,64673.4633799806,18.221189027388,3.58217066089306,4.63560635360404,734.704546946868,0.0818147355939174,0.26611520707458,0.999945807858101,0.000293458238772211,2586.37,4746.49,0.101393527099426,7.33136660090512,1.68727209802915,123,2.44165198732971,1,1.01790679506609,"","",30.7441038388266,"HM","",0,2,7.33136660090512,2,0.5,0.1,2,0.0818147355939174,120,30.5821163562404,30.9060913214128,TRUE
"BGM46",124.188923181005,4114.4192748492,9834.01210726462,46.8819084624215,440.854397431516,589.614556511941,1924.60994106383,3.99901385310775,3.22010510331843,0.887599641952593,1.73806103499746e-59,255.372220559661,3253.80984582791,10816.0613140031,96.4042264113496,325.625494943255,460.097805922421,1865.7318779786,21.2973641513468,8.33973409663454,0.931556592144788,0.0127480852517341,3581.74,8289.96,0.157891010456935,7.33136660090512,2.64897328743666,123,6.39470251789531,1,2.05632043517646,"Noise (HM.MAE) | Exaggerated curvature (g-fact)","Noise (LM.MAE)",124.188923181005,"LM","g-fact. > 2",0,2,7.33136660090512,2,0.5,0.16,0.25,3.99901385310775,121,116.271820468866,132.106025893145,TRUE
"BGM47",111.827083174268,5548.87918832467,10780.7201559376,43.2383551042393,548.938636362282,687.757236794963,1946.58275694198,4.61071013835048,4.12307109107487,0.829155239558399,4.37407724278032e-48,176.260888510429,5100.05354049902,13690.3217459787,68.1519241320635,460.08834384021,666.883860715801,1941.20116421281,25.0781183153386,14.2278406328667,0.83936812055927,0.00793362005723989,4991.89,11422.4,0.155418580935796,7.33136660090512,2.58629364842104,122,5.89772104683746,1,1.57619141541722,"Noise (HM.MAE)","Noise (LM.MAE)",176.260888510429,"HM","",0,2,7.33136660090512,2,0.5,0.16,0.25,25.0781183153386,119,126.603709532455,225.918067488403,TRUE
"BGM48",58.1938854702274,3390.29350259896,6669.95420231907,27.1046338819844,48.5430188136099,56.8099030431229,1338.11379294336,0.316164185387087,0.543294510810486,0.996441062760985,5.31094923986743e-149,72.68021844292,3261.45440044479,12261.3867856687,33.8518505069721,6.35393800545159,7.66017923107597,851.35551560096,0.200631338088566,0.276046691089864,0.999935293174228,0.0037613449810523,3249.45,6565.69,0.129020557938588,7.33136660090512,2.14700872639003,122,3.69707796069536,1,1.24893221780326,"","Noise (LM.MAE)",72.68021844292,"HM","",0,2,7.33136660090512,2,0.5,0.13,1,0.200631338088566,119,72.2829483551575,73.0774885306826,TRUE
"BGM49",26.3572857428187,3248.15909646113,5153.36657788355,15.6164547657575,4.94822749887807,6.01853177832476,803.217904289607,0.0258747218422524,0.0981691441779136,0.999881476564045,1.39216725590232e-241,26.9958247670731,3240.53487721948,43751.3582204847,15.9947833951065,4.08678753992045,5.07476166470672,763.054221867556,0.0889965367544585,0.329667782045348,0.999915774917776,0.000394827408457635,3240.96,5145,0.100600018952743,7.33136660090512,1.6877893310723,124,2.1300878288953,1,1.02422628151035,"","",26.9958247670731,"HM","",0,2,7.33136660090512,2,0.5,0.1,2,0.0889965367544585,121,26.8196326486181,27.172016885528,TRUE
"BGM5",53.8128239843948,2682.87725863075,5259.26068694604,20.7772857122201,40.9050555939977,47.4721542366713,1336.5253464407,0.30542332686653,0.567566063723212,0.995989378603353,1.09157231460084e-150,67.8454822947277,2577.53545714162,9407.05205105468,26.1953353410651,10.7351683616976,12.6094316177368,1004.58324778766,0.386049519279815,0.569012860138242,0.999717040155593,0.00383560607560603,2571.02,5188.6,0.151904939239504,7.33136660090512,2.58998334670562,126,2.83402629322274,1,1.26076792242686,"Noise (HM.MAE)","Noise (LM.MAE)",67.8454822947277,"HM","",0,2,7.33136660090512,2,0.5,0.15,1,0.386049519279815,123,67.0813209419036,68.6096436475519,TRUE
"BGM50",54.0566959329967,3269.40161754065,5730.80731025188,20.175456497633,17.9636114408648,20.9629386730297,1112.70025750056,0.142276527527153,0.263198712151229,0.9991486550026,2.38907319986196e-189,60.1239378304116,3224.45358620075,16031.7955378528,22.4399192593534,4.74859035358406,5.99047350038131,804.195164143797,0.175970738613429,0.292679995627998,0.999930477790912,0.00175211369728899,3215.9,5706.62,0.159700381043271,7.33136660090512,2.67932950807525,124,2.75193665736784,1,1.11223848947289,"","Noise (LM.MAE)",60.1239378304116,"HM","",0,2,7.33136660090512,2,0.5,0.16,1,0.175970738613429,121,59.7755573388434,60.4723183219798,TRUE
"BGM51",58.0380165570864,3121.26035585766,5491.9206277489,19.5922336519937,25.8958914198849,30.1304650715165,1183.37536833128,0.231360488738481,0.398636105199966,0.998080839590724,4.28825565725797e-165,68.3760525856724,3053.78317763345,11428.3615679632,23.0821051084995,2.83094284300996,3.57901224990387,665.684074940589,0.12381494097875,0.181079392998909,0.999972921414447,0.00275621100342829,3056.74,5429.31,0.17801381870017,7.33136660090512,2.96229708097527,122,2.672384934287,1,1.17812524689601,"","Noise (LM.MAE)",68.3760525856724,"HM","",0,2,7.33136660090512,2,0.5,0.18,1,0.12381494097875,119,68.1308866363369,68.621218535008,TRUE
"BGM52",130.056939858719,3474.19754837258,8896.88678288446,44.4482724140318,93.8346738496371,109.619605705696,1522.9567844224,0.819683983961218,0.630250092652986,0.99513781513325,3.4622655478458e-143,168.067170990581,3224.88131272586,16536.7614715886,57.4386527021163,18.6471582538266,22.9057171520985,1136.81675178961,0.827237309569726,0.492206362904797,0.99978770352495,0.00431484148119191,3236.52,8717.89,0.193877197180267,8.14991724081263,2.92602912993446,124,5.45383113725948,1,1.29225838446723,"Noise (HM.MAE)","Noise (LM.MAE)",168.067170990581,"HM","",0,2,8.14991724081263,2,0.5,0.19,0.25,0.827237309569726,121,166.429436542102,169.70490543906,TRUE
"BGM53",57.4858661864411,3525.78872198114,6785.94997371952,26.5053760303933,54.8316730251478,63.1710759754558,1397.39461485334,0.344575795033413,0.599409590378036,0.995564383333686,8.48103968866352e-147,73.5623986423107,3383.16825148118,11614.7492074972,33.9178856832122,10.2899208921276,12.6514400879814,997.510729044824,0.332139485888257,0.451507144979393,0.999822091218724,0.00412045825272768,3366.17,6684.25,0.142547177732467,8.14991724081263,2.16883797915271,125,3.25222640270032,1,1.27966061090094,"Noise (HM.MAE)","Noise (LM.MAE)",73.5623986423107,"HM","",0,2,8.14991724081263,2,0.5,0.14,1,0.332139485888257,122,72.9048953564057,74.2199019282157,TRUE
"BGM54",3.23167672395372,3976.43546240117,4253.35977569406,1.89674187186908,5.0727253688454,5.77304679800907,938.776555756985,0.0192497036469481,0.595656846003998,0.994846329688936,5.41577180484114e-168,4.03621056759349,3965.53710400535,4725.55878003377,2.3689404111773,2.62973621541937,3.24577074512056,771.591353777729,0.0509695562480474,1.2628071651484,0.99837092094664,0.00311693795834416,3972.68,4248.36,0.094461653312804,8.14991724081263,1.70380417698544,147,0.232731427304648,1,1.24895245173393,"","",4.03621056759349,"HM","",0,2,8.14991724081263,2,0.5,0.094,3,0.0509695562480474,144,3.93546541359716,4.13695572158983,TRUE
"BGM55",26.355874174445,2937.10423225806,4839.91221935484,15.4699836349331,9.11433018451317,10.9844603091501,952.424186792586,0.0473335834662077,0.179594056159605,0.999603431439603,1.37754964774165e-209,28.2655309935215,2914.63473448542,17396.5215988683,16.5908859257817,3.26468313769928,4.18817666858427,715.434728883916,0.0758041876465567,0.268185967084542,0.999942348472432,0.00114563012963357,2921.98,4817.1,0.111974487852282,8.14991724081263,1.70367821947337,124,1.89817677625774,1,1.07245659189435,"","Noise (LM.MAE)",28.2655309935215,"HM","",0,2,8.14991724081263,2,0.5,0.11,2,0.0758041876465567,121,28.1154566097727,28.4156053772703,TRUE
"BGM56",103.390816894745,5297.64979728005,11294.1762957303,35.067406423686,520.398442839726,682.345142993748,2754.93006351533,3.10724796071781,3.00534230605903,0.865432010195056,1.32927132135289e-76,118.331783598956,5158.0187931594,30191.0577785097,40.1349836758581,500.248295018517,680.259494628337,2755.96694767955,13.6304266669187,11.518821277227,0.86625339092144,0.00160328051657434,4750.06,11701.6,0.139702144149871,8.14991724081263,2.94834512839566,173,4.30279294715751,1,1.14450961074638,"Noise (HM.MAE)","Noise (LM.MAE)",118.331783598956,"HM","AICc",1,1,8.14991724081263,2,0.5,0.14,0.25,13.6304266669187,170,91.4250936263194,145.238473571592,TRUE
"BGM57",67.6836428132105,3403.04526844735,7177.27575863136,30.9363154933115,76.5623485530585,91.184472129863,1477.2921422056,0.510228466193298,0.753843092638199,0.993058290987317,9.38717201889924e-134,92.1586124727833,3190.59962203912,11253.0354734293,42.1231451556475,8.34260624677955,10.4827032767168,942.965085475298,0.293932366824645,0.318941831846101,0.999908257364133,0.00522461771257182,3172.33,7002.16,0.144965021418082,8.14991724081263,2.18783787706858,124,3.7959054772226,1,1.36160833906528,"Noise (HM.MAE)","Noise (LM.MAE)",92.1586124727833,"HM","",0,2,8.14991724081263,2,0.5,0.14,1,0.293932366824645,121,91.5766958243164,92.7405291212502,TRUE
"BGM58",6.80512411616482,2271.66285686147,2754.32030619878,3.95620860112552,3.11843784823148,3.88393973930867,694.595564963781,0.0169293695281333,0.248773853924567,0.999239347015279,2.47827974664601e-192,7.34084671169103,2265.44454785065,5694.14887476258,4.26765484428861,2.14441913952114,2.68209487101518,604.909233740719,0.0494870619645591,0.674132888318538,0.999637264652052,0.00124468441644027,2271.62,2748.79,0.113973780750761,8.14991724081263,1.72011256287871,124,0.485429297528799,1,1.07872341288437,"","",7.34084671169103,"HM","",0,2,8.14991724081263,2,0.5,0.11,3,0.0494870619645591,121,7.24287401970074,7.43881940368132,TRUE
"BGM59",27.1218159362404,2566.10402536192,4650.54138817192,15.7911921425001,6.61703900644879,8.27134695958674,945.627796433786,0.0323292533723283,0.119200179841681,0.999812480272135,3.24167103670686e-246,27.9846002723989,2555.2053398631,36785.4866432745,16.2935328877454,5.26938746743217,6.60745694993219,888.011044502035,0.105415262584481,0.376690256635368,0.999880336094957,0.000475997633303749,2560.12,4635.99,0.105245952770084,8.14991724081263,1.71752808093858,133,1.93758926328993,1,1.03181145164419,"","",27.9846002723989,"HM","",0,2,8.14991724081263,2,0.5,0.11,2,0.105415262584481,130,27.7760487824667,28.1931517623311,TRUE
"BGM6",61.9288497889122,2567.38498015519,5210.31789076972,21.6633845132339,14.3915508861649,16.2841583738818,1050.06455980441,0.118925040553622,0.192034957792667,0.999546611764441,4.85723642006165e-206,66.5240952760485,2535.32182841758,22238.2276603123,23.2708513119852,5.82664466558866,7.60179244233824,863.272139344389,0.233828724368765,0.351494783053371,0.999901196659764,0.00118108727263543,2544.71,5176.34,0.170390952582605,7.33136660090512,2.85868765109536,124,2.95489036253614,1,1.07420201574548,"","Noise (LM.MAE)",66.5240952760485,"HM","",0,2,7.33136660090512,2,0.5,0.17,1,0.233828724368765,121,66.0611696409103,66.9870209111866,TRUE
"BGM60",55.4257170831269,2728.25665649371,5422.00553811935,20.2537509896664,17.9165650278719,21.9127519210778,1222.80517172563,0.134879922242451,0.243352597567947,0.999207070279438,2.64325266140476e-208,60.9584557144827,2684.42851942847,18110.943084636,22.2755328704912,7.82413811906919,9.63452290032849,1003.06634776122,0.253125471988403,0.415242592715919,0.99984671442793,0.00144397704201639,2688.65,5370.61,0.166438676886946,8.14991724081263,2.73656554340998,135,2.48514805625767,1,1.09982258999117,"","Noise (LM.MAE)",60.9584557144827,"HM","",0,2,8.14991724081263,2,0.5,0.17,1,0.253125471988403,132,60.4577485114809,61.4591629174844,TRUE
"BGM61",59.1145576334048,2426.74634397353,4912.11239520744,19.5698114270386,29.4208200848945,34.5384433090536,1286.13297620674,0.251260421926385,0.425039841259679,0.997692859257765,1.54376450503618e-169,70.531670639859,2350.14529114813,10585.9808085919,23.3494345439549,5.92093090194056,7.53955602983703,895.610853173824,0.249116699452305,0.353198353579795,0.999890058890466,0.00283510209674538,2342.65,4846.19,0.192331771691636,8.14991724081263,3.02070144384371,129,2.40122823935416,1,1.19313538768668,"","Noise (LM.MAE)",70.531670639859,"HM","",0,2,8.14991724081263,2,0.5,0.19,1,0.249116699452305,126,70.0386760151779,71.02466526454,TRUE
"BGM62",136.080000613481,3941.51209024329,11386.0692147793,50.3010616522705,391.656768555843,551.333197132443,2325.54774548596,2.85998651229964,2.10169495841133,0.938223443716184,1.36199013264273e-91,171.341064229609,3636.72640744066,23470.7485448625,63.335077869814,333.617817529857,536.930276194717,2319.71789600754,13.1483468310214,7.67378613535501,0.941408961529554,0.00319325437024276,3518.58,11678,0.147973546073676,8.14991724081263,2.70531070604827,150,6.17197207848641,1,1.259120101831,"Noise (HM.MAE)","Noise (LM.MAE)",171.341064229609,"HM","",0,2,8.14991724081263,2,0.5,0.15,0.25,13.1483468310214,147,145.356863265236,197.325265193981,TRUE
"BGM63",115.273127243662,4013.04991379497,9902.27451000258,43.6238858978342,472.378554815247,613.584278179206,2153.86263915033,3.5669004636415,3.09430354578814,0.88468881374975,2.09861174742785e-65,250.889687134513,3035.15203996994,10623.9254278732,94.9465269677681,322.09674255257,458.513627479182,2076.16145199838,18.9160301241191,7.53958057828714,0.935608656102113,0.0125114458048142,3367.46,8684.98,0.15834998145648,8.14991724081263,2.64243143111157,137,5.35267839032491,1,2.17648027023842,"Noise (HM.MAE) | Exaggerated curvature (g-fact)","Noise (LM.MAE)",115.273127243662,"LM","g-fact. > 2",0,2,8.14991724081263,2,0.5,0.16,0.25,3.5669004636415,135,108.218895743037,122.327358744287,TRUE
"BGM64",25.2082370212808,3046.97010017889,4922.97548121646,14.656292039356,6.93731461219523,8.26306697345819,917.121463877396,0.0338666095889599,0.134347394307542,0.999769022881897,5.24281292715217e-233,26.5063074119652,3031.15736516767,22573.312922386,15.411001649451,3.18670116774897,4.1130023785292,739.260265238209,0.0697791158714993,0.263254759657697,0.999942772557973,0.000788602956533039,3033.44,4902.31,0.108663040265623,8.14991724081263,1.71996006586045,129,1.79833630284749,1,1.05149389818846,"","",26.5063074119652,"HM","",0,2,8.14991724081263,2,0.5,0.11,2,0.0697791158714993,126,26.3682165930226,26.6443982309078,TRUE
"BGM65",23.6436481232905,2988.38390640425,5474.2729207347,13.7341934493395,10.4247881085953,13.3208516044131,1473.16057998936,0.0324230181146149,0.137132044706232,0.999657861839175,7.96639194303753e-316,24.2533166173149,2977.81168427171,52951.11340473,14.0883395182218,9.07451876270503,12.4261430822876,1449.80396152918,0.123432381989671,0.508929908174085,0.999702278474182,0.000281917324515186,3001.05,5450.96,0.0770891288238864,8.14991724081263,1.72151704506736,183,1.6851942226557,1,1.02578572015813,"Noise (HM.MAE)","Noise (LM.MAE)",24.2533166173149,"HM","",0,2,8.14991724081263,2,0.5,0.077,2,0.123432381989671,180,24.0097560366078,24.4968771980221,TRUE
"BGM66",128.664029109497,3631.14701319472,8881.892495002,43.3945907587378,55.6060564632026,65.6523948325189,1373.41166717741,0.504576422843492,0.392165880655021,0.998142520301559,6.03998099559782e-166,150.757256547268,3486.90802381541,22581.179144722,50.8459862251885,11.8738225036573,14.5919328345297,1008.59727706742,0.503205166595783,0.333785038359338,0.999908241020613,0.00266289223103763,3489.45,8759.55,0.198068274495741,8.14991724081263,2.96497851137332,122,5.32454373173622,1,1.17171254149805,"Noise (HM.MAE)","Noise (LM.MAE)",150.757256547268,"HM","",0,2,8.14991724081263,2,0.5,0.2,0.25,0.503205166595783,119,149.760860059059,151.753653035477,TRUE
"BGM67",8.39869582987431,2566.35912245893,3155.12207075719,4.86580949006834,2.66183883895271,3.28473492778822,647.824905259604,0.0145544219843498,0.173293833699506,0.999633757714593,5.64243035185757e-210,8.76054892410098,2562.18357223984,9846.73926562281,5.07545015994899,2.06943918391741,2.68799481979914,600.64155411244,0.0492200841834835,0.561837900911381,0.999754741152457,0.000696741211623839,2564.19,3150.4,0.115305525627247,8.14991724081263,1.72606343240873,123,0.59703790189447,1,1.04308443853146,"","",8.76054892410098,"HM","",0,2,8.14991724081263,2,0.5,0.12,3,0.0492200841834835,120,8.66309658288538,8.85800126531657,TRUE
"BGM68",55.0878815816422,4168.90117952819,7201.54390243902,25.0631629992631,46.8484418203994,55.5948838102414,1332.83863966243,0.316744998369617,0.574981264981464,0.996015505398431,4.66055274809039e-146,69.6412558499072,4042.80100280067,12019.566563423,31.6844666508517,7.28110148614374,8.81760213799443,885.68987429807,0.238583224278349,0.342588917110499,0.999899768417583,0.00397209450497876,4013.14,7104.7,0.146829581592816,8.14991724081263,2.19796206820591,122,3.07526595162874,1,1.26418467819817,"","Noise (LM.MAE)",69.6412558499072,"HM","",0,2,8.14991724081263,2,0.5,0.15,1,0.238583224278349,119,69.168837236989,70.1136744628255,TRUE
"BGM69",23.9287355794508,3943.3361460792,5632.46466692893,13.8453157446699,9.90249290090761,12.2598986291435,971.818640705325,0.0542513972007665,0.226720701646082,0.999373281972667,7.35182869832762e-196,26.0033906867966,3919.53485352198,14863.6456618716,15.0457241376299,4.76802057998437,5.92897266707343,795.241197069174,0.11128765377092,0.427973625098929,0.999853425869963,0.00137477812506714,3916.48,5603.55,0.114515684539116,8.14991724081263,1.7282910711995,123,1.6988289985739,1,1.08670140971124,"","Noise (LM.MAE)",26.0033906867966,"HM","",0,2,8.14991724081263,2,0.5,0.11,2,0.11128765377092,120,25.7830488773852,26.2237324962079,TRUE
"BGM7",20.9916269474062,2784.7629443837,5450.73858976953,12.8791093979992,19.0503526038373,22.7077885937377,1904.52531380716,0.0428554041233938,0.204154752896317,0.999133820283726,3.71043300026776e-319,23.3696197853674,2735.75582756963,16411.2281016162,14.3380925432549,5.15576974922906,6.58044170575052,1388.86696764713,0.0538196366867113,0.230297442495876,0.999927260817281,0.0010484531909341,2753.51,5398.98,0.0574489200752851,7.33136660090512,1.62989740196378,209,1.75671332496307,1,1.11328292199167,"","Noise (LM.MAE)",23.3696197853674,"HM","",0,2,7.33136660090512,2,0.5,0.057,2,0.0538196366867113,206,23.263511859907,23.4757277108278,TRUE
"BGM70",25.8856801928263,3009.25128608437,4833.03071316096,14.9490116973491,15.880567097659,20.1695355578456,1103.13174091351,0.0894126539096913,0.345413577096074,0.99853461320505,5.82113303133325e-175,29.4859163057281,2968.28368287299,10836.06456986,17.0281524177812,6.62650245564745,8.38201401637242,887.502769670272,0.162485894167021,0.551062725954544,0.999746920339393,0.00216428910036693,2970.38,4763.9,0.114734806317755,8.14991724081263,1.73159809604113,124,1.83425319001872,1,1.13908215222019,"","Noise (LM.MAE)",29.4859163057281,"HM","",0,2,8.14991724081263,2,0.5,0.11,2,0.162485894167021,121,29.164232620538,29.8075999909183,TRUE
"BGM71",130.261900455872,4062.43257450513,9406.96945285072,43.8076793307016,65.9338595937387,79.1996394428154,1442.3457493222,0.601824695339632,0.46201129665194,0.997381330405733,1.39664731253468e-159,156.781992443346,3889.251888219,20898.8950817308,52.7265088698235,17.260899493608,20.6389848965981,1110.97396668185,0.718077030087956,0.458009889335624,0.999822167569933,0.00309980099347031,3895.75,9203.21,0.19702223883102,8.14991724081263,2.97349465769534,124,5.37522996078099,1,1.20359055022737,"Noise (HM.MAE)","Noise (LM.MAE)",156.781992443346,"HM","",0,2,8.14991724081263,2,0.5,0.2,0.25,0.718077030087956,121,155.36036956049,158.203615326202,TRUE
"BGM72",24.8679695027347,3069.76668932427,4807.52347461016,14.3616263246767,6.00601227223485,7.11685879041092,831.266204988931,0.0319433088333905,0.128451616565951,0.999800391808355,4.52836169438074e-224,26.0805960134307,3055.89527163656,22102.1925954091,15.0619363687314,2.59970445561369,3.3254510691675,647.754581696691,0.0616530206845428,0.236394216806984,0.999956418438521,0.000790806533820719,3054.66,4795.81,0.115672486546182,8.14991724081263,1.73155664550369,122,1.76218063329005,1,1.04876258636889,"","",26.0805960134307,"HM","",0,2,8.14991724081263,2,0.5,0.12,2,0.0616530206845428,119,25.95851687479,26.2026751520713,TRUE
"BGM73",104.308785824573,6887.42489279477,11524.7823678695,38.3252683890471,611.168032442208,790.253593633737,1996.65961888386,5.51119381990328,5.28353750485797,0.745419842842348,5.72516873435884e-38,104.445683501959,6886.132769182,914333.030528752,38.3755675099331,612.585319283181,790.596327416862,1998.90358858215,22.0730774608237,21.133546854916,0.745201995386826,4.22896013030405e-05,6832.27,12021.2,0.181814724950769,8.14991724081263,2.72167137267545,123,4.70253467079694,1,1.00131242710098,"Noise (HM.MAE)","Noise (LM.MAE)",104.308785824573,"LM","MAE | AICc",2,0,8.14991724081263,2,0.5,0.18,0.25,5.51119381990328,121,93.3979240117848,115.219647637361,TRUE
"BGM74",8.19319963294673,2324.40237477052,2901.15632441647,4.72749139054056,3.01779128649266,3.73807494038708,679.628966084772,0.0165873899391476,0.20245314019258,0.999500203314348,8.32722200115657e-202,8.64511000785413,2319.20072333656,7955.6675379331,4.98824451537347,2.28036112442133,2.89208272697006,618.644181916932,0.0532519641397758,0.615977866000503,0.999700829486074,0.000884994923141498,2319.02,2892.89,0.114834101716038,8.14991724081263,1.73309667984607,123,0.580066183600802,1,1.05515676355427,"","",8.64511000785413,"HM","",0,2,8.14991724081263,2,0.5,0.11,3,0.0532519641397758,120,8.53967482492343,8.75054519078483,TRUE
"BGM75",104.150714579137,5178.28575369852,9914.08637744902,39.1388481301694,552.898110191502,673.278102664476,1941.391059251,4.64411992859697,4.45903798871031,0.805760291436605,9.79710690075819e-45,268.565129876381,4175.27537932167,9964.95630811955,100.924221919803,381.33939280078,546.356582456415,1892.56121238032,30.558106094442,11.3782850768854,0.872090913448816,0.0174317416038949,4431.55,10539.5,0.177765542241972,8.14991724081263,2.6610572245956,122,4.80236141959484,1,2.57862013680488,"Noise (HM.MAE) | Exaggerated curvature (g-fact)","Noise (LM.MAE)",104.150714579137,"LM","g-fact. > 2",0,2,8.14991724081263,2,0.5,0.18,0.25,4.64411992859697,120,94.9556803276587,113.345748830615,TRUE
"BGM76",62.8295199984965,3463.06788484606,6907.74260695722,28.46838613315,73.5178032388182,86.5945258461036,1440.96612273058,0.495388765505731,0.788464985117801,0.992533411700913,1.08172512116397e-129,86.5470335621474,3262.20791221268,10419.9346911685,39.2149163352652,9.71936223405682,11.7072564027475,954.853843044028,0.339176230710553,0.391898158435434,0.999863525475974,0.0054786830436948,3229.17,6748.84,0.147432850391983,8.14991724081263,2.20699268671695,122,3.49308898384733,1,1.37748996911354,"Noise (HM.MAE)","Noise (LM.MAE)",86.5470335621474,"HM","",0,2,8.14991724081263,2,0.5,0.15,1,0.339176230710553,119,85.8754307496203,87.2186363746745,TRUE
"BGM77",58.5129372605975,2942.87078914305,5509.06382538902,21.2082069111237,51.124984906681,59.5078689677723,1360.44326446073,0.423049968436588,0.723002447394602,0.99366274582715,4.56835844458126e-135,78.5145578012597,2807.16201724073,8473.86395594148,28.4578601817313,10.2674332446787,12.0999555829211,970.725500532892,0.429006787279365,0.546404131021523,0.999737988784356,0.00502194406721453,2786.3,5405.41,0.184306781737825,8.14991724081263,2.75897615983308,123,2.6022604014822,1,1.34183244726857,"Noise (HM.MAE)","Noise (LM.MAE)",78.5145578012597,"HM","",0,2,8.14991724081263,2,0.5,0.18,1,0.429006787279365,120,77.6651542191385,79.3639613833808,TRUE
"BGM78",56.5557254047954,2739.54096401059,4987.05131708415,18.5744657278806,27.3956876472674,32.4607694180669,1211.3484971244,0.256026592867719,0.452697920564574,0.99750597195294,1.43368891677401e-159,67.6501948486991,2668.95388947122,10040.201599205,22.2181965965034,7.9487135330892,9.49900004075313,911.189749631979,0.340454283148733,0.50325691435208,0.999786430371218,0.0030141703916915,2683.8,4936.68,0.203401248584771,8.14991724081263,3.04481034519901,123,2.27909869254434,1,1.19616881163658,"","Noise (LM.MAE)",67.6501948486991,"HM","",0,2,8.14991724081263,2,0.5,0.2,1,0.340454283148733,120,66.9761190619524,68.3242706354458,TRUE
"BGM79",8.71487453024345,2311.66624494443,2918.83690359008,5.01793932765003,3.48669796682101,4.31740839816115,715.073767184556,0.019402819866399,0.222640266352257,0.999395624703421,8.1767165154602e-197,9.33615487805509,2304.58069652013,6998.48258729242,5.3756664618688,2.22684451373745,2.91169998301067,620.307188133949,0.0549421367724671,0.588487846336078,0.999725113324802,0.00114524474242565,2309.35,2913.43,0.116018995487151,8.14991724081263,1.73674370318159,123,0.61570432918282,1,1.07128964916885,"","",9.33615487805509,"HM","",0,2,8.14991724081263,2,0.5,0.12,3,0.0549421367724671,120,9.22737327093908,9.44493648517109,TRUE
"BGM8",17.114508405205,2632.05437383595,4759.01545813603,10.5295103183172,31.044347236295,35.919156957312,2046.20539699293,0.0702092335162371,0.410232253559118,0.996595276949765,1.87545199817335e-251,21.2086804181681,2551.11740634073,8562.86062314113,13.0484039631005,6.85777770407952,8.43444722626886,1457.11619222053,0.0772429215797114,0.364204278893006,0.999812266070121,0.00217048591274415,2545.17,4693.88,0.0587009531778689,7.33136660090512,1.62538502625639,204,1.43622749911555,1,1.23922229701427,"","Noise (LM.MAE)",21.2086804181681,"HM","",0,2,7.33136660090512,2,0.5,0.059,2,0.0772429215797114,201,21.0563700055069,21.3609908308293,TRUE
"BGM80",126.207800216149,3911.23059641518,9080.64469348124,42.3722466972628,63.7388234324615,75.9087337884881,1431.8206296045,0.57874313015904,0.45856367765531,0.997420166937619,5.61362396238137e-160,152.09304721042,3741.77907242563,20123.9030011653,51.0628036167428,10.9123019774258,14.3785825930807,1021.33635600424,0.50031549926535,0.328953563914836,0.999907436394485,0.00311698311152204,3730.1,8919.89,0.197357116938894,8.14991724081263,2.9785486976385,124,5.19910146879453,1,1.20510021527939,"Noise (HM.MAE)","Noise (LM.MAE)",152.09304721042,"HM","",0,2,8.14991724081263,2,0.5,0.2,0.25,0.50031549926535,121,151.102540715155,153.083553705685,TRUE
"BGM81",25.5128233818202,3311.21530632258,5102.06870873737,14.6791262493016,23.7864667154809,27.9078521972034,1183.66596255235,0.123314993291715,0.483345145483139,0.997134609162674,3.39181430941696e-157,31.0588492414225,3249.90912417132,8665.31834291027,17.8701025107923,5.23632799246368,6.58718435479703,827.744137929448,0.134735858889043,0.433808277446894,0.999840364059358,0.00329986189205358,3251.29,5046.93,0.115161258986094,8.14991724081263,1.73803419553218,124,1.80113807484969,1,1.21738189366976,"","Noise (LM.MAE)",31.0588492414225,"HM","",0,2,8.14991724081263,2,0.5,0.12,2,0.134735858889043,121,30.792104070484,31.3255944123611,TRUE
"BGM82",51.3035798541175,4101.72828,6957.51091354839,23.2177449881983,25.9858997020377,30.6855689245948,1207.1972904003,0.171500322541973,0.334285293598687,0.99862738729743,1.07727846389166e-176,58.8662319304508,4034.07463937659,15780.1202875768,26.6402688713671,4.44348594668712,5.61064239638829,787.949865779026,0.138524551989556,0.235320908858613,0.999954111397433,0.0022680202060554,4037.8,6893.45,0.145230939560005,8.14991724081263,2.20967108908274,124,2.84883199450541,1,1.14740983178636,"","Noise (LM.MAE)",58.8662319304508,"HM","",0,2,8.14991724081263,2,0.5,0.15,1,0.138524551989556,121,58.5919860422046,59.140477818697,TRUE
"BGM83",126.585300539642,3529.40061315751,8748.00138283549,42.7754161449014,54.6538392859298,67.6354441040185,1403.20153357785,0.512423543393513,0.404804934861327,0.997988456532238,1.43657891997339e-166,148.760227241449,3382.70845453372,22058.6641088734,50.2687168173237,15.8370119305305,18.815499623041,1088.03377328199,0.63803532353797,0.428901820983637,0.999844327378227,0.00269162755297306,3350.02,8604.1,0.196081725933483,8.14991724081263,2.95930026982871,124,5.24857061501109,1,1.17517773870484,"Noise (HM.MAE)","Noise (LM.MAE)",148.760227241449,"HM","",0,2,8.14991724081263,2,0.5,0.2,0.25,0.63803532353797,121,147.49706802871,150.023386454188,TRUE
"BGM84",126.621518105915,4510.69315471167,10862.2135029474,46.7023555017335,436.046600695837,611.560797681454,2168.62610687449,3.60686485664942,2.84854020912338,0.899883836811614,4.72812349745654e-70,167.262944855383,4192.73220567243,18796.5910551623,61.692306566478,369.928872354583,597.902604544103,2164.51387972467,17.2691834059805,10.3245721405369,0.904305757020022,0.00422438392498109,4092.31,11387.1,0.161287742120394,8.14991724081263,2.71124479152267,138,5.73040855775326,1,1.32096777354598,"Noise (HM.MAE)","Noise (LM.MAE)",167.262944855383,"HM","",0,2,8.14991724081263,2,0.5,0.16,0.25,17.2691834059805,135,133.109814199147,201.416075511619,TRUE
"BGM85",124.55349983129,4086.28603389648,9829.46019969299,47.0751980802992,173.668848879886,304.946572141702,1776.69063004807,2.0535835015973,1.64875616050846,0.967637013264954,5.77485439746412e-93,189.776651527617,3630.41290981898,13583.0181186661,71.7263944712867,112.728454972617,232.559914641996,1711.62156721363,8.59256281582402,4.52772390420937,0.981177781868009,0.0072067959058124,3711.79,8189.42,0.175312089667747,8.14991724081263,2.64584122660157,124,5.77615657795383,1,1.52365571248236,"Noise (HM.MAE)","Noise (LM.MAE)",189.776651527617,"HM","",0,2,8.14991724081263,2,0.5,0.18,0.25,8.59256281582402,121,172.765407037797,206.787896017436,TRUE
"BGM86",54.1595149629832,3135.92198729784,8218.32884692893,24.6718779593743,119.212407583696,143.180796121692,2661.46506321105,0.366987494137892,0.677604838944218,0.99058468215471,6.83731382324021e-211,77.4887220181292,2799.34491239749,12561.1519594899,35.2992875613053,22.5918678712995,28.6290359215051,1993.91479519609,0.383186366775203,0.494505983316582,0.999623574629241,0.00361606077553225,2703.78,7977.89,0.0864281886828941,8.14991724081263,2.19519223677113,208,3.02725502975957,1,1.4307499258642,"Noise (HM.MAE)","Noise (LM.MAE)",77.4887220181292,"HM","",0,2,8.14991724081263,2,0.5,0.086,1,0.383186366775203,205,76.7332304365248,78.2442135997337,TRUE
"BGM87",56.7063932808425,2864.15969646195,5367.14938819536,20.6858652209373,44.1255562316679,52.5715986553074,1329.95586184291,0.372615580813489,0.657096244806266,0.994759716350352,4.62885352733669e-140,74.1390284337966,2743.92749698832,8672.38453505781,27.0450977581547,7.84732140495347,9.29883768972987,905.950657755616,0.32151054045648,0.433658961074161,0.999836050626145,0.00456191173934213,2725.37,5268.71,0.18312671412548,8.14991724081263,2.7413111646617,123,2.53816874573253,1,1.30741921932184,"","Noise (LM.MAE)",74.1390284337966,"HM","",0,2,8.14991724081263,2,0.5,0.18,1,0.32151054045648,120,73.5024599391923,74.7755969284009,TRUE
"BGM88",55.8331486601211,2649.10775184731,4899.92062362234,18.4492858342216,27.8073428093771,32.4011838847857,1220.68910675734,0.248650759795012,0.445346117426853,0.997566390498165,1.59745573070271e-161,66.9547378959384,2577.41141686767,9903.77299724991,22.1242599968188,6.26695029701439,7.83324692088837,870.710411747751,0.27555020196622,0.411546980281637,0.999857762939688,0.00301981546420815,2572.59,4853.26,0.20052136301139,8.14991724081263,3.02630406194674,124,2.26373904042024,1,1.19919330187733,"","Noise (LM.MAE)",66.9547378959384,"HM","",0,2,8.14991724081263,2,0.5,0.2,1,0.27555020196622,121,66.4092135913346,67.5002622005421,TRUE
"BGM89",26.371506568607,2897.78305026964,4750.25844561844,15.3097140111472,14.2659468906447,16.9816961760802,1051.96603268633,0.0757909461977566,0.28739710414565,0.99899332125603,2.08213066987902e-183,29.4094434165092,2863.11174068753,12237.1750840153,17.0733578213447,5.53837506777111,6.88849905713547,832.141753755525,0.132505991086246,0.450555929296721,0.999834355136975,0.00182134013778529,2867.23,4720.16,0.115069766309115,8.14991724081263,1.72253423868047,123,1.87851159205399,1,1.11519769793958,"","Noise (LM.MAE)",29.4094434165092,"HM","",0,2,8.14991724081263,2,0.5,0.12,2,0.132505991086246,120,29.1470907759019,29.6717960571164,TRUE
"BGM9",19.64247639726,2931.90987598101,4697.04931315609,12.0899961450348,16.9358250853147,19.3238936209534,1302.72980562511,0.0614388242193979,0.312785531604193,0.998563879249281,1.19635114770487e-209,22.540631288545,2889.85450996798,10145.2945032287,13.8738181415442,4.06154104756213,4.99413677972341,904.33184187526,0.0699128828911173,0.310163819265552,0.999904077045534,0.00191219528442535,2896.51,4657.45,0.0810284776506966,7.33136660090512,1.62468839209076,148,1.64907810551203,1,1.14754529076025,"","Noise (LM.MAE)",22.540631288545,"HM","",0,2,7.33136660090512,2,0.5,0.081,2,0.0699128828911173,145,22.4024513026036,22.6788112744864,TRUE
"BGM90",23.1853362856706,2420.42444550906,3819.05445325586,13.4483654591039,13.1579820604727,15.9153324818707,893.714248899786,0.0891907736695611,0.384686133384592,0.99844856117186,3.93368237144221e-148,26.479692568114,2388.35709114601,8317.16687794582,15.3592157781555,5.48811853051517,6.75542399811895,714.20430498988,0.165619313143084,0.625457839878842,0.999720482856429,0.00259060693975239,2406.44,3783.42,0.133815923757563,8.14991724081263,1.72402634031449,106,1.65012294747706,1,1.14208792323963,"","Noise (LM.MAE)",26.479692568114,"HM","",0,2,8.14991724081263,2,0.5,0.13,2,0.165619313143084,103,26.1512257226753,26.8081594135527,TRUE
"BGM91",19.7114609717956,2171.16982701289,3783.60204551918,11.4356894929524,21.4935190873025,25.1342681917711,1334.11948630839,0.0890018544964659,0.451523378321959,0.997113295513273,3.70815866298594e-181,23.8493769090182,2117.31795440285,7135.90466356047,13.8363193536068,7.0370832737534,8.75855288640057,1034.73505453509,0.143115558722612,0.600080913092936,0.999649462446782,0.00275701510314828,2118.16,3750.54,0.0989284749235388,8.14991724081263,1.72367927477774,143,1.4031663334795,1,1.20992436548175,"","Noise (LM.MAE)",23.8493769090182,"HM","",0,2,8.14991724081263,2,0.5,0.099,2,0.143115558722612,140,23.5664297613048,24.1323240567315,TRUE
"BGM92",7.04093402268794,2222.92333741067,2721.5556689409,4.08715025844447,2.79656254000377,3.49512317038397,668.436173238017,0.0153869210883769,0.218535226133291,0.999412922976788,3.4051215175028e-199,7.54741095564327,2217.07484052979,6033.81542692002,4.3811520656982,1.82431447770187,2.29172584520738,565.900574811293,0.0423494604884769,0.561112423019868,0.999747596461959,0.00114787787289515,2219.45,2716.02,0.114145227431331,8.14991724081263,1.72270006666397,124,0.501495921698089,1,1.07193320251593,"","",7.54741095564327,"HM","",0,2,8.14991724081263,2,0.5,0.11,3,0.0423494604884769,121,7.46356902840653,7.63125288288,TRUE
"BGM93",9.52891237699791,2177.27009384023,2901.71395396727,5.53010580249645,4.12003634628984,4.84249441272877,803.22006636892,0.0191277554750351,0.200733879358657,0.999468398823567,1.41952972200765e-216,10.2421364617727,2168.43708285567,7521.85881822287,5.94402551270541,2.22574058466737,2.75707919792771,655.51986399513,0.0459963171450499,0.449089087191177,0.999827675844118,0.0011103226695996,2171.76,2893.36,0.10638714651775,8.14991724081263,1.72309766165708,133,0.67854747957478,1,1.07484842514624,"","",10.2421364617727,"HM","",0,2,8.14991724081263,2,0.5,0.11,3,0.0459963171450499,130,10.1511382492103,10.3331346743352,TRUE
"BGM94",7.11349600991611,2257.83208268128,2753.84792053847,4.13346531547666,2.87813663896874,3.52954862687001,660.149870719091,0.0157977441611426,0.222081296441592,0.999403579647174,1.50824155998129e-195,7.48339909651225,2253.67040584578,7351.7330612535,4.34840626383757,2.41843953986949,2.95132844582151,618.633197507511,0.0545584600906898,0.729059874891848,0.9995829873748,0.000852952691592568,2249.91,2744.45,0.115914194833241,8.14991724081263,1.72095214716851,122,0.507178808488675,1,1.05200018191906,"","",7.48339909651225,"HM","",0,2,8.14991724081263,2,0.5,0.12,3,0.0545584600906898,119,7.37536789642699,7.5914302965975,TRUE
"BGM95",3.87395809765621,2317.40598741149,2591.6432808812,2.24784666778449,3.85292610676667,4.61983164169845,731.728692597373,0.0203855149096128,0.526219292922818,0.996633020902494,1.10193297437101e-151,4.58391895972982,2309.38068175046,3256.83487517181,2.65979824749701,2.20096960850153,2.92619257278276,621.528582455185,0.0583642876596981,1.27323995411861,0.99864919105002,0.00280731064991353,2308.21,2585.21,0.114192169150839,8.14991724081263,1.72340851944071,123,0.275812207825605,1,1.18326498226792,"","",4.58391895972982,"HM","",0,2,8.14991724081263,2,0.5,0.11,3.6,0.0583642876596981,120,4.4683617320214,4.69947618743823,TRUE
"BGM96",93.4524808707145,5589.46356336783,10533.5326480208,31.8972199009871,520.800445853272,654.866127926429,2487.81484276018,3.42429599090016,3.66421090055111,0.826627925302807,4.47700134523506e-61,171.000050081825,4997.64033722368,11972.05082181,58.3657720985025,400.037670636532,615.964344371641,2470.69122823524,20.2966208626636,11.86936544928,0.846614171088351,0.0083685599273936,5006.37,11184,0.153061724784572,8.14991724081263,2.92980018825473,157,3.91380905578455,1,1.82980749669335,"Noise (HM.MAE)","Noise (LM.MAE)",171.000050081825,"HM","",0,2,8.14991724081263,2,0.5,0.15,0.25,20.2966208626636,154,130.904317945123,211.095782218527,TRUE
"BGM97",138.154558528247,3696.00507096774,10024.8776709677,51.4542487804878,329.160360105074,502.344677152228,1900.47980624018,3.41152781733299,2.46935595442944,0.930191277248228,1.36590516740732e-72,243.981395790184,2983.53718802442,12239.0953331006,90.8683692419168,248.285108355887,396.297137751974,1843.80963156875,16.4039899902817,6.72345935933108,0.956554184484921,0.00981770821571224,3219.04,10206.3,0.176471871290016,8.14991724081263,2.68499806726627,124,6.31346886847127,1,1.76600322413755,"Noise (HM.MAE)","Noise (LM.MAE)",243.981395790184,"HM","",0,2,8.14991724081263,2,0.5,0.18,0.25,16.4039899902817,121,211.505370846923,276.457420733445,TRUE
"BGM98",124.415866189395,3915.65965629297,9849.09066116735,47.4674480389951,93.7182982449416,108.993607408425,1545.97411836486,0.705348724788328,0.566928275622493,0.995998353641632,9.5000749662672e-151,157.104152430579,3670.1147471034,19339.5551426076,59.93876360477,14.8519849315366,18.0310372300505,1094.71091890018,0.553750761486385,0.352473663438703,0.999890483874156,0.00382520128938154,3685.61,9642.65,0.169536236214421,8.14991724081263,2.6210776296039,126,5.82428589597091,1,1.26273406473273,"Noise (HM.MAE)","Noise (LM.MAE)",157.104152430579,"HM","",0,2,8.14991724081263,2,0.5,0.17,0.25,0.553750761486385,123,156.008036751393,158.200268109765,TRUE
"BGM99",47.3742258016285,3790.76780474376,7675.44019562222,21.8240021959464,39.1627311536536,46.439025693059,1898.68469920252,0.146599799676832,0.309450544459963,0.998288819827401,2.10507251885456e-248,55.2827659898908,3686.29005287364,18141.4814390224,25.4672490356538,5.7415439440012,7.16514068451898,1227.96841396084,0.101064713804642,0.182814141070877,0.999959263943492,0.00176180642340419,3688.31,7587.09,0.0988343468882575,8.14991724081263,2.17073960020165,180,2.67781887240002,1,1.16693761332118,"","Noise (LM.MAE)",55.2827659898908,"HM","",0,2,8.14991724081263,2,0.5,0.099,1,0.101064713804642,177,55.083319102606,55.4822128771756,TRUE
