"UniqueID","ShootID","Tree","Flux.Rep","Light_condition","Mapping_basis"
"2 10.5 leaf 1","2 10.5 leaf 1","Blackgum",,"ambient","separate from 12:27 shoot by author decision; species mean"
"2 10.5 leaf 2","2 10.5 leaf 2","Blackgum",3,"ambient","measured sample identified"
"2 11.7 leaf 1","2 11.7 leaf 1","Blackgum",,"ambient","species mean; measured sample unassigned"
"2 11.7 leaf 2","2 11.7 leaf paired","Blackgum",,"ambient","same shoot confirmed; conflicting field sample numbers; species mean"
"2 11.7 leaf_s 1","2 11.7 leaf paired","Blackgum",,"shaded","same shoot confirmed; conflicting field sample numbers; species mean"
"2 9.1 leaf 1","2 9.1 leaf 1","Blackgum",4,"ambient","measured sample identified"
"2 7 leaf 1","2 7 leaf 1","Blackgum",,"ambient","species mean; measured sample unassigned"
"4 14.2 leaf 1","4 14.2 leaf 1","Hemlock",,"ambient","species mean; measured sample unassigned"
"4 12 leaf 1","4 12 leaf 1","Hemlock",,"ambient","species mean; measured sample unassigned"
"4 9.1 leaf 1","4 9.1 leaf 1","Hemlock",,"ambient","species mean; measured sample unassigned"
"5 16 leaf 1","5 16 leaf 1","Maple",,"ambient","species mean; measured sample unassigned"
"5 10 leaf 1","5 10 leaf 1","Maple",,"ambient","species mean; measured sample unassigned"
"321071 16 leaf 1","321071 16 leaf 1","Maple",1,"ambient","measured sample identified"
"321071 18 leaf 2","321071 18 leaf 2","Maple",2,"ambient","measured sample identified"
"321071 22 leaf 1","321071 22 leaf 1","Maple",3,"ambient","measured sample identified"
"321902 11 leaf 1","321902 11 leaf 1","Hemlock",1,"ambient","measured sample identified"
"321902 15 leaf 1","321902 15 leaf 1","Hemlock",2,"ambient","measured sample identified"
"321902 6 leaf 1","321902 6 leaf 1","Hemlock",3,"ambient","measured sample identified"
"300607 16 leaf 1","300607 16 leaf 1","Oak",1,"ambient","measured sample identified"
"300607 12 leaf 1","300607 12 leaf 1","Oak",2,"ambient","measured sample identified"
"300607 8 leaf 1","300607 8 leaf 1","Oak",3,"ambient","measured sample identified"
