"UniqueID","instrument","field_day","gas","sigma","dt_s","n","n_diff2","n_diff1","n_zero","ac1","zero_frac","sigma_d1c","d1c_ratio","allan_sd","t_sec","sigma_group"
"YMF_0.5m","YMF","2022-10-04","CH4",1.98528204264884,5,48,45,47,0,-0.551385486329803,0,2.32735146060708,1.17230268073238,1.66736528219637,239,1.14395825018492
"YMF_0.5m","YMF","2022-10-04","CO2",0.559873746783635,5,48,45,47,0,-0.485777586165107,0,0.821911506809137,1.46803008987447,0.68126764428177,239,0.559873746783635
"YMF_1.25m","YMF","2022-10-04","CH4",1.0894840477948,5,77,73,76,0,-0.623835212407776,0,1.02738938351145,0.943005439676668,1.14125684410239,383,1.14395825018492
"YMF_1.25m","YMF","2022-10-04","CO2",0.515689115956368,5,77,73,76,0,-0.557624991877575,0,0.543572852398668,1.05407082596767,0.620273687965606,383,0.559873746783635
"YMF_10m","YMF","2022-10-04","CH4",1.10764211525803,5,149,143,148,1,-0.71559960641933,0.00675675675675676,1.2475442514068,1.12630626284571,1.34810833108762,741,1.14395825018492
"YMF_10m","YMF","2022-10-04","CO2",0.849192288364681,5,149,143,148,0,-0.591552966120635,0,0.791509167909313,0.932072957743822,0.90747356302063,741,0.559873746783635
"YMF_2m","YMF","2022-10-04","CH4",1.28317010073639,5,69,65,68,0,-0.747648409961694,0,1.55156764040504,1.20916754490665,1.27292113484692,343,1.14395825018492
"YMF_2m","YMF","2022-10-04","CO2",0.988404138916288,5,69,65,68,0,-0.54045769597994,0,1.05517083112687,1.06754999254028,1.08424631478046,343,0.559873746783635
"YMF_4m","YMF","2022-10-04","CH4",1.14395825018492,5,62,58,61,0,-0.67475630998802,0,1.17415929544176,1.02640047855939,1.24250652272588,308,1.14395825018492
"YMF_4m","YMF","2022-10-04","CO2",0.509939061259635,5,62,58,61,0,-0.606990338545577,0,0.48748577891107,0.955968694978764,0.4868963761906,308,0.559873746783635
"YMF_4m_restart","YMF","2022-10-04","CH4",0.992641021324212,5,117,112,116,0,-0.639151042609084,0,1.13746681745924,1.14589946720299,1.10661743171697,582,1.14395825018492
"YMF_4m_restart","YMF","2022-10-04","CO2",0.68788812239956,5,117,112,116,0,-0.559147711861346,0,0.688246051301334,1.0005203301091,0.700567631788078,582,0.559873746783635
"YMF_6m","YMF","2022-10-04","CH4",1.43751367417402,5,166,160,165,1,-0.63486902632299,0.00606060606060606,1.5620512055429,1.08663398032748,1.30307272598056,826,1.14395825018492
"YMF_6m","YMF","2022-10-04","CO2",0.551702616425021,5,166,160,165,0,-0.643451970544526,0,0.516839761297132,0.936808610128048,0.554765945033938,826,0.559873746783635
"YMF_8m","YMF","2022-10-04","CH4",1.0985630815269,5,192,184,191,1,-0.683520690917073,0.00523560209424084,1.13222503489007,1.03064180285067,1.15474501330061,954,1.14395825018492
"YMF_8m","YMF","2022-10-04","CO2",0.519018094991253,5,192,184,191,0,-0.504301174592791,0,0.620627056161992,1.19577151962775,0.598589652274753,954,0.559873746783635
"YMF_Seam","YMF","2022-10-04","CH4",1.81580674632503,5,70,65,68,0,-0.690133354321912,0,1.72978824774882,0.952627944162941,1.59624775051871,575,1.14395825018492
"YMF_Seam","YMF","2022-10-04","CO2",0.606479453272681,5,70,65,68,0,-0.608125904685065,0,0.689294407815096,1.13655030536571,0.673736854980164,575,0.559873746783635
