"UniqueID","Height_m","Chamber","Stem_Temp_C","Stem_Diam_mm","Air_Temp_C","Notes","sys_start","sys_end","real_start","real_end","obs_length_sec","CO2_best.flux","CO2_model","CO2_quality.check","CO2_LM.flux","CO2_LM.r2","CO2_LM.p.val","CO2_LM.RMSE","CO2_HM.flux","CO2_HM.r2","CO2_HM.RMSE","CO2_LM.diagnose","CO2_HM.diagnose","CO2_nb.obs","CO2_flux.term","CO2_MDF","CO2_g.fact","CH4_best.flux","CH4_model","CH4_quality.check","CH4_LM.flux","CH4_LM.r2","CH4_LM.p.val","CH4_LM.RMSE","CH4_HM.flux","CH4_HM.r2","CH4_HM.RMSE","CH4_LM.diagnose","CH4_HM.diagnose","CH4_nb.obs","CH4_flux.term","CH4_MDF","CH4_g.fact"
"YMF_10m","10.0","Large stem (s6)",10.6,38.5,9.3,NA,2022-10-04 10:26:00,2022-10-04 10:36:00,2022-10-04 10:04:00,2022-10-04 10:14:00,600,1.09731407372464,"HM","",0.989737444125356,0.999026524050469,1.75082285571673e-223,2.89323191492191,1.09731407372464,0.999769549580697,1.40769764878489,"Noise (LM.MAE)","Noise (HM.MAE)",149,2.2761569619547,0.00337071624206704,1.10869208822785,0.0306840393066931,"HM","AICc",0.0265423992919272,0.665073921237439,5.90562629747041e-37,1.76089172033418,0.0306840393066931,0.665931303103025,1.75863641061905,"","",149,2.2761569619547,0.00688719318649359,1.15603864478166
"YMF_8m","8.0","Large stem (s6)",11.3,38.5,9.3,NA,2022-10-04 10:52:00,2022-10-04 11:07:00,2022-10-04 10:30:00,2022-10-04 10:45:00,900,1.2190721160156,"HM","",1.06999520481712,0.998731607593589,2.26349997370336e-277,4.6166245421767,1.2190721160156,0.9999173464781,1.17849683682608,"Noise (LM.MAE)","",192,2.27101733017835,0.00261222311426031,1.13932484045474,0.0744366757599961,"HM","AICc",0.0739757902704793,0.970695174412968,8.14683212799519e-148,1.55605584008292,0.0744366757599961,0.97052787072339,1.56049523863239,"","",192,2.27101733017835,0.0053374072280561,1.00623022056043
"YMF_6m","6.0","Large stem (s6)",11.4,41.1,9.3,NA,2022-10-04 11:22:00,2022-10-04 11:32:00,2022-10-04 11:00:00,2022-10-04 11:10:00,600,1.06700748829,"HM","",0.906185406866212,0.998014485619764,1.00781548562163e-223,4.23502656211206,1.06700748829,0.999860422432155,1.1228647114697,"Noise (LM.MAE)","",166,2.26751588714622,0.00301237119151321,1.17747149778095,0.0327494414017846,"HM","AICc",0.0326813688912162,0.859726359528916,4.58762835603426e-72,1.38250632850401,0.0327494414017846,0.859492457974167,1.38367415839523,"","",166,2.26751588714622,0.00615500708319985,1.00208291491079
"YMF_4m","4.0","Large stem (s6)",11.5,42.5,9.4,"battery died",2022-10-04 11:44:00,2022-10-04 11:54:00,2022-10-04 11:22:00,2022-10-04 11:32:00,600,1.28564109992505,"HM","AICc",1.26551960994157,0.999791962695814,2.18764550397031e-112,0.710998752972665,1.28564109992505,0.999795764899988,0.704654629061883,"","",62,2.26655532256648,0.00807520956355155,1.01589978521503,0.343466368449842,"HM","AICc",0.320860486165164,0.99007467292149,5.01306748403574e-62,1.25113422504825,0.343466368449842,0.990407805013714,1.22995859003021,"","",62,2.26655532256648,0.0164996173784996,1.07045393016403
"YMF_4m_restart","4 (restarted)","Large stem (s6)",NA,NA,9.7,NA,2022-10-04 12:32:00,2022-10-04 12:42:00,2022-10-04 12:10:00,2022-10-04 12:20:00,600,1.29958847440573,"HM","",1.27853805096221,0.999887278397298,4.41442093026646e-229,1.003946291558,1.29958847440573,0.999894443336438,0.971891773133964,"","",117,2.26099319489918,0.00426299148244874,1.0164644481466,0.384363569211378,"HM","",0.358270947361978,0.997780915269485,1.14790757577001e-154,1.24952730832149,0.384363569211378,0.998122550225431,1.14932531698564,"","",117,2.26099319489918,0.00871032854251671,1.07282929872356
"YMF_2m","2.0","Large stem (s6)",12.9,46,9.7,NA,2022-10-04 12:53:00,2022-10-04 12:58:00,2022-10-04 12:31:00,2022-10-04 12:36:00,300,1.16702933478796,"HM","",1.08694954002875,0.997341812842276,3.13262631310563e-88,2.44875624758245,1.16702933478796,0.997707251307285,2.27421231286376,"Noise (LM.MAE)","Noise (HM.MAE)",69,2.25243786750044,0.00720604374639235,1.07367388439862,0.0371349095748844,"HM","AICc",0.0371043179696165,0.497133148131768,8.18447996951748e-12,1.61652391538232,0.0371349095748844,0.496975719496566,1.61678069534197,"","",69,2.25243786750044,0.0147237001953311,1.00082447561206
"YMF_1.25m","1.25","Large stem (s6)",12.9,46,9.7,NA,2022-10-04 13:00:00,2022-10-04 13:05:00,2022-10-04 12:38:00,2022-10-04 12:43:00,300,1.28385345188934,"HM","",1.22747757342384,0.999633472356177,7.96761925952472e-131,1.1474396140762,1.28385345188934,0.99977497116895,0.899074238592826,"","",77,2.24784114693663,0.006440284268141,1.04592823501308,0.0443912653180071,"HM","AICc",0.037406739592681,0.693680686527493,3.58541741421322e-21,1.20999491759047,0.0443912653180071,0.695258815852541,1.20687400068568,"","",77,2.24784114693663,0.0131590673154446,1.18671837752715
"YMF_0.5m","0.5","Large stem (s6)",12.9,NA,9.8,NA,2022-10-04 13:08:00,2022-10-04 13:13:00,2022-10-04 12:46:00,2022-10-04 12:51:00,300,1.10147085029077,"HM","",1.05183548735893,0.998592889197321,1.84169642942053e-67,1.1975836661462,1.10147085029077,0.998747896186046,1.12969676375376,"","",48,2.24758121193978,0.0103194294544325,1.04718928342727,-0.00437387748466349,"HM","AICc | MDF",-0.00389395255460912,-0.016477614613488,0.627895065283225,1.65939118535001,-0.00437387748466349,-0.0161857955795053,1.65915297218831,"MDF (LM)","MDF (HM)",48,2.24758121193978,0.0210851045068941,1.12324878727305
"YMF_Seam","Seam","Large stem (s6)",NA,NA,NA,NA,2022-10-04 13:16:00,2022-10-04 13:21:00,2022-10-04 12:54:00,2022-10-04 12:59:00,300,1.29592767022994,"HM","",1.21830830268424,0.999713524615498,2.03962851563755e-122,1.7955954188882,1.29592767022994,0.999884540341955,1.13993468094949,"Noise (LM.MAE)","",70,2.24707891382181,0.00428833469847012,1.06371077614318,0.00933095135088507,"HM","AICc",0.00933809045098793,0.030518900730106,0.0793724420639434,3.79189154513842,0.00933095135088507,0.0305018423219471,3.7919252851978,"","",70,2.24707891382181,0.00876211089741444,0.999235486083549
