"instrument","UniqueID","Height_m","Chamber","Stem_Temp_C","Stem_Diam_mm","Air_Temp_C","Notes","sys_start","sys_end","real_start","real_end","obs_length_sec","CO2_best.flux","CO2_model","CO2_quality.check","CO2_LM.flux","CO2_LM.r2","CO2_LM.p.val","CO2_LM.RMSE","CO2_HM.flux","CO2_HM.r2","CO2_HM.RMSE","CO2_LM.diagnose","CO2_HM.diagnose","CO2_nb.obs","CO2_flux.term","CO2_MDF","CO2_g.fact","CH4_best.flux","CH4_model","CH4_quality.check","CH4_LM.flux","CH4_LM.r2","CH4_LM.p.val","CH4_LM.RMSE","CH4_HM.flux","CH4_HM.r2","CH4_HM.RMSE","CH4_LM.diagnose","CH4_HM.diagnose","CH4_nb.obs","CH4_flux.term","CH4_MDF","CH4_g.fact","allan_sd_CO2","allan_sd_CH4","n_meas_pts","dt_s","t_sec","flat_sd_CO2","flat_sd_CH4","mad_sd_CO2","mad_sd_CH4","CO2_MDF_goflux","CH4_MDF_goflux","CO2_MDF_wass99","CH4_MDF_wass99","CO2_MDF_wass95","CH4_MDF_wass95","CO2_MDF_wass90","CH4_MDF_wass90","CO2_MDF_chr99","CH4_MDF_chr99","CO2_MDF_chr95","CH4_MDF_chr95","CO2_MDF_chr90","CH4_MDF_chr90","CO2_below_MDF_goflux","CO2_below_MDF_wass99","CO2_below_MDF_wass95","CO2_below_MDF_wass90","CO2_below_MDF_chr99","CO2_below_MDF_chr95","CO2_below_MDF_chr90","CO2_below_any_MDF","CO2_below_all_MDF","CH4_below_MDF_goflux","CH4_below_MDF_wass99","CH4_below_MDF_wass95","CH4_below_MDF_wass90","CH4_below_MDF_chr99","CH4_below_MDF_chr95","CH4_below_MDF_chr90","CH4_below_any_MDF","CH4_below_all_MDF","CH4_best.r2","CO2_best.r2","CH4_noise_floor","CH4_SNR"
"YMF","YMF_0.5m","0.5","Large stem (s6)",12.9,NA,9.8,NA,"2022-10-04 13:08:00","2022-10-04 13:13:00","2022-10-04 12:46:00","2022-10-04 12:51:00",300,1.12174549713261,"HM","",1.07119650180274,0.998592889197321,1.84169642942053e-67,1.1975836661462,1.12174549713261,0.998747896186046,1.12969676375376,"Noise (LM.MAE)","Noise (HM.MAE)",48,2.28895217995805,0.00194804440847494,1.04718928342727,-0.00476396815325628,"HM","AICc | MDF",-0.00396562808995602,-0.016477614613488,0.627895065283225,1.65939118535001,-0.00476396815325628,-0.0160211732658191,1.6590185751789,"MDF (LM)","MDF (HM)",48,2.28895217995805,0.0136363108593246,1.20131491032209,0.68126764428177,1.66736528219637,48,5,239,1.10388215394272,1.24063893013517,1.04228663609991,1.40029850566019,0.00335202202085907,0.00861948519649475,0.0257124267610096,0.0345443100998252,0.019564739921729,0.0262849729883723,0.0164192473302872,0.022059044704534,0.0525953904924861,0.128724340348185,0.0394002599359597,0.096429980314111,0.0328579667389861,0.0804180756916869,FALSE,FALSE,FALSE,FALSE,FALSE,FALSE,FALSE,FALSE,FALSE,TRUE,TRUE,TRUE,TRUE,TRUE,TRUE,TRUE,TRUE,TRUE,-0.0160211732658191,0.998747896186046,0.0159687004078233,0.298331613192665
"YMF","YMF_1.25m","1.25","Large stem (s6)",12.9,46,9.7,NA,"2022-10-04 13:00:00","2022-10-04 13:05:00","2022-10-04 12:38:00","2022-10-04 12:43:00",300,1.30748519423355,"HM","",1.2500716114784,0.999633472356177,7.96761925952472e-131,1.1474396140762,1.30748519423355,0.99977497116895,0.899074238592826,"Noise (LM.MAE)","Noise (HM.MAE)",77,2.2892168995484,0.00120803002614691,1.04592823501308,0.0452083702163778,"HM","AICc",0.0380952811319747,0.693680686527493,3.58541741421322e-21,1.20999491759047,0.0452083702163778,0.695258815852541,1.20687400068568,"","",77,2.2892168995484,0.00845621018302839,1.18671837752715,0.620273687965606,1.14125684410239,77,5,383,1.10388215394272,1.24063893013517,1.04228663609991,1.40029850566019,0.00209197366799462,0.0053793608605576,0.0160469470037929,0.0215588640701574,0.0122102183347026,0.0164042691287369,0.0102471382495419,0.0137668966301046,0.0293959272254283,0.0540862909158513,0.0221566648218679,0.0407665936199463,0.0185232829091659,0.0340814447001055,FALSE,FALSE,FALSE,FALSE,FALSE,FALSE,FALSE,FALSE,FALSE,FALSE,FALSE,FALSE,FALSE,TRUE,FALSE,FALSE,TRUE,FALSE,0.695258815852541,0.99977497116895,0.00682136933223095,6.62746261264118
"YMF","YMF_10m","10.0","Large stem (s6)",10.6,38.5,9.3,NA,"2022-10-04 10:26:00","2022-10-04 10:36:00","2022-10-04 10:04:00","2022-10-04 10:14:00",600,1.10641430554187,"HM","",0.997945522737853,0.999026524050469,1.75082285571673e-223,2.89323191492191,1.10641430554187,0.999769549580697,1.40769764878489,"Noise (LM.MAE)","Noise (HM.MAE)",149,2.29503355936848,0.00062280422235237,1.10869208822785,0.0309385078107122,"HM","AICc",0.0267625203970198,0.665073921237439,5.90562629747041e-37,1.76089172033418,0.0309385078107122,0.665931303103025,1.75863641061905,"","",149,2.29503355936848,0.00435962955646659,1.15603864478166,0.90747356302063,1.34810833108762,149,5,741,1.10388215394272,1.24063893013517,1.04228663609991,1.40029850566019,0.00108402394841966,0.00278749015307913,0.00831524560622593,0.0111714240529508,0.00632712031358345,0.00850040364462075,0.00530988675202536,0.00713376361795091,0.0220046589128432,0.0326892872828197,0.0166634254910668,0.0247545533494008,0.0139572212527929,0.0207343189008092,FALSE,FALSE,FALSE,FALSE,FALSE,FALSE,FALSE,FALSE,FALSE,FALSE,FALSE,FALSE,FALSE,TRUE,FALSE,FALSE,TRUE,FALSE,0.665931303103025,0.999769549580697,0.00417537633132298,7.40975312299796
"YMF","YMF_2m","2.0","Large stem (s6)",12.9,46,9.7,NA,"2022-10-04 12:53:00","2022-10-04 12:58:00","2022-10-04 12:31:00","2022-10-04 12:36:00",300,1.1872653905807,"HM","",1.10579702815972,0.997341812842276,3.13262631310563e-88,2.44875624758245,1.1872653905807,0.997707251307285,2.27421231286376,"Noise (LM.MAE)","Noise (HM.MAE)",69,2.29149469066478,0.00135191427177863,1.07367388439862,0.0377788214969031,"HM","AICc",0.0377476994393041,0.497133148131768,8.18447996951748e-12,1.61652391538232,0.0377788214969031,0.496975719496566,1.61678069534197,"","",69,2.29149469066478,0.00946339990245041,1.00082447561206,1.08424631478046,1.27292113484692,69,5,343,1.10388215394272,1.24063893013517,1.04228663609991,1.40029850566019,0.00233825988843345,0.00601266828454316,0.0179361399643022,0.0240969701802039,0.0136477166026753,0.0183355293088188,0.0114535248252454,0.0153876612649916,0.0576128899207977,0.06763838089193,0.0433746815566081,0.0509225146703318,0.0362450037679692,0.0425521679897948,FALSE,FALSE,FALSE,FALSE,FALSE,FALSE,FALSE,FALSE,FALSE,FALSE,FALSE,FALSE,FALSE,TRUE,TRUE,TRUE,TRUE,FALSE,0.496975719496566,0.997707251307285,0.0085040583735764,4.44244616362095
"YMF","YMF_4m","4.0","Large stem (s6)",11.5,42.5,9.4,"battery died","2022-10-04 11:44:00","2022-10-04 11:54:00","2022-10-04 11:22:00","2022-10-04 11:32:00",600,1.30069097796678,"HM","AICc",1.28033394326534,0.999791962695814,2.18764550397031e-112,0.710998752972665,1.30069097796678,0.999795764899988,0.704654629061883,"Noise (LM.MAE)","Noise (HM.MAE)",62,2.29308790711238,0.00150861046520551,1.01589978521503,0.347487029392391,"HM","AICc",0.324616519777869,0.99007467292149,5.01306748403574e-62,1.25113422504825,0.347487029392391,0.990407805013714,1.22995859003021,"","",62,2.29308790711238,0.0105602732564386,1.07045393016403,0.4868963761906,1.24250652272588,62,5,308,1.10388215394272,1.24063893013517,1.04228663609991,1.40029850566019,0.0026057817126277,0.00670058154675696,0.0199882253231579,0.0268539201035427,0.0152091606746942,0.0204333090605592,0.0127639299987082,0.0171481735297133,0.0289304792732068,0.0738274322018649,0.0217531646265964,0.0555117069261065,0.0181682444441756,0.046363381064741,FALSE,FALSE,FALSE,FALSE,FALSE,FALSE,FALSE,FALSE,FALSE,FALSE,FALSE,FALSE,FALSE,FALSE,FALSE,FALSE,FALSE,FALSE,0.990407805013714,0.999795764899988,0.0092505736421135,37.5638358047815
"YMF","YMF_4m_restart","4 (restarted)","Large stem (s6)",NA,NA,9.7,NA,"2022-10-04 12:32:00","2022-10-04 12:42:00","2022-10-04 12:10:00","2022-10-04 12:20:00",600,1.31758370670838,"HM","",1.29624180079376,0.999887278397298,4.41442093026646e-229,1.003946291558,1.31758370670838,0.999894443336438,0.971891773133964,"Noise (LM.MAE)","Noise (HM.MAE)",117,2.29230087312057,0.000793183693121306,1.0164644481466,0.389685801481711,"HM","",0.36323187849675,0.997780915269485,1.14790757577001e-154,1.24952730832149,0.389685801481711,0.998122550225431,1.14932531698564,"","",117,2.29230087312057,0.00555228585184914,1.07282929872356,0.700567631788078,1.10661743171697,117,5,582,1.10388215394272,1.24063893013517,1.04228663609991,1.40029850566019,0.00137853145290756,0.00354479516461944,0.0105743305980877,0.0142064752842516,0.00804607164935854,0.0108097923515462,0.00675247618810943,0.00907186371600885,0.0216819447569123,0.0342488247141591,0.0163969185152475,0.0259005912235816,0.0137265048187808,0.0216824026971385,FALSE,FALSE,FALSE,FALSE,FALSE,FALSE,FALSE,FALSE,FALSE,FALSE,FALSE,FALSE,FALSE,FALSE,FALSE,FALSE,FALSE,FALSE,0.998122550225431,0.999894443336438,0.00435859124559322,89.4063653882905
"YMF","YMF_6m","6.0","Large stem (s6)",11.4,41.1,9.3,NA,"2022-10-04 11:22:00","2022-10-04 11:32:00","2022-10-04 11:00:00","2022-10-04 11:10:00",600,1.07911649803215,"HM","",0.916469315873757,0.998014485619764,1.00781548562163e-223,4.23502656211206,1.07911649803215,0.999860422432155,1.1228647114697,"Noise (LM.MAE)","Noise (HM.MAE)",166,2.29324895113058,0.00055796811463031,1.17747149778095,0.0331211007475123,"HM","AICc",0.0330522557112562,0.859726359528916,4.58762835603426e-72,1.38250632850401,0.0331211007475123,0.859492457974167,1.38367415839523,"","",166,2.29324895113058,0.00390577680241217,1.00208291491079,0.554765945033938,1.30307272598056,166,5,826,1.10388215394272,1.24063893013517,1.04228663609991,1.40029850566019,0.00097171565725872,0.00249869740437957,0.00745376000345841,0.0100140293781835,0.00567161074534545,0.00761973508660841,0.00475976578076134,0.00639468326585523,0.0120420343946727,0.028285165528785,0.00912361493596466,0.0214301795051192,0.00764345437067255,0.0179534757168466,FALSE,FALSE,FALSE,FALSE,FALSE,FALSE,FALSE,FALSE,FALSE,FALSE,FALSE,FALSE,FALSE,FALSE,FALSE,FALSE,FALSE,FALSE,0.859492457974167,0.999860422432155,0.00361776048680602,9.15513917195597
"YMF","YMF_8m","8.0","Large stem (s6)",11.3,38.5,9.3,NA,"2022-10-04 10:52:00","2022-10-04 11:07:00","2022-10-04 10:30:00","2022-10-04 10:45:00",900,1.2320308651372,"HM","",1.08136926484062,0.998731607593589,2.26349997370336e-277,4.6166245421767,1.2320308651372,0.9999173464781,1.17849683682608,"Noise (LM.MAE)","Noise (HM.MAE)",192,2.29515826773728,0.00048319121426048,1.13932484045474,0.0752279383883071,"HM","AICc",0.0747621536813002,0.970695174412968,8.14683212799519e-148,1.55605584008292,0.0752279383883071,0.97052787072339,1.56049523863239,"","",192,2.29515826773728,0.00338233849982336,1.00623022056043,0.598589652274753,1.15474501330061,192,5,954,1.10388215394272,1.24063893013517,1.04228663609991,1.40029850566019,0.00084203919675896,0.00216524364880875,0.00645904801395527,0.00867764678992012,0.0049147284194358,0.00660287355042126,0.00412457010942858,0.00554130616347068,0.0112412360542228,0.0216855757990796,0.00852192956654063,0.0164397356908284,0.00714109327294902,0.0137759512131817,FALSE,FALSE,FALSE,FALSE,FALSE,FALSE,FALSE,FALSE,FALSE,FALSE,FALSE,FALSE,FALSE,FALSE,FALSE,FALSE,FALSE,FALSE,0.97052787072339,0.9999173464781,0.00277811589560303,27.0787617274612
"YMF","YMF_Seam","Seam","Large stem (s6)",NA,NA,NA,NA,"2022-10-04 13:16:00","2022-10-04 13:21:00","2022-10-04 12:54:00","2022-10-04 12:59:00",300,1.31754276793237,"HM","",1.2386287677836,0.999713524615498,2.03962851563755e-122,1.7955954188882,1.31754276793237,0.999884540341955,1.13993468094949,"Noise (LM.MAE)","Noise (HM.MAE)",70,2.28455849804792,0.000800195621032545,1.06371077614318,0.00948658459318646,"HM","AICc",0.00949384276810327,0.030518900730106,0.0793724420639434,3.79189154513842,0.00948658459318646,0.0305018423219471,3.7919252851978,"Noise (LM.MAE)","Noise (HM.MAE)",70,2.28455849804792,0.00560136934722782,0.999235486083549,9.92098077379785,2.41585239537704,70,5,575,1.10388215394272,1.24063893013517,1.04228663609991,1.40029850566019,0.00139060082489873,0.00357583069259674,0.0106669113870692,0.014330856367126,0.00811651692762834,0.0109044346643951,0.00681159572927329,0.00915129004872749,0.313378717145777,0.0763106734846531,0.235969173528277,0.0574607194692911,0.197194577525347,0.0480187396117294,FALSE,FALSE,FALSE,FALSE,FALSE,FALSE,FALSE,FALSE,FALSE,FALSE,TRUE,TRUE,FALSE,TRUE,TRUE,TRUE,TRUE,FALSE,0.0305018423219471,0.999884540341955,0.00959853238241397,0.988336988951288
