form,branch_rule,component,integrated,total,share_pct
const_top,Upland median,stem_lo,10.7715305739248,13.35267273874588,80.66947183292153
const_top,Upland median,stem_up,2.495547245603438,13.35267273874588,18.689496061429175
const_top,Upland median,branch,0.08559491921764345,13.35267273874588,0.641032105649305
const_top,Upland tree mean,stem_lo,10.7715305739248,13.595912078846016,79.22624470839516
const_top,Upland tree mean,stem_up,2.495547245603438,13.595912078846016,18.35512932954516
const_top,Upland tree mean,branch,0.32883425931777877,13.595912078846016,2.418625962059688
exp,Upland median,stem_lo,10.7715305739248,12.029807656035947,89.54033914682078
exp,Upland median,stem_up,1.1726821628935051,12.029807656035947,9.74813726389975
exp,Upland median,branch,0.08559491921764345,12.029807656035947,0.7115235892794699
exp,Upland tree mean,stem_lo,10.7715305739248,12.273046996136083,87.76574046621018
exp,Upland tree mean,stem_up,1.1726821628935051,12.273046996136083,9.554939073098149
exp,Upland tree mean,branch,0.32883425931777877,12.273046996136083,2.6793204606916725
zero_above_top,Upland median,stem_lo,10.7715305739248,11.851832756605335,90.88493564779291
zero_above_top,Upland median,stem_up,0.9947072634628933,11.851832756605335,8.392856057714086
zero_above_top,Upland median,branch,0.08559491921764345,11.851832756605335,0.7222082944930114
zero_above_top,Upland tree mean,stem_lo,10.7715305739248,12.09507209670547,89.0571836844099
zero_above_top,Upland tree mean,stem_up,0.9947072634628933,12.09507209670547,8.224070559561508
zero_above_top,Upland tree mean,branch,0.32883425931777877,12.09507209670547,2.718745756028595
