site,tree,species,component,height_m,flux,below_mdf,n
Black Gum Swamp,Black Gum Swamp bg (2024),bg,stem,0.25,146.92306447391445,FALSE,14
Black Gum Swamp,Black Gum Swamp bg (2024),bg,stem,0.25,158.85785553132212,FALSE,8
Black Gum Swamp,Black Gum Swamp bg (2024),bg,stem,0.25,147.5667851723233,FALSE,8
Black Gum Swamp,Black Gum Swamp bg (2024),bg,stem,1,66.8966912157641,FALSE,14
Black Gum Swamp,Black Gum Swamp bg (2024),bg,stem,1,61.654648753329376,FALSE,9
Black Gum Swamp,Black Gum Swamp bg (2024),bg,stem,1,61.47710342068076,FALSE,9
Black Gum Swamp,Black Gum Swamp bg (2024),bg,stem,2,26.574957209692645,FALSE,14
Black Gum Swamp,Black Gum Swamp bg (2024),bg,stem,2,25.885906386359984,FALSE,7
Black Gum Swamp,Black Gum Swamp bg (2024),bg,stem,2,24.012772283200903,FALSE,4
Black Gum Swamp,Black Gum Swamp bg (2024),bg,stem,3,6.727654731228999,FALSE,15
Black Gum Swamp,Black Gum Swamp bg (2024),bg,stem,3,10.24762922425335,FALSE,1
Black Gum Swamp,Black Gum Swamp bg (2024),bg,stem,3,7.487412373814119,FALSE,1
Black Gum Swamp,Black Gum Swamp bg (2024),bg,stem,3.6,4.58637727281421,FALSE,1
