bin,m,h,ntree,lo,hi,valid_draws,hb
"[0,2)",0.633323510912699,0.8964285714285715,7,0.18010095867434972,1.3050196126686748,2000,0–2
"[2,4)",0.44364501516130084,2.2857142857142856,7,0.11189092130242925,0.8428755227689778,2000,2–4
"[4,6)",0.42178496294002404,4.6,6,0.14151657057161016,0.7719495016824564,2000,4–6
"[6,8)",0.3533802186896065,6.333333333333333,6,0.03745541704617846,0.982691098053905,2000,6–8
"[8,10)",0.24492467507664129,8.6,7,0.045199787897702584,0.5216211294601252,2000,8–10
"[10,12)",0.14983649269886276,10.525,4,0.0537673070380604,0.2711116954115448,1991,10–12
"[12,14)",0.11234098519298566,12.333333333333334,3,-0.03636030809684225,0.28407987762437636,1963,12–14
"[14,16)",0.04851669880183465,14.4,3,0.02106021813191385,0.0954007256389552,1957,14–16
"[16,18)",0.057113000950639745,16,2,0.0391498716528223,0.0745845038225953,1821,16–18
"[18,20)",0.02363737179841775,18,1,0.0215773529720527,0.0256973906247828,1338,18–20
"[22,24)",0.0483626170397156,22,1,0.0480662959229909,0.0486589381564403,1338,22–24
