form,f_up,area_set,stem,branch,branch_rule,f_branch,stem_lo_g,stem_up_g,branch_g,woody_component,ntree,cohort,soil_JulAug,offset_pct_of_soil_sink,woody_flux,wa,A,Tg
Constant (basal mean),0.8672046920351691,Whittaker & Woodwell 1967,0.45,1.7,equal_upper_stem,0.8672046920351691,0.06426727162904831,0.32532470913871325,1.4742479764597876,1.8638399572275492,5,EMS hem 321902; EMS rm 321071; EMS ro 300607; Swamp Rd bg 2; Swamp Rd rm 5,-1.9182669682539684,97.16269883560788,0.8669023056872323,Consensus (132 M km²),131.9,57.858273544793846
Constant (basal mean),0.8672046920351691,Whittaker & Woodwell 1967,0.45,1.7,equal_upper_stem,0.8672046920351691,0.06426727162904831,0.32532470913871325,1.4742479764597876,1.8638399572275492,5,EMS hem 321902; EMS rm 321071; EMS ro 300607; Swamp Rd bg 2; Swamp Rd rm 5,-1.9182669682539684,97.16269883560788,0.8669023056872323,Consensus + shrubs (207 M km²),206.6,90.62562027562097
Constant (basal mean),0.8672046920351691,Whittaker & Woodwell 1967,0.45,1.7,equal_upper_stem,0.8672046920351691,0.06426727162904831,0.32532470913871325,1.4742479764597876,1.8638399572275492,5,EMS hem 321902; EMS rm 321071; EMS ro 300607; Swamp Rd bg 2; Swamp Rd rm 5,-1.9182669682539684,97.16269883560788,0.8669023056872323,MODIS VCF (90 M km²),90.4,39.654192027667655
Constant (basal mean),0.8672046920351691,Whittaker & Woodwell 1967,0.45,1.7,measured_mean,0.2121510105626173,0.06426727162904831,0.32532470913871325,0.3606567179564494,0.750248698724211,5,EMS hem 321902; EMS rm 321071; EMS ro 300607; Swamp Rd bg 2; Swamp Rd rm 5,-1.9182669682539684,39.11075523586256,0.34895288312753997,Consensus (132 M km²),131.9,23.289603953968395
Constant (basal mean),0.8672046920351691,Whittaker & Woodwell 1967,0.45,1.7,measured_mean,0.2121510105626173,0.06426727162904831,0.32532470913871325,0.3606567179564494,0.750248698724211,5,EMS hem 321902; EMS rm 321071; EMS ro 300607; Swamp Rd bg 2; Swamp Rd rm 5,-1.9182669682539684,39.11075523586256,0.34895288312753997,Consensus + shrubs (207 M km²),206.6,36.47939482099978
Constant (basal mean),0.8672046920351691,Whittaker & Woodwell 1967,0.45,1.7,measured_mean,0.2121510105626173,0.06426727162904831,0.32532470913871325,0.3606567179564494,0.750248698724211,5,EMS hem 321902; EMS rm 321071; EMS ro 300607; Swamp Rd bg 2; Swamp Rd rm 5,-1.9182669682539684,39.11075523586256,0.34895288312753997,MODIS VCF (90 M km²),90.4,15.961942361173186
Constant (basal mean),0.8672046920351691,Whittaker & Woodwell 1967,0.45,1.7,measured_median,0.0552225285275119,0.06426727162904831,0.32532470913871325,0.09387829849677023,0.4834702792645318,5,EMS hem 321902; EMS rm 321071; EMS ro 300607; Swamp Rd bg 2; Swamp Rd rm 5,-1.9182669682539684,25.20349290613041,0.22486989733234036,Consensus (132 M km²),131.9,15.008131765816662
Constant (basal mean),0.8672046920351691,Whittaker & Woodwell 1967,0.45,1.7,measured_median,0.0552225285275119,0.06426727162904831,0.32532470913871325,0.09387829849677023,0.4834702792645318,5,EMS hem 321902; EMS rm 321071; EMS ro 300607; Swamp Rd bg 2; Swamp Rd rm 5,-1.9182669682539684,25.20349290613041,0.22486989733234036,Consensus + shrubs (207 M km²),206.6,23.50780911916393
Constant (basal mean),0.8672046920351691,Whittaker & Woodwell 1967,0.45,1.7,measured_median,0.0552225285275119,0.06426727162904831,0.32532470913871325,0.09387829849677023,0.4834702792645318,5,EMS hem 321902; EMS rm 321071; EMS ro 300607; Swamp Rd bg 2; Swamp Rd rm 5,-1.9182669682539684,25.20349290613041,0.22486989733234036,MODIS VCF (90 M km²),90.4,10.286088791734846
Constant (basal mean),0.8672046920351691,Woody area index 3.07 (Gauci 2024 temperate),0.45,2.62,equal_upper_stem,0.8672046920351691,0.06426727162904831,0.32532470913871325,2.272076293132143,2.6616682738999047,5,EMS hem 321902; EMS rm 321071; EMS ro 300607; Swamp Rd bg 2; Swamp Rd rm 5,-1.9182669682539684,138.75379798269634,0.8669929230944314,Consensus (132 M km²),131.9,57.864321477414684
Constant (basal mean),0.8672046920351691,Woody area index 3.07 (Gauci 2024 temperate),0.45,2.62,equal_upper_stem,0.8672046920351691,0.06426727162904831,0.32532470913871325,2.272076293132143,2.6616682738999047,5,EMS hem 321902; EMS rm 321071; EMS ro 300607; Swamp Rd bg 2; Swamp Rd rm 5,-1.9182669682539684,138.75379798269634,0.8669929230944314,Consensus + shrubs (207 M km²),206.6,90.63509338312262
Constant (basal mean),0.8672046920351691,Woody area index 3.07 (Gauci 2024 temperate),0.45,2.62,equal_upper_stem,0.8672046920351691,0.06426727162904831,0.32532470913871325,2.272076293132143,2.6616682738999047,5,EMS hem 321902; EMS rm 321071; EMS ro 300607; Swamp Rd bg 2; Swamp Rd rm 5,-1.9182669682539684,138.75379798269634,0.8669929230944314,MODIS VCF (90 M km²),90.4,39.658337085354724
Constant (basal mean),0.8672046920351691,Woody area index 3.07 (Gauci 2024 temperate),0.45,2.62,measured_mean,0.2121510105626173,0.06426727162904831,0.32532470913871325,0.5558356476740574,0.9454276284418188,5,EMS hem 321902; EMS rm 321071; EMS ro 300607; Swamp Rd bg 2; Swamp Rd rm 5,-1.9182669682539684,49.28550843485355,0.30795688222860546,Consensus (132 M km²),131.9,20.55347345957225
Constant (basal mean),0.8672046920351691,Woody area index 3.07 (Gauci 2024 temperate),0.45,2.62,measured_mean,0.2121510105626173,0.06426727162904831,0.32532470913871325,0.5558356476740574,0.9454276284418188,5,EMS hem 321902; EMS rm 321071; EMS ro 300607; Swamp Rd bg 2; Swamp Rd rm 5,-1.9182669682539684,49.28550843485355,0.30795688222860546,Consensus + shrubs (207 M km²),206.6,32.19368928542552
Constant (basal mean),0.8672046920351691,Woody area index 3.07 (Gauci 2024 temperate),0.45,2.62,measured_mean,0.2121510105626173,0.06426727162904831,0.32532470913871325,0.5558356476740574,0.9454276284418188,5,EMS hem 321902; EMS rm 321071; EMS ro 300607; Swamp Rd bg 2; Swamp Rd rm 5,-1.9182669682539684,49.28550843485355,0.30795688222860546,MODIS VCF (90 M km²),90.4,14.086686889653762
Constant (basal mean),0.8672046920351691,Woody area index 3.07 (Gauci 2024 temperate),0.45,2.62,measured_median,0.0552225285275119,0.06426727162904831,0.32532470913871325,0.1446830247420812,0.5342750055098427,5,EMS hem 321902; EMS rm 321071; EMS ro 300607; Swamp Rd bg 2; Swamp Rd rm 5,-1.9182669682539684,27.851962961972227,0.1740309464201442,Consensus (132 M km²),131.9,11.615069007405411
Constant (basal mean),0.8672046920351691,Woody area index 3.07 (Gauci 2024 temperate),0.45,2.62,measured_median,0.0552225285275119,0.06426727162904831,0.32532470913871325,0.1446830247420812,0.5342750055098427,5,EMS hem 321902; EMS rm 321071; EMS ro 300607; Swamp Rd bg 2; Swamp Rd rm 5,-1.9182669682539684,27.851962961972227,0.1740309464201442,Consensus + shrubs (207 M km²),206.6,18.193125526383305
Constant (basal mean),0.8672046920351691,Woody area index 3.07 (Gauci 2024 temperate),0.45,2.62,measured_median,0.0552225285275119,0.06426727162904831,0.32532470913871325,0.1446830247420812,0.5342750055098427,5,EMS hem 321902; EMS rm 321071; EMS ro 300607; Swamp Rd bg 2; Swamp Rd rm 5,-1.9182669682539684,27.851962961972227,0.1740309464201442,MODIS VCF (90 M km²),90.4,7.960593163528804
Constant (top chamber),0.8149016234725448,Whittaker & Woodwell 1967,0.45,1.7,equal_upper_stem,0.8149016234725448,0.06426727162904831,0.30570364305884035,1.385332759903326,1.7553036745912147,5,EMS hem 321902; EMS rm 321071; EMS ro 300607; Swamp Rd bg 2; Swamp Rd rm 5,-1.9182669682539684,91.5046603856665,0.8164203137633557,Consensus (132 M km²),131.9,54.48903472900563
Constant (top chamber),0.8149016234725448,Whittaker & Woodwell 1967,0.45,1.7,equal_upper_stem,0.8149016234725448,0.06426727162904831,0.30570364305884035,1.385332759903326,1.7553036745912147,5,EMS hem 321902; EMS rm 321071; EMS ro 300607; Swamp Rd bg 2; Swamp Rd rm 5,-1.9182669682539684,91.5046603856665,0.8164203137633557,Consensus + shrubs (207 M km²),206.6,85.3482530326957
Constant (top chamber),0.8149016234725448,Whittaker & Woodwell 1967,0.45,1.7,equal_upper_stem,0.8149016234725448,0.06426727162904831,0.30570364305884035,1.385332759903326,1.7553036745912147,5,EMS hem 321902; EMS rm 321071; EMS ro 300607; Swamp Rd bg 2; Swamp Rd rm 5,-1.9182669682539684,91.5046603856665,0.8164203137633557,MODIS VCF (90 M km²),90.4,37.34502456028893
Constant (top chamber),0.8149016234725448,Whittaker & Woodwell 1967,0.45,1.7,measured_mean,0.2121510105626173,0.06426727162904831,0.30570364305884035,0.3606567179564494,0.730627632644338,5,EMS hem 321902; EMS rm 321071; EMS ro 300607; Swamp Rd bg 2; Swamp Rd rm 5,-1.9182669682539684,38.08790146187863,0.3398268058810875,Consensus (132 M km²),131.9,22.680516782032015
Constant (top chamber),0.8149016234725448,Whittaker & Woodwell 1967,0.45,1.7,measured_mean,0.2121510105626173,0.06426727162904831,0.30570364305884035,0.3606567179564494,0.730627632644338,5,EMS hem 321902; EMS rm 321071; EMS ro 300607; Swamp Rd bg 2; Swamp Rd rm 5,-1.9182669682539684,38.08790146187863,0.3398268058810875,Consensus + shrubs (207 M km²),206.6,35.525358356086535
Constant (top chamber),0.8149016234725448,Whittaker & Woodwell 1967,0.45,1.7,measured_mean,0.2121510105626173,0.06426727162904831,0.30570364305884035,0.3606567179564494,0.730627632644338,5,EMS hem 321902; EMS rm 321071; EMS ro 300607; Swamp Rd bg 2; Swamp Rd rm 5,-1.9182669682539684,38.08790146187863,0.3398268058810875,MODIS VCF (90 M km²),90.4,15.544493685335059
Constant (top chamber),0.8149016234725448,Whittaker & Woodwell 1967,0.45,1.7,measured_median,0.0552225285275119,0.06426727162904831,0.30570364305884035,0.09387829849677023,0.4638492131846589,5,EMS hem 321902; EMS rm 321071; EMS ro 300607; Swamp Rd bg 2; Swamp Rd rm 5,-1.9182669682539684,24.18063913214647,0.21574382008588786,Consensus (132 M km²),131.9,14.399044593880276
Constant (top chamber),0.8149016234725448,Whittaker & Woodwell 1967,0.45,1.7,measured_median,0.0552225285275119,0.06426727162904831,0.30570364305884035,0.09387829849677023,0.4638492131846589,5,EMS hem 321902; EMS rm 321071; EMS ro 300607; Swamp Rd bg 2; Swamp Rd rm 5,-1.9182669682539684,24.18063913214647,0.21574382008588786,Consensus + shrubs (207 M km²),206.6,22.553772654250682
Constant (top chamber),0.8149016234725448,Whittaker & Woodwell 1967,0.45,1.7,measured_median,0.0552225285275119,0.06426727162904831,0.30570364305884035,0.09387829849677023,0.4638492131846589,5,EMS hem 321902; EMS rm 321071; EMS ro 300607; Swamp Rd bg 2; Swamp Rd rm 5,-1.9182669682539684,24.18063913214647,0.21574382008588786,MODIS VCF (90 M km²),90.4,9.868640115896717
Constant (top chamber),0.8149016234725448,Woody area index 3.07 (Gauci 2024 temperate),0.45,2.62,equal_upper_stem,0.8149016234725448,0.06426727162904831,0.30570364305884035,2.1350422534980673,2.505013168185956,5,EMS hem 321902; EMS rm 321071; EMS ro 300607; Swamp Rd bg 2; Swamp Rd rm 5,-1.9182669682539684,130.5873066492956,0.8159652013635036,Consensus (132 M km²),131.9,54.45865989028214
Constant (top chamber),0.8149016234725448,Woody area index 3.07 (Gauci 2024 temperate),0.45,2.62,equal_upper_stem,0.8149016234725448,0.06426727162904831,0.30570364305884035,2.1350422534980673,2.505013168185956,5,EMS hem 321902; EMS rm 321071; EMS ro 300607; Swamp Rd bg 2; Swamp Rd rm 5,-1.9182669682539684,130.5873066492956,0.8159652013635036,Consensus + shrubs (207 M km²),206.6,85.30067576446011
Constant (top chamber),0.8149016234725448,Woody area index 3.07 (Gauci 2024 temperate),0.45,2.62,equal_upper_stem,0.8149016234725448,0.06426727162904831,0.30570364305884035,2.1350422534980673,2.505013168185956,5,EMS hem 321902; EMS rm 321071; EMS ro 300607; Swamp Rd bg 2; Swamp Rd rm 5,-1.9182669682539684,130.5873066492956,0.8159652013635036,MODIS VCF (90 M km²),90.4,37.32420662684993
Constant (top chamber),0.8149016234725448,Woody area index 3.07 (Gauci 2024 temperate),0.45,2.62,measured_mean,0.2121510105626173,0.06426727162904831,0.30570364305884035,0.5558356476740574,0.925806562361946,5,EMS hem 321902; EMS rm 321071; EMS ro 300607; Swamp Rd bg 2; Swamp Rd rm 5,-1.9182669682539684,48.26265466086961,0.30156565549249054,Consensus (132 M km²),131.9,20.126914039486508
Constant (top chamber),0.8149016234725448,Woody area index 3.07 (Gauci 2024 temperate),0.45,2.62,measured_mean,0.2121510105626173,0.06426727162904831,0.30570364305884035,0.5558356476740574,0.925806562361946,5,EMS hem 321902; EMS rm 321071; EMS ro 300607; Swamp Rd bg 2; Swamp Rd rm 5,-1.9182669682539684,48.26265466086961,0.30156565549249054,Consensus + shrubs (207 M km²),206.6,31.525552998922763
Constant (top chamber),0.8149016234725448,Woody area index 3.07 (Gauci 2024 temperate),0.45,2.62,measured_mean,0.2121510105626173,0.06426727162904831,0.30570364305884035,0.5558356476740574,0.925806562361946,5,EMS hem 321902; EMS rm 321071; EMS ro 300607; Swamp Rd bg 2; Swamp Rd rm 5,-1.9182669682539684,48.26265466086961,0.30156565549249054,MODIS VCF (90 M km²),90.4,13.7943368397997
Constant (top chamber),0.8149016234725448,Woody area index 3.07 (Gauci 2024 temperate),0.45,2.62,measured_median,0.0552225285275119,0.06426727162904831,0.30570364305884035,0.1446830247420812,0.5146539394299698,5,EMS hem 321902; EMS rm 321071; EMS ro 300607; Swamp Rd bg 2; Swamp Rd rm 5,-1.9182669682539684,26.82910918798829,0.16763971968402924,Consensus (132 M km²),131.9,11.18850958731967
Constant (top chamber),0.8149016234725448,Woody area index 3.07 (Gauci 2024 temperate),0.45,2.62,measured_median,0.0552225285275119,0.06426727162904831,0.30570364305884035,0.1446830247420812,0.5146539394299698,5,EMS hem 321902; EMS rm 321071; EMS ro 300607; Swamp Rd bg 2; Swamp Rd rm 5,-1.9182669682539684,26.82910918798829,0.16763971968402924,Consensus + shrubs (207 M km²),206.6,17.524989239880544
Constant (top chamber),0.8149016234725448,Woody area index 3.07 (Gauci 2024 temperate),0.45,2.62,measured_median,0.0552225285275119,0.06426727162904831,0.30570364305884035,0.1446830247420812,0.5146539394299698,5,EMS hem 321902; EMS rm 321071; EMS ro 300607; Swamp Rd bg 2; Swamp Rd rm 5,-1.9182669682539684,26.82910918798829,0.16763971968402924,MODIS VCF (90 M km²),90.4,7.66824311367474
Exponential decay,0.3695585668957711,Whittaker & Woodwell 1967,0.45,1.7,equal_upper_stem,0.3695585668957711,0.06426727162904831,0.1386368574677992,0.6282495637228108,0.8311536928196583,5,EMS hem 321902; EMS rm 321071; EMS ro 300607; Swamp Rd bg 2; Swamp Rd rm 5,-1.9182669682539684,43.328363912567674,0.386583112939376,Consensus (132 M km²),131.9,25.801098173932072
Exponential decay,0.3695585668957711,Whittaker & Woodwell 1967,0.45,1.7,equal_upper_stem,0.3695585668957711,0.06426727162904831,0.1386368574677992,0.6282495637228108,0.8311536928196583,5,EMS hem 321902; EMS rm 321071; EMS ro 300607; Swamp Rd bg 2; Swamp Rd rm 5,-1.9182669682539684,43.328363912567674,0.386583112939376,Consensus + shrubs (207 M km²),206.6,40.41324399343719
Exponential decay,0.3695585668957711,Whittaker & Woodwell 1967,0.45,1.7,equal_upper_stem,0.3695585668957711,0.06426727162904831,0.1386368574677992,0.6282495637228108,0.8311536928196583,5,EMS hem 321902; EMS rm 321071; EMS ro 300607; Swamp Rd bg 2; Swamp Rd rm 5,-1.9182669682539684,43.328363912567674,0.386583112939376,MODIS VCF (90 M km²),90.4,17.683239385318114
Exponential decay,0.3695585668957711,Whittaker & Woodwell 1967,0.45,1.7,measured_mean,0.2121510105626173,0.06426727162904831,0.1386368574677992,0.3606567179564494,0.5635608470532969,5,EMS hem 321902; EMS rm 321071; EMS ro 300607; Swamp Rd bg 2; Swamp Rd rm 5,-1.9182669682539684,29.37864522404081,0.2621213242108358,Consensus (132 M km²),131.9,17.494344147685077
Exponential decay,0.3695585668957711,Whittaker & Woodwell 1967,0.45,1.7,measured_mean,0.2121510105626173,0.06426727162904831,0.1386368574677992,0.3606567179564494,0.5635608470532969,5,EMS hem 321902; EMS rm 321071; EMS ro 300607; Swamp Rd bg 2; Swamp Rd rm 5,-1.9182669682539684,29.37864522404081,0.2621213242108358,Consensus + shrubs (207 M km²),206.6,27.402058384471086
Exponential decay,0.3695585668957711,Whittaker & Woodwell 1967,0.45,1.7,measured_mean,0.2121510105626173,0.06426727162904831,0.1386368574677992,0.3606567179564494,0.5635608470532969,5,EMS hem 321902; EMS rm 321071; EMS ro 300607; Swamp Rd bg 2; Swamp Rd rm 5,-1.9182669682539684,29.37864522404081,0.2621213242108358,MODIS VCF (90 M km²),90.4,11.990058460581736
Exponential decay,0.3695585668957711,Whittaker & Woodwell 1967,0.45,1.7,measured_median,0.0552225285275119,0.06426727162904831,0.1386368574677992,0.09387829849677023,0.2967824275936177,5,EMS hem 321902; EMS rm 321071; EMS ro 300607; Swamp Rd bg 2; Swamp Rd rm 5,-1.9182669682539684,15.471382894308656,0.13803833841563615,Consensus (132 M km²),131.9,9.21287195953334
Exponential decay,0.3695585668957711,Whittaker & Woodwell 1967,0.45,1.7,measured_median,0.0552225285275119,0.06426727162904831,0.1386368574677992,0.09387829849677023,0.2967824275936177,5,EMS hem 321902; EMS rm 321071; EMS ro 300607; Swamp Rd bg 2; Swamp Rd rm 5,-1.9182669682539684,15.471382894308656,0.13803833841563615,Consensus + shrubs (207 M km²),206.6,14.430472682635235
Exponential decay,0.3695585668957711,Whittaker & Woodwell 1967,0.45,1.7,measured_median,0.0552225285275119,0.06426727162904831,0.1386368574677992,0.09387829849677023,0.2967824275936177,5,EMS hem 321902; EMS rm 321071; EMS ro 300607; Swamp Rd bg 2; Swamp Rd rm 5,-1.9182669682539684,15.471382894308656,0.13803833841563615,MODIS VCF (90 M km²),90.4,6.314204891143396
Exponential decay,0.3695585668957711,Woody area index 3.07 (Gauci 2024 temperate),0.45,2.62,equal_upper_stem,0.3695585668957711,0.06426727162904831,0.1386368574677992,0.9682434452669204,1.1711475743637678,5,EMS hem 321902; EMS rm 321071; EMS ro 300607; Swamp Rd bg 2; Swamp Rd rm 5,-1.9182669682539684,61.05237663711437,0.3814812945810318,Consensus (132 M km²),131.9,25.46059567415048
Exponential decay,0.3695585668957711,Woody area index 3.07 (Gauci 2024 temperate),0.45,2.62,equal_upper_stem,0.3695585668957711,0.06426727162904831,0.1386368574677992,0.9682434452669204,1.1711475743637678,5,EMS hem 321902; EMS rm 321071; EMS ro 300607; Swamp Rd bg 2; Swamp Rd rm 5,-1.9182669682539684,61.05237663711437,0.3814812945810318,Consensus + shrubs (207 M km²),206.6,39.87990194298324
Exponential decay,0.3695585668957711,Woody area index 3.07 (Gauci 2024 temperate),0.45,2.62,equal_upper_stem,0.3695585668957711,0.06426727162904831,0.1386368574677992,0.9682434452669204,1.1711475743637678,5,EMS hem 321902; EMS rm 321071; EMS ro 300607; Swamp Rd bg 2; Swamp Rd rm 5,-1.9182669682539684,61.05237663711437,0.3814812945810318,MODIS VCF (90 M km²),90.4,17.44986996924339
Exponential decay,0.3695585668957711,Woody area index 3.07 (Gauci 2024 temperate),0.45,2.62,measured_mean,0.2121510105626173,0.06426727162904831,0.1386368574677992,0.5558356476740574,0.7587397767709049,5,EMS hem 321902; EMS rm 321071; EMS ro 300607; Swamp Rd bg 2; Swamp Rd rm 5,-1.9182669682539684,39.553398423031794,0.24714650709149993,Consensus (132 M km²),131.9,16.494903888396635
Exponential decay,0.3695585668957711,Woody area index 3.07 (Gauci 2024 temperate),0.45,2.62,measured_mean,0.2121510105626173,0.06426727162904831,0.1386368574677992,0.5558356476740574,0.7587397767709049,5,EMS hem 321902; EMS rm 321071; EMS ro 300607; Swamp Rd bg 2; Swamp Rd rm 5,-1.9182669682539684,39.553398423031794,0.24714650709149993,Consensus + shrubs (207 M km²),206.6,25.836596992742567
Exponential decay,0.3695585668957711,Woody area index 3.07 (Gauci 2024 temperate),0.45,2.62,measured_mean,0.2121510105626173,0.06426727162904831,0.1386368574677992,0.5558356476740574,0.7587397767709049,5,EMS hem 321902; EMS rm 321071; EMS ro 300607; Swamp Rd bg 2; Swamp Rd rm 5,-1.9182669682539684,39.553398423031794,0.24714650709149993,MODIS VCF (90 M km²),90.4,11.305074385982227
Exponential decay,0.3695585668957711,Woody area index 3.07 (Gauci 2024 temperate),0.45,2.62,measured_median,0.0552225285275119,0.06426727162904831,0.1386368574677992,0.1446830247420812,0.3475871538389287,5,EMS hem 321902; EMS rm 321071; EMS ro 300607; Swamp Rd bg 2; Swamp Rd rm 5,-1.9182669682539684,18.11985295015047,0.11322057128303865,Consensus (132 M km²),131.9,7.556499436229797
Exponential decay,0.3695585668957711,Woody area index 3.07 (Gauci 2024 temperate),0.45,2.62,measured_median,0.0552225285275119,0.06426727162904831,0.1386368574677992,0.1446830247420812,0.3475871538389287,5,EMS hem 321902; EMS rm 321071; EMS ro 300607; Swamp Rd bg 2; Swamp Rd rm 5,-1.9182669682539684,18.11985295015047,0.11322057128303865,Consensus + shrubs (207 M km²),206.6,11.836033233700347
Exponential decay,0.3695585668957711,Woody area index 3.07 (Gauci 2024 temperate),0.45,2.62,measured_median,0.0552225285275119,0.06426727162904831,0.1386368574677992,0.1446830247420812,0.3475871538389287,5,EMS hem 321902; EMS rm 321071; EMS ro 300607; Swamp Rd bg 2; Swamp Rd rm 5,-1.9182669682539684,18.11985295015047,0.11322057128303865,MODIS VCF (90 M km²),90.4,5.178980659857268
Linear (unbounded),-1.1598851699281278,Whittaker & Woodwell 1967,0.45,1.7,equal_upper_stem,-1.1598851699281278,0.06426727162904831,-0.43512138369042913,-1.9718047888778172,-2.342658900939198,5,EMS hem 321902; EMS rm 321071; EMS ro 300607; Swamp Rd bg 2; Swamp Rd rm 5,-1.9182669682539684,-122.12371581790394,-1.0896087911345107,Consensus (132 M km²),131.9,-72.72201617262485
Linear (unbounded),-1.1598851699281278,Whittaker & Woodwell 1967,0.45,1.7,equal_upper_stem,-1.1598851699281278,0.06426727162904831,-0.43512138369042913,-1.9718047888778172,-2.342658900939198,5,EMS hem 321902; EMS rm 321071; EMS ro 300607; Swamp Rd bg 2; Swamp Rd rm 5,-1.9182669682539684,-122.12371581790394,-1.0896087911345107,Consensus + shrubs (207 M km²),206.6,-113.90726718168528
Linear (unbounded),-1.1598851699281278,Whittaker & Woodwell 1967,0.45,1.7,equal_upper_stem,-1.1598851699281278,0.06426727162904831,-0.43512138369042913,-1.9718047888778172,-2.342658900939198,5,EMS hem 321902; EMS rm 321071; EMS ro 300607; Swamp Rd bg 2; Swamp Rd rm 5,-1.9182669682539684,-122.12371581790394,-1.0896087911345107,MODIS VCF (90 M km²),90.4,-49.841321167591246
Linear (unbounded),-1.1598851699281278,Whittaker & Woodwell 1967,0.45,1.7,measured_mean,0.2121510105626173,0.06426727162904831,-0.43512138369042913,0.3606567179564494,-0.01019739410493142,5,EMS hem 321902; EMS rm 321071; EMS ro 300607; Swamp Rd bg 2; Swamp Rd rm 5,-1.9182669682539684,-0.5315941041414701,-0.004742974002293684,Consensus (132 M km²),131.9,-0.3165527250766837
Linear (unbounded),-1.1598851699281278,Whittaker & Woodwell 1967,0.45,1.7,measured_mean,0.2121510105626173,0.06426727162904831,-0.43512138369042913,0.3606567179564494,-0.01019739410493142,5,EMS hem 321902; EMS rm 321071; EMS ro 300607; Swamp Rd bg 2; Swamp Rd rm 5,-1.9182669682539684,-0.5315941041414701,-0.004742974002293684,Consensus + shrubs (207 M km²),206.6,-0.49582860501018083
Linear (unbounded),-1.1598851699281278,Whittaker & Woodwell 1967,0.45,1.7,measured_mean,0.2121510105626173,0.06426727162904831,-0.43512138369042913,0.3606567179564494,-0.01019739410493142,5,EMS hem 321902; EMS rm 321071; EMS ro 300607; Swamp Rd bg 2; Swamp Rd rm 5,-1.9182669682539684,-0.5315941041414701,-0.004742974002293684,MODIS VCF (90 M km²),90.4,-0.21695501400251863
Linear (unbounded),-1.1598851699281278,Whittaker & Woodwell 1967,0.45,1.7,measured_median,0.0552225285275119,0.06426727162904831,-0.43512138369042913,0.09387829849677023,-0.27697581356461054,5,EMS hem 321902; EMS rm 321071; EMS ro 300607; Swamp Rd bg 2; Swamp Rd rm 5,-1.9182669682539684,-14.43885643387362,-0.12882595979749328,Consensus (132 M km²),131.9,-8.59802491322842
Linear (unbounded),-1.1598851699281278,Whittaker & Woodwell 1967,0.45,1.7,measured_median,0.0552225285275119,0.06426727162904831,-0.43512138369042913,0.09387829849677023,-0.27697581356461054,5,EMS hem 321902; EMS rm 321071; EMS ro 300607; Swamp Rd bg 2; Swamp Rd rm 5,-1.9182669682539684,-14.43885643387362,-0.12882595979749328,Consensus + shrubs (207 M km²),206.6,-13.46741430684603
Linear (unbounded),-1.1598851699281278,Whittaker & Woodwell 1967,0.45,1.7,measured_median,0.0552225285275119,0.06426727162904831,-0.43512138369042913,0.09387829849677023,-0.27697581356461054,5,EMS hem 321902; EMS rm 321071; EMS ro 300607; Swamp Rd bg 2; Swamp Rd rm 5,-1.9182669682539684,-14.43885643387362,-0.12882595979749328,MODIS VCF (90 M km²),90.4,-5.892808583440857
Linear (unbounded),-1.1598851699281278,Woody area index 3.07 (Gauci 2024 temperate),0.45,2.62,equal_upper_stem,-1.1598851699281278,0.06426727162904831,-0.43512138369042913,-3.038899145211695,-3.4097532572730755,5,EMS hem 321902; EMS rm 321071; EMS ro 300607; Swamp Rd bg 2; Swamp Rd rm 5,-1.9182669682539684,-177.75175789930208,-1.1106688134439984,Consensus (132 M km²),131.9,-74.12759154559127
Linear (unbounded),-1.1598851699281278,Woody area index 3.07 (Gauci 2024 temperate),0.45,2.62,equal_upper_stem,-1.1598851699281278,0.06426727162904831,-0.43512138369042913,-3.038899145211695,-3.4097532572730755,5,EMS hem 321902; EMS rm 321071; EMS ro 300607; Swamp Rd bg 2; Swamp Rd rm 5,-1.9182669682539684,-177.75175789930208,-1.1106688134439984,Consensus + shrubs (207 M km²),206.6,-116.10887348991021
Linear (unbounded),-1.1598851699281278,Woody area index 3.07 (Gauci 2024 temperate),0.45,2.62,equal_upper_stem,-1.1598851699281278,0.06426727162904831,-0.43512138369042913,-3.038899145211695,-3.4097532572730755,5,EMS hem 321902; EMS rm 321071; EMS ro 300607; Swamp Rd bg 2; Swamp Rd rm 5,-1.9182669682539684,-177.75175789930208,-1.1106688134439984,MODIS VCF (90 M km²),90.4,-50.804657132080756
Linear (unbounded),-1.1598851699281278,Woody area index 3.07 (Gauci 2024 temperate),0.45,2.62,measured_mean,0.2121510105626173,0.06426727162904831,-0.43512138369042913,0.5558356476740574,0.18498153561267655,5,EMS hem 321902; EMS rm 321071; EMS ro 300607; Swamp Rd bg 2; Swamp Rd rm 5,-1.9182669682539684,9.643159094849512,0.06025457186080669,Consensus (132 M km²),131.9,4.021474482390844
Linear (unbounded),-1.1598851699281278,Woody area index 3.07 (Gauci 2024 temperate),0.45,2.62,measured_mean,0.2121510105626173,0.06426727162904831,-0.43512138369042913,0.5558356476740574,0.18498153561267655,5,EMS hem 321902; EMS rm 321071; EMS ro 300607; Swamp Rd bg 2; Swamp Rd rm 5,-1.9182669682539684,9.643159094849512,0.06025457186080669,Consensus + shrubs (207 M km²),206.6,6.2989888404999865
Linear (unbounded),-1.1598851699281278,Woody area index 3.07 (Gauci 2024 temperate),0.45,2.62,measured_mean,0.2121510105626173,0.06426727162904831,-0.43512138369042913,0.5558356476740574,0.18498153561267655,5,EMS hem 321902; EMS rm 321071; EMS ro 300607; Swamp Rd bg 2; Swamp Rd rm 5,-1.9182669682539684,9.643159094849512,0.06025457186080669,MODIS VCF (90 M km²),90.4,2.756188727885764
Linear (unbounded),-1.1598851699281278,Woody area index 3.07 (Gauci 2024 temperate),0.45,2.62,measured_median,0.0552225285275119,0.06426727162904831,-0.43512138369042913,0.1446830247420812,-0.2261710873192996,5,EMS hem 321902; EMS rm 321071; EMS ro 300607; Swamp Rd bg 2; Swamp Rd rm 5,-1.9182669682539684,-11.790386378031808,-0.07367136394765458,Consensus (132 M km²),131.9,-4.916929969775993
Linear (unbounded),-1.1598851699281278,Woody area index 3.07 (Gauci 2024 temperate),0.45,2.62,measured_median,0.0552225285275119,0.06426727162904831,-0.43512138369042913,0.1446830247420812,-0.2261710873192996,5,EMS hem 321902; EMS rm 321071; EMS ro 300607; Swamp Rd bg 2; Swamp Rd rm 5,-1.9182669682539684,-11.790386378031808,-0.07367136394765458,Consensus + shrubs (207 M km²),206.6,-7.701574918542231
Linear (unbounded),-1.1598851699281278,Woody area index 3.07 (Gauci 2024 temperate),0.45,2.62,measured_median,0.0552225285275119,0.06426727162904831,-0.43512138369042913,0.1446830247420812,-0.2261710873192996,5,EMS hem 321902; EMS rm 321071; EMS ro 300607; Swamp Rd bg 2; Swamp Rd rm 5,-1.9182669682539684,-11.790386378031808,-0.07367136394765458,MODIS VCF (90 M km²),90.4,-3.3699049982391953
"Linear, floored at zero",0.3030812225277364,Whittaker & Woodwell 1967,0.45,1.7,equal_upper_stem,0.3030812225277364,0.06426727162904831,0.1136984283754807,0.5152380782971518,0.6932037783016809,5,EMS hem 321902; EMS rm 321071; EMS ro 300607; Swamp Rd bg 2; Swamp Rd rm 5,-1.9182669682539684,36.13698144073471,0.32242036200078183,Consensus (132 M km²),131.9,21.51878634843898
"Linear, floored at zero",0.3030812225277364,Whittaker & Woodwell 1967,0.45,1.7,equal_upper_stem,0.3030812225277364,0.06426727162904831,0.1136984283754807,0.5152380782971518,0.6932037783016809,5,EMS hem 321902; EMS rm 321071; EMS ro 300607; Swamp Rd bg 2; Swamp Rd rm 5,-1.9182669682539684,36.13698144073471,0.32242036200078183,Consensus + shrubs (207 M km²),206.6,33.70569567541693
"Linear, floored at zero",0.3030812225277364,Whittaker & Woodwell 1967,0.45,1.7,equal_upper_stem,0.3030812225277364,0.06426727162904831,0.1136984283754807,0.5152380782971518,0.6932037783016809,5,EMS hem 321902; EMS rm 321071; EMS ro 300607; Swamp Rd bg 2; Swamp Rd rm 5,-1.9182669682539684,36.13698144073471,0.32242036200078183,MODIS VCF (90 M km²),90.4,14.748281166784563
"Linear, floored at zero",0.3030812225277364,Whittaker & Woodwell 1967,0.45,1.7,measured_mean,0.2121510105626173,0.06426727162904831,0.1136984283754807,0.3606567179564494,0.5386224179609784,5,EMS hem 321902; EMS rm 321071; EMS ro 300607; Swamp Rd bg 2; Swamp Rd rm 5,-1.9182669682539684,28.078595256803048,0.2505220548655714,Consensus (132 M km²),131.9,16.720192672605044
"Linear, floored at zero",0.3030812225277364,Whittaker & Woodwell 1967,0.45,1.7,measured_mean,0.2121510105626173,0.06426727162904831,0.1136984283754807,0.3606567179564494,0.5386224179609784,5,EMS hem 321902; EMS rm 321071; EMS ro 300607; Swamp Rd bg 2; Swamp Rd rm 5,-1.9182669682539684,28.078595256803048,0.2505220548655714,Consensus + shrubs (207 M km²),206.6,26.189475406824887
"Linear, floored at zero",0.3030812225277364,Whittaker & Woodwell 1967,0.45,1.7,measured_mean,0.2121510105626173,0.06426727162904831,0.1136984283754807,0.3606567179564494,0.5386224179609784,5,EMS hem 321902; EMS rm 321071; EMS ro 300607; Swamp Rd bg 2; Swamp Rd rm 5,-1.9182669682539684,28.078595256803048,0.2505220548655714,MODIS VCF (90 M km²),90.4,11.459480042482914
"Linear, floored at zero",0.3030812225277364,Whittaker & Woodwell 1967,0.45,1.7,measured_median,0.0552225285275119,0.06426727162904831,0.1136984283754807,0.09387829849677023,0.27184399850129926,5,EMS hem 321902; EMS rm 321071; EMS ro 300607; Swamp Rd bg 2; Swamp Rd rm 5,-1.9182669682539684,14.171332927070896,0.12643906907037175,Consensus (132 M km²),131.9,8.43872048445331
"Linear, floored at zero",0.3030812225277364,Whittaker & Woodwell 1967,0.45,1.7,measured_median,0.0552225285275119,0.06426727162904831,0.1136984283754807,0.09387829849677023,0.27184399850129926,5,EMS hem 321902; EMS rm 321071; EMS ro 300607; Swamp Rd bg 2; Swamp Rd rm 5,-1.9182669682539684,14.171332927070896,0.12643906907037175,Consensus + shrubs (207 M km²),206.6,13.217889704989034
"Linear, floored at zero",0.3030812225277364,Whittaker & Woodwell 1967,0.45,1.7,measured_median,0.0552225285275119,0.06426727162904831,0.1136984283754807,0.09387829849677023,0.27184399850129926,5,EMS hem 321902; EMS rm 321071; EMS ro 300607; Swamp Rd bg 2; Swamp Rd rm 5,-1.9182669682539684,14.171332927070896,0.12643906907037175,MODIS VCF (90 M km²),90.4,5.783626473044573
"Linear, floored at zero",0.3030812225277364,Woody area index 3.07 (Gauci 2024 temperate),0.45,2.62,equal_upper_stem,0.3030812225277364,0.06426727162904831,0.1136984283754807,0.7940728030226694,0.9720385030271984,5,EMS hem 321902; EMS rm 321071; EMS ro 300607; Swamp Rd bg 2; Swamp Rd rm 5,-1.9182669682539684,50.67274363338282,0.31662491955283334,Consensus (132 M km²),131.9,21.13199040584347
"Linear, floored at zero",0.3030812225277364,Woody area index 3.07 (Gauci 2024 temperate),0.45,2.62,equal_upper_stem,0.3030812225277364,0.06426727162904831,0.1136984283754807,0.7940728030226694,0.9720385030271984,5,EMS hem 321902; EMS rm 321071; EMS ro 300607; Swamp Rd bg 2; Swamp Rd rm 5,-1.9182669682539684,50.67274363338282,0.31662491955283334,Consensus + shrubs (207 M km²),206.6,33.099842440085375
"Linear, floored at zero",0.3030812225277364,Woody area index 3.07 (Gauci 2024 temperate),0.45,2.62,equal_upper_stem,0.3030812225277364,0.06426727162904831,0.1136984283754807,0.7940728030226694,0.9720385030271984,5,EMS hem 321902; EMS rm 321071; EMS ro 300607; Swamp Rd bg 2; Swamp Rd rm 5,-1.9182669682539684,50.67274363338282,0.31662491955283334,MODIS VCF (90 M km²),90.4,14.483183720153525
"Linear, floored at zero",0.3030812225277364,Woody area index 3.07 (Gauci 2024 temperate),0.45,2.62,measured_mean,0.2121510105626173,0.06426727162904831,0.1136984283754807,0.5558356476740574,0.7338013476785864,5,EMS hem 321902; EMS rm 321071; EMS ro 300607; Swamp Rd bg 2; Swamp Rd rm 5,-1.9182669682539684,38.25334845579403,0.23902324028618446,Consensus (132 M km²),131.9,15.952745689236353
"Linear, floored at zero",0.3030812225277364,Woody area index 3.07 (Gauci 2024 temperate),0.45,2.62,measured_mean,0.2121510105626173,0.06426727162904831,0.1136984283754807,0.5558356476740574,0.7338013476785864,5,EMS hem 321902; EMS rm 321071; EMS ro 300607; Swamp Rd bg 2; Swamp Rd rm 5,-1.9182669682539684,38.25334845579403,0.23902324028618446,Consensus + shrubs (207 M km²),206.6,24.987393930221607
"Linear, floored at zero",0.3030812225277364,Woody area index 3.07 (Gauci 2024 temperate),0.45,2.62,measured_mean,0.2121510105626173,0.06426727162904831,0.1136984283754807,0.5558356476740574,0.7338013476785864,5,EMS hem 321902; EMS rm 321071; EMS ro 300607; Swamp Rd bg 2; Swamp Rd rm 5,-1.9182669682539684,38.25334845579403,0.23902324028618446,MODIS VCF (90 M km²),90.4,10.933496666466766
"Linear, floored at zero",0.3030812225277364,Woody area index 3.07 (Gauci 2024 temperate),0.45,2.62,measured_median,0.0552225285275119,0.06426727162904831,0.1136984283754807,0.1446830247420812,0.3226487247466102,5,EMS hem 321902; EMS rm 321071; EMS ro 300607; Swamp Rd bg 2; Swamp Rd rm 5,-1.9182669682539684,16.81980298291271,0.10509730447772318,Consensus (132 M km²),131.9,7.014341237069514
"Linear, floored at zero",0.3030812225277364,Woody area index 3.07 (Gauci 2024 temperate),0.45,2.62,measured_median,0.0552225285275119,0.06426727162904831,0.1136984283754807,0.1446830247420812,0.3226487247466102,5,EMS hem 321902; EMS rm 321071; EMS ro 300607; Swamp Rd bg 2; Swamp Rd rm 5,-1.9182669682539684,16.81980298291271,0.10509730447772318,Consensus + shrubs (207 M km²),206.6,10.98683017117939
"Linear, floored at zero",0.3030812225277364,Woody area index 3.07 (Gauci 2024 temperate),0.45,2.62,measured_median,0.0552225285275119,0.06426727162904831,0.1136984283754807,0.1446830247420812,0.3226487247466102,5,EMS hem 321902; EMS rm 321071; EMS ro 300607; Swamp Rd bg 2; Swamp Rd rm 5,-1.9182669682539684,16.81980298291271,0.10509730447772318,MODIS VCF (90 M km²),90.4,4.807402940341805
Measured above 2 m,0.36341219198625374,Whittaker & Woodwell 1967,0.45,1.7,equal_upper_stem,0.36341219198625374,0.06426727162904831,0.13633109546251806,0.6178007263766313,0.8183990934681977,5,EMS hem 321902; EMS rm 321071; EMS ro 300607; Swamp Rd bg 2; Swamp Rd rm 5,-1.9182669682539684,42.663461708518874,0.38065074114799896,Consensus (132 M km²),131.9,25.40516337525506
Measured above 2 m,0.36341219198625374,Whittaker & Woodwell 1967,0.45,1.7,equal_upper_stem,0.36341219198625374,0.06426727162904831,0.13633109546251806,0.6178007263766313,0.8183990934681977,5,EMS hem 321902; EMS rm 321071; EMS ro 300607; Swamp Rd bg 2; Swamp Rd rm 5,-1.9182669682539684,42.663461708518874,0.38065074114799896,Consensus + shrubs (207 M km²),206.6,39.79307621931535
Measured above 2 m,0.36341219198625374,Whittaker & Woodwell 1967,0.45,1.7,equal_upper_stem,0.36341219198625374,0.06426727162904831,0.13633109546251806,0.6178007263766313,0.8183990934681977,5,EMS hem 321902; EMS rm 321071; EMS ro 300607; Swamp Rd bg 2; Swamp Rd rm 5,-1.9182669682539684,42.663461708518874,0.38065074114799896,MODIS VCF (90 M km²),90.4,17.41187846188823
Measured above 2 m,0.36341219198625374,Whittaker & Woodwell 1967,0.45,1.7,measured_mean,0.2121510105626173,0.06426727162904831,0.13633109546251806,0.3606567179564494,0.5612550850480158,5,EMS hem 321902; EMS rm 321071; EMS ro 300607; Swamp Rd bg 2; Swamp Rd rm 5,-1.9182669682539684,29.258444957683732,0.261048876766519,Consensus (132 M km²),131.9,17.422767503824954
Measured above 2 m,0.36341219198625374,Whittaker & Woodwell 1967,0.45,1.7,measured_mean,0.2121510105626173,0.06426727162904831,0.13633109546251806,0.3606567179564494,0.5612550850480158,5,EMS hem 321902; EMS rm 321071; EMS ro 300607; Swamp Rd bg 2; Swamp Rd rm 5,-1.9182669682539684,29.258444957683732,0.261048876766519,Consensus + shrubs (207 M km²),206.6,27.289945157621187
Measured above 2 m,0.36341219198625374,Whittaker & Woodwell 1967,0.45,1.7,measured_mean,0.2121510105626173,0.06426727162904831,0.13633109546251806,0.3606567179564494,0.5612550850480158,5,EMS hem 321902; EMS rm 321071; EMS ro 300607; Swamp Rd bg 2; Swamp Rd rm 5,-1.9182669682539684,29.258444957683732,0.261048876766519,MODIS VCF (90 M km²),90.4,11.94100214060482
Measured above 2 m,0.36341219198625374,Whittaker & Woodwell 1967,0.45,1.7,measured_median,0.0552225285275119,0.06426727162904831,0.13633109546251806,0.09387829849677023,0.29447666558833663,5,EMS hem 321902; EMS rm 321071; EMS ro 300607; Swamp Rd bg 2; Swamp Rd rm 5,-1.9182669682539684,15.35118262795158,0.13696589097131937,Consensus (132 M km²),131.9,9.141295315673215
Measured above 2 m,0.36341219198625374,Whittaker & Woodwell 1967,0.45,1.7,measured_median,0.0552225285275119,0.06426727162904831,0.13633109546251806,0.09387829849677023,0.29447666558833663,5,EMS hem 321902; EMS rm 321071; EMS ro 300607; Swamp Rd bg 2; Swamp Rd rm 5,-1.9182669682539684,15.35118262795158,0.13696589097131937,Consensus + shrubs (207 M km²),206.6,14.318359455785338
Measured above 2 m,0.36341219198625374,Whittaker & Woodwell 1967,0.45,1.7,measured_median,0.0552225285275119,0.06426727162904831,0.13633109546251806,0.09387829849677023,0.29447666558833663,5,EMS hem 321902; EMS rm 321071; EMS ro 300607; Swamp Rd bg 2; Swamp Rd rm 5,-1.9182669682539684,15.35118262795158,0.13696589097131937,MODIS VCF (90 M km²),90.4,6.265148571166479
Measured above 2 m,0.36341219198625374,Woody area index 3.07 (Gauci 2024 temperate),0.45,2.62,equal_upper_stem,0.36341219198625374,0.06426727162904831,0.13633109546251806,0.9521399430039847,1.1527383100955513,5,EMS hem 321902; EMS rm 321071; EMS ro 300607; Swamp Rd bg 2; Swamp Rd rm 5,-1.9182669682539684,60.092694560903,0.37548479156206876,Consensus (132 M km²),131.9,25.060380667560658
Measured above 2 m,0.36341219198625374,Woody area index 3.07 (Gauci 2024 temperate),0.45,2.62,equal_upper_stem,0.36341219198625374,0.06426727162904831,0.13633109546251806,0.9521399430039847,1.1527383100955513,5,EMS hem 321902; EMS rm 321071; EMS ro 300607; Swamp Rd bg 2; Swamp Rd rm 5,-1.9182669682539684,60.092694560903,0.37548479156206876,Consensus + shrubs (207 M km²),206.6,39.25302991598204
Measured above 2 m,0.36341219198625374,Woody area index 3.07 (Gauci 2024 temperate),0.45,2.62,equal_upper_stem,0.36341219198625374,0.06426727162904831,0.13633109546251806,0.9521399430039847,1.1527383100955513,5,EMS hem 321902; EMS rm 321071; EMS ro 300607; Swamp Rd bg 2; Swamp Rd rm 5,-1.9182669682539684,60.092694560903,0.37548479156206876,MODIS VCF (90 M km²),90.4,17.175575529548773
Measured above 2 m,0.36341219198625374,Woody area index 3.07 (Gauci 2024 temperate),0.45,2.62,measured_mean,0.2121510105626173,0.06426727162904831,0.13633109546251806,0.5558356476740574,0.7564340147656237,5,EMS hem 321902; EMS rm 321071; EMS ro 300607; Swamp Rd bg 2; Swamp Rd rm 5,-1.9182669682539684,39.433198156674706,0.24639544454906306,Consensus (132 M km²),131.9,16.444776922826836
Measured above 2 m,0.36341219198625374,Woody area index 3.07 (Gauci 2024 temperate),0.45,2.62,measured_mean,0.2121510105626173,0.06426727162904831,0.13633109546251806,0.5558356476740574,0.7564340147656237,5,EMS hem 321902; EMS rm 321071; EMS ro 300607; Swamp Rd bg 2; Swamp Rd rm 5,-1.9182669682539684,39.433198156674706,0.24639544454906306,Consensus + shrubs (207 M km²),206.6,25.75808121498123
Measured above 2 m,0.36341219198625374,Woody area index 3.07 (Gauci 2024 temperate),0.45,2.62,measured_mean,0.2121510105626173,0.06426727162904831,0.13633109546251806,0.5558356476740574,0.7564340147656237,5,EMS hem 321902; EMS rm 321071; EMS ro 300607; Swamp Rd bg 2; Swamp Rd rm 5,-1.9182669682539684,39.433198156674706,0.24639544454906306,MODIS VCF (90 M km²),90.4,11.270718982741062
Measured above 2 m,0.36341219198625374,Woody area index 3.07 (Gauci 2024 temperate),0.45,2.62,measured_median,0.0552225285275119,0.06426727162904831,0.13633109546251806,0.1446830247420812,0.3452813918336476,5,EMS hem 321902; EMS rm 321071; EMS ro 300607; Swamp Rd bg 2; Swamp Rd rm 5,-1.9182669682539684,17.999652683793393,0.11246950874060181,Consensus (132 M km²),131.9,7.506372470660002
Measured above 2 m,0.36341219198625374,Woody area index 3.07 (Gauci 2024 temperate),0.45,2.62,measured_median,0.0552225285275119,0.06426727162904831,0.13633109546251806,0.1446830247420812,0.3452813918336476,5,EMS hem 321902; EMS rm 321071; EMS ro 300607; Swamp Rd bg 2; Swamp Rd rm 5,-1.9182669682539684,17.999652683793393,0.11246950874060181,Consensus + shrubs (207 M km²),206.6,11.757517455939016
Measured above 2 m,0.36341219198625374,Woody area index 3.07 (Gauci 2024 temperate),0.45,2.62,measured_median,0.0552225285275119,0.06426727162904831,0.13633109546251806,0.1446830247420812,0.3452813918336476,5,EMS hem 321902; EMS rm 321071; EMS ro 300607; Swamp Rd bg 2; Swamp Rd rm 5,-1.9182669682539684,17.999652683793393,0.11246950874060181,MODIS VCF (90 M km²),90.4,5.144625256616105
Zero above 2 m,0,Whittaker & Woodwell 1967,0.45,1.7,equal_upper_stem,0,0.06426727162904831,0,0,0.06426727162904831,5,EMS hem 321902; EMS rm 321071; EMS ro 300607; Swamp Rd bg 2; Swamp Rd rm 5,-1.9182669682539684,3.350277760740739,0.029891754246068984,Consensus (132 M km²),131.9,1.9950175268385886
Zero above 2 m,0,Whittaker & Woodwell 1967,0.45,1.7,equal_upper_stem,0,0.06426727162904831,0,0,0.06426727162904831,5,EMS hem 321902; EMS rm 321071; EMS ro 300607; Swamp Rd bg 2; Swamp Rd rm 5,-1.9182669682539684,3.350277760740739,0.029891754246068984,Consensus + shrubs (207 M km²),206.6,3.124872032182353
Zero above 2 m,0,Whittaker & Woodwell 1967,0.45,1.7,equal_upper_stem,0,0.06426727162904831,0,0,0.06426727162904831,5,EMS hem 321902; EMS rm 321071; EMS ro 300607; Swamp Rd bg 2; Swamp Rd rm 5,-1.9182669682539684,3.350277760740739,0.029891754246068984,MODIS VCF (90 M km²),90.4,1.367320579425386
Zero above 2 m,0,Whittaker & Woodwell 1967,0.45,1.7,measured_mean,0.2121510105626173,0.06426727162904831,0,0.3606567179564494,0.4249239895854977,5,EMS hem 321902; EMS rm 321071; EMS ro 300607; Swamp Rd bg 2; Swamp Rd rm 5,-1.9182669682539684,22.151452150180592,0.19763906492348732,Consensus (132 M km²),131.9,13.190707887684438
Zero above 2 m,0,Whittaker & Woodwell 1967,0.45,1.7,measured_mean,0.2121510105626173,0.06426727162904831,0,0.3606567179564494,0.4249239895854977,5,EMS hem 321902; EMS rm 321071; EMS ro 300607; Swamp Rd bg 2; Swamp Rd rm 5,-1.9182669682539684,22.151452150180592,0.19763906492348732,Consensus + shrubs (207 M km²),206.6,20.661108791475396
Zero above 2 m,0,Whittaker & Woodwell 1967,0.45,1.7,measured_mean,0.2121510105626173,0.06426727162904831,0,0.3606567179564494,0.4249239895854977,5,EMS hem 321902; EMS rm 321071; EMS ro 300607; Swamp Rd bg 2; Swamp Rd rm 5,-1.9182669682539684,22.151452150180592,0.19763906492348732,MODIS VCF (90 M km²),90.4,9.040485163356127
Zero above 2 m,0,Whittaker & Woodwell 1967,0.45,1.7,measured_median,0.0552225285275119,0.06426727162904831,0,0.09387829849677023,0.15814557012581854,5,EMS hem 321902; EMS rm 321071; EMS ro 300607; Swamp Rd bg 2; Swamp Rd rm 5,-1.9182669682539684,8.244189820448439,0.0735560791282877,Consensus (132 M km²),131.9,4.9092356995327
Zero above 2 m,0,Whittaker & Woodwell 1967,0.45,1.7,measured_median,0.0552225285275119,0.06426727162904831,0,0.09387829849677023,0.15814557012581854,5,EMS hem 321902; EMS rm 321071; EMS ro 300607; Swamp Rd bg 2; Swamp Rd rm 5,-1.9182669682539684,8.244189820448439,0.0735560791282877,Consensus + shrubs (207 M km²),206.6,7.689523089639544
Zero above 2 m,0,Whittaker & Woodwell 1967,0.45,1.7,measured_median,0.0552225285275119,0.06426727162904831,0,0.09387829849677023,0.15814557012581854,5,EMS hem 321902; EMS rm 321071; EMS ro 300607; Swamp Rd bg 2; Swamp Rd rm 5,-1.9182669682539684,8.244189820448439,0.0735560791282877,MODIS VCF (90 M km²),90.4,3.364631593917787
Zero above 2 m,0,Woody area index 3.07 (Gauci 2024 temperate),0.45,2.62,equal_upper_stem,0,0.06426727162904831,0,0,0.06426727162904831,5,EMS hem 321902; EMS rm 321071; EMS ro 300607; Swamp Rd bg 2; Swamp Rd rm 5,-1.9182669682539684,3.350277760740739,0.020933964700015736,Consensus (132 M km²),131.9,1.3971621116296302
Zero above 2 m,0,Woody area index 3.07 (Gauci 2024 temperate),0.45,2.62,equal_upper_stem,0,0.06426727162904831,0,0,0.06426727162904831,5,EMS hem 321902; EMS rm 321071; EMS ro 300607; Swamp Rd bg 2; Swamp Rd rm 5,-1.9182669682539684,3.350277760740739,0.020933964700015736,Consensus + shrubs (207 M km²),206.6,2.188428296153765
Zero above 2 m,0,Woody area index 3.07 (Gauci 2024 temperate),0.45,2.62,equal_upper_stem,0,0.06426727162904831,0,0,0.06426727162904831,5,EMS hem 321902; EMS rm 321071; EMS ro 300607; Swamp Rd bg 2; Swamp Rd rm 5,-1.9182669682539684,3.350277760740739,0.020933964700015736,MODIS VCF (90 M km²),90.4,0.9575697868939999
Zero above 2 m,0,Woody area index 3.07 (Gauci 2024 temperate),0.45,2.62,measured_mean,0.2121510105626173,0.06426727162904831,0,0.5558356476740574,0.6201029193031057,5,EMS hem 321902; EMS rm 321071; EMS ro 300607; Swamp Rd bg 2; Swamp Rd rm 5,-1.9182669682539684,32.32620534917157,0.2019879215971028,Consensus (132 M km²),131.9,13.480956670480877
Zero above 2 m,0,Woody area index 3.07 (Gauci 2024 temperate),0.45,2.62,measured_mean,0.2121510105626173,0.06426727162904831,0,0.5558356476740574,0.6201029193031057,5,EMS hem 321902; EMS rm 321071; EMS ro 300607; Swamp Rd bg 2; Swamp Rd rm 5,-1.9182669682539684,32.32620534917157,0.2019879215971028,Consensus + shrubs (207 M km²),206.6,21.115736528592485
Zero above 2 m,0,Woody area index 3.07 (Gauci 2024 temperate),0.45,2.62,measured_mean,0.2121510105626173,0.06426727162904831,0,0.5558356476740574,0.6201029193031057,5,EMS hem 321902; EMS rm 321071; EMS ro 300607; Swamp Rd bg 2; Swamp Rd rm 5,-1.9182669682539684,32.32620534917157,0.2019879215971028,MODIS VCF (90 M km²),90.4,9.239412304863315
Zero above 2 m,0,Woody area index 3.07 (Gauci 2024 temperate),0.45,2.62,measured_median,0.0552225285275119,0.06426727162904831,0,0.1446830247420812,0.2089502963711295,5,EMS hem 321902; EMS rm 321071; EMS ro 300607; Swamp Rd bg 2; Swamp Rd rm 5,-1.9182669682539684,10.892659876290251,0.06806198578864152,Consensus (132 M km²),131.9,4.5425522183140385
Zero above 2 m,0,Woody area index 3.07 (Gauci 2024 temperate),0.45,2.62,measured_median,0.0552225285275119,0.06426727162904831,0,0.1446830247420812,0.2089502963711295,5,EMS hem 321902; EMS rm 321071; EMS ro 300607; Swamp Rd bg 2; Swamp Rd rm 5,-1.9182669682539684,10.892659876290251,0.06806198578864152,Consensus + shrubs (207 M km²),206.6,7.115172769550268
Zero above 2 m,0,Woody area index 3.07 (Gauci 2024 temperate),0.45,2.62,measured_median,0.0552225285275119,0.06426727162904831,0,0.1446830247420812,0.2089502963711295,5,EMS hem 321902; EMS rm 321071; EMS ro 300607; Swamp Rd bg 2; Swamp Rd rm 5,-1.9182669682539684,10.892659876290251,0.06806198578864152,MODIS VCF (90 M km²),90.4,3.113318578738356
