tree,height_m,hmax,pred
EMS hem 321902,0.3,15,0.1559466914020812
EMS hem 321902,0.4,15,0.15896893866846104
EMS hem 321902,0.5,15,0.16204952175924509
EMS hem 321902,0.6000000000000001,15,0.16518957113649557
EMS hem 321902,0.7,15,0.16839023908424136
EMS hem 321902,0.8,15,0.17165270013132386
EMS hem 321902,0.9000000000000001,15,0.17497815148240708
EMS hem 321902,1,15,0.1783678134573073
EMS hem 321902,1.1,15,0.1818229299388072
EMS hem 321902,1.2,15,0.18534476882911485
EMS hem 321902,1.3,15,0.18893462251513796
EMS hem 321902,1.4000000000000001,15,0.1925938083427434
EMS hem 321902,1.5000000000000002,15,0.1963236691001741
EMS hem 321902,1.6,15,0.20012557351080504
EMS hem 321902,1.7000000000000002,15,0.20400091673541365
EMS hem 321902,1.8,15,0.20795112088415418
EMS hem 321902,1.9000000000000001,15,0.2119776355384197
EMS hem 321902,2,15,0.21608193828278616
EMS hem 321902,2.1,15,0.22026553524723205
EMS hem 321902,2.2,15,0.22452996165983383
EMS hem 321902,2.3,15,0.22887678241013812
EMS hem 321902,2.4,15,0.2333075926234202
EMS hem 321902,2.5,15,0.23782401824603594
EMS hem 321902,2.6,15,0.24242771664208587
EMS hem 321902,2.7,15,0.24712037720160762
EMS hem 321902,2.8,15,0.2519037219605201
EMS hem 321902,2.9,15,0.25677950623254836
EMS hem 321902,3,15,0.2617495192533602
EMS hem 321902,3.1,15,0.26681558483715045
EMS hem 321902,3.2,15,0.2719795620459142
EMS hem 321902,3.3,15,0.27724334587165606
EMS hem 321902,3.4,15,0.2826088679317815
EMS hem 321902,3.5,15,0.28807809717793237
EMS hem 321902,3.6,15,0.2936530406185194
EMS hem 321902,3.7,15,0.2993357440552209
EMS hem 321902,3.8,15,0.30512829283371956
EMS hem 321902,3.9,15,0.311032812608946
EMS hem 321902,4,15,0.31705147012511903
EMS hem 321902,4.1000000000000005,15,0.32318647401086137
EMS hem 321902,4.2,15,0.32944007558968513
EMS hem 321902,4.3,15,0.3358145697061473
EMS hem 321902,4.4,15,0.3423122955679736
EMS hem 321902,4.5,15,0.34893563760446195
EMS hem 321902,4.6,15,0.3556870263414828
EMS hem 321902,4.7,15,0.36256893929339357
EMS hem 321902,4.8,15,0.36958390187219464
EMS hem 321902,4.9,15,0.37673448831426665
EMS hem 321902,5,15,0.3840233226250188
EMS hem 321902,5.1000000000000005,15,0.39145307954180597
EMS hem 321902,5.2,15,0.39902648551545905
EMS hem 321902,5.3,15,0.4067463197107922
EMS hem 321902,5.4,15,0.4146154150264583
EMS hem 321902,5.5,15,0.42263665913451604
EMS hem 321902,5.6000000000000005,15,0.4308129955401042
EMS hem 321902,5.7,15,0.4391474246615994
EMS hem 321902,5.8,15,0.4476430049316594
EMS hem 321902,5.9,15,0.45630285391955994
EMS hem 321902,6,15,0.4651301494752258
EMS hem 321902,6.1000000000000005,15,0.47412813089538924
EMS hem 321902,6.2,15,0.48330010011229313
EMS hem 321902,6.3,15,0.49264942290537844
EMS hem 321902,6.4,15,0.5021795301364059
EMS hem 321902,6.5,15,0.5118939190084565
EMS hem 321902,6.6000000000000005,15,0.5217961543492757
EMS hem 321902,6.7,15,0.5318898699194402
EMS hem 321902,6.8,15,0.5421787697458106
EMS hem 321902,6.9,15,0.5526666294807812
EMS hem 321902,7,15,0.5633572977878005
EMS hem 321902,7.1000000000000005,15,0.5742546977536946
EMS hem 321902,7.2,15,0.5853628283282986
EMS hem 321902,7.3,15,0.596685765791921
EMS hem 321902,7.4,15,0.6082276652511979
EMS hem 321902,7.5,15,0.6199927621638581
EMS hem 321902,7.6000000000000005,15,0.6319853738929873
EMS hem 321902,7.7,15,0.6442099012913426
EMS hem 321902,7.8,15,0.6566708303163046
EMS hem 321902,7.9,15,0.6693727336760622
EMS hem 321902,8,15,0.6823202725076283
EMS hem 321902,8.100000000000001,15,0.6955181980873084
EMS hem 321902,8.200000000000001,15,0.7089713535742486
EMS hem 321902,8.3,15,0.7226846757876966
EMS hem 321902,8.4,15,0.7366631970186346
EMS hem 321902,8.500000000000002,15,0.7509120468764501
EMS hem 321902,8.600000000000001,15,0.7654364541713122
EMS hem 321902,8.700000000000001,15,0.7802417488329588
EMS hem 321902,8.8,15,0.7953333638665852
EMS hem 321902,8.9,15,0.81071683734656
EMS hem 321902,9.000000000000002,15,0.826397814448696
EMS hem 321902,9.100000000000001,15,0.8423820495218248
EMS hem 321902,9.200000000000001,15,0.8586754081994391
EMS hem 321902,9.3,15,0.8752838695521579
EMS hem 321902,9.4,15,0.8922135282818333
EMS hem 321902,9.500000000000002,15,0.9094705969580871
EMS hem 321902,9.600000000000001,15,0.9270614082980907
EMS hem 321902,9.700000000000001,15,0.9449924174904524
EMS hem 321902,9.8,15,0.9632702045640258
EMS hem 321902,9.900000000000002,15,0.9819014768025507
EMS hem 321902,10.000000000000002,15,1.0008930712059756
EMS hem 321902,10.100000000000001,15,1.0202519569993935
EMS hem 321902,10.200000000000001,15,1.0399852381904926
EMS hem 321902,10.3,15,1.0601001561764665
EMS hem 321902,10.400000000000002,15,1.0806040924013456
EMS hem 321902,10.500000000000002,15,1.101504571064721
EMS hem 321902,10.600000000000001,15,1.1228092618828505
EMS hem 321902,10.700000000000001,15,1.1445259829031653
EMS hem 321902,10.8,15,1.1666627033732078
EMS hem 321902,10.900000000000002,15,1.1892275466650606
EMS hem 321902,11.000000000000002,15,1.2122287932563265
EMS hem 321902,11.100000000000001,15,1.2356748837687588
EMS hem 321902,11.200000000000001,15,1.2595744220656715
EMS hem 321902,11.3,15,1.283936178409235
EMS hem 321902,11.400000000000002,15,1.308769092678852
EMS hem 321902,11.500000000000002,15,1.3340822776517636
EMS hem 321902,11.600000000000001,15,1.3598850223471075
EMS hem 321902,11.700000000000001,15,1.3861867954346498
EMS hem 321902,11.8,15,1.4129972487094518
EMS hem 321902,11.900000000000002,15,1.4403262206337115
EMS hem 321902,12.000000000000002,15,1.4681837399471385
EMS hem 321902,12.100000000000001,15,1.4965800293471239
EMS hem 321902,12.200000000000001,15,1.525525509240108
EMS hem 321902,12.3,15,1.5550308015654883
EMS hem 321902,12.400000000000002,15,1.5851067336934799
EMS hem 321902,12.500000000000002,15,1.6157643423983763
EMS hem 321902,12.600000000000001,15,1.6470148779086335
EMS hem 321902,12.700000000000001,15,1.6788698080353113
EMS hem 321902,12.8,15,1.711340822380324
EMS hem 321902,12.900000000000002,15,1.7444398366261105
EMS hem 321902,13.000000000000002,15,1.7781789969082595
EMS hem 321902,13.100000000000001,15,1.8125706842726899
EMS hem 321902,13.200000000000001,15,1.8476275192190543
EMS hem 321902,13.3,15,1.8833623663320007
EMS hem 321902,13.400000000000002,15,1.9197883390020016
EMS hem 321902,13.500000000000002,15,1.9569188042375019
EMS hem 321902,13.600000000000001,15,1.994767387570121
EMS hem 321902,13.700000000000001,15,2.033347978054722
EMS hem 321902,13.8,15,2.0726747333662026
EMS hem 321902,13.900000000000002,15,2.112762084994833
EMS hem 321902,14.000000000000002,15,2.1536247435421005
EMS hem 321902,14.100000000000001,15,2.195277704118963
EMS hem 321902,14.200000000000001,15,2.2377362518485002
EMS hem 321902,14.3,15,2.281015967475013
EMS hem 321902,14.400000000000002,15,2.325132733081583
EMS hem 321902,14.500000000000002,15,2.3701027379182147
EMS hem 321902,14.600000000000001,15,2.4159424843427164
EMS hem 321902,14.700000000000001,15,2.4626687938764484
EMS hem 321902,14.8,15,2.5102988133772257
EMS hem 321902,14.900000000000002,15,2.5588500213315837
EMS rm 321071,0.3,22,0.6860066062140251
EMS rm 321071,0.4,22,0.7667062243454605
EMS rm 321071,0.5,22,0.8568972767094492
EMS rm 321071,0.6000000000000001,22,0.9576962827950658
EMS rm 321071,0.7,22,1.0703510831787793
EMS rm 321071,0.8,22,1.1962562871579574
EMS rm 321071,0.9000000000000001,22,1.336970537306719
EMS rm 321071,1,22,1.4942358046805453
EMS rm 321071,1.1,22,1.669998953534541
EMS rm 321071,1.2,22,1.866435842515584
EMS rm 321071,1.3,22,2.0859782606889024
EMS rm 321071,1.4000000000000001,22,2.331344031853475
EMS rm 321071,1.5000000000000002,22,2.6055706598223374
EMS rm 321071,1.6,22,2.9120529311793617
EMS rm 321071,1.7000000000000002,22,3.254584941015549
EMS rm 321071,1.8,22,3.637407061902132
EMS rm 321071,1.9000000000000001,22,4.065258437552547
EMS rm 321071,2,22,4.543435651018219
EMS rm 321071,2.1,22,5.077858293700657
EMS rm 321071,2.2,22,5.675142246890947
EMS rm 321071,2.3,22,6.342681583024983
EMS rm 321071,2.4,22,7.088740100550429
EMS rm 321071,2.5,22,7.922553625560629
EMS rm 321071,2.6,22,8.854444346637766
EMS rm 321071,2.7,22,9.895948598312836
EMS rm 321071,2.8,22,11.059959675036568
EMS rm 321071,2.9,22,12.360887443626087
EMS rm 321071,3,22,13.814836730108368
EMS rm 321071,3.1,22,15.439806689299049
EMS rm 321071,3.2,22,17.255913625211036
EMS rm 321071,3.3,22,19.285640020696505
EMS rm 321071,3.4,22,21.554112859182904
EMS rm 321071,3.5,22,24.089414683984867
EMS rm 321071,3.6,22,26.92293124594892
EMS rm 321071,3.7,22,30.089740043132092
EMS rm 321071,3.8,22,33.629044562438516
EMS rm 321071,3.9,22,37.58465959890621
EMS rm 321071,4,22,42.005553660649056
EMS rm 321071,4.1000000000000005,22,46.94645517415398
EMS rm 321071,4.2,22,52.468529994445824
EMS rm 321071,4.3,22,58.64013860735316
EMS rm 321071,4.4,22,65.5376823976548
EMS rm 321071,4.5,22,73.24654945947707
EMS rm 321071,4.6,22,81.86217165759624
EMS rm 321071,4.7,22,91.49120602552718
EMS rm 321071,4.8,22,102.25285512550812
EMS rm 321071,4.9,22,114.28034271577026
EMS rm 321071,5,22,127.72256299310061
EMS rm 321071,5.1000000000000005,22,142.74592382749006
EMS rm 321071,5.2,22,159.53640680717066
EMS rm 321071,5.3,22,178.3018695963614
EMS rm 321071,5.4,22,199.27461910773803
EMS rm 321071,5.5,22,222.71428734420104
EMS rm 321071,5.6000000000000005,22,248.91104551140288
EMS rm 321071,5.7,22,278.1891961901164
EMS rm 321071,5.8,22,310.9111880377195
EMS rm 321071,5.9,22,347.482102718764
EMS rm 321071,6,22,388.3546696105491
EMS rm 321071,6.1000000000000005,22,434.0348703632183
EMS rm 321071,6.2,22,485.08820269598306
EMS rm 321071,6.3,22,542.1466809721077
EMS rm 321071,6.4,22,605.9166602162018
EMS rm 321071,6.5,22,677.1875804312128
EMS rm 321071,6.6000000000000005,22,756.8417394653056
EMS rm 321071,6.7,22,845.8652154117783
EMS rm 321071,6.8,22,945.3600737557742
EMS rm 321071,6.9,22,1056.5580103861087
EMS rm 321071,7,22,1180.8355993657053
EMS rm 321071,7.1000000000000005,22,1319.7313342204113
EMS rm 321071,7.2,22,1474.9646737086075
EMS rm 321071,7.3,22,1648.457327848641
EMS rm 321071,7.4,22,1842.3570477142723
EMS rm 321071,7.5,22,2059.0642135037856
EMS rm 321071,7.6000000000000005,22,2301.261550029497
EMS rm 321071,7.7,22,2571.9473374904455
EMS rm 321071,7.8,22,2874.4725286607095
EMS rm 321071,7.9,22,3212.5822319853564
EMS rm 321071,8,22,3590.462074123728
EMS rm 321071,8.100000000000001,22,4012.7900158847483
EMS rm 321071,8.200000000000001,22,4484.794263009441
EMS rm 321071,8.3,22,5012.317988706547
EMS rm 321071,8.4,22,5601.891669173569
EMS rm 321071,8.500000000000002,22,6260.813927580277
EMS rm 321071,8.600000000000001,22,6997.241887322058
EMS rm 321071,8.700000000000001,22,7820.292153070914
EMS rm 321071,8.8,22,8740.153669717838
EMS rm 321071,8.9,22,9768.213856343411
EMS rm 321071,9.000000000000002,22,10917.199576691075
EMS rm 321071,9.100000000000001,22,12201.33469128584
EMS rm 321071,9.200000000000001,22,13636.516141614455
EMS rm 321071,9.3,22,15240.510746198852
EMS rm 321071,9.4,22,17033.175144799246
EMS rm 321071,9.500000000000002,22,19036.701613544505
EMS rm 321071,9.600000000000001,22,21275.892794055842
EMS rm 321071,9.700000000000001,22,23778.468737572217
EMS rm 321071,9.8,22,26575.41006512612
EMS rm 321071,9.900000000000002,22,29701.341491921234
EMS rm 321071,10.000000000000002,22,33194.96046374681
EMS rm 321071,10.100000000000001,22,37099.51621173181
EMS rm 321071,10.200000000000001,22,41463.34515589275
EMS rm 321071,10.3,22,46340.46928550079
EMS rm 321071,10.400000000000002,22,51791.26492391181
EMS rm 321071,10.500000000000002,22,57883.21015683106
EMS rm 321071,10.600000000000001,22,64691.72017679323
EMS rm 321071,10.700000000000001,22,72301.08088500032
EMS rm 321071,10.8,22,80805.49230803407
EMS rm 321071,10.900000000000002,22,90310.23474641303
EMS rm 321071,11.000000000000002,22,100932.97209132028
EMS rm 321071,11.100000000000001,22,112805.20844390635
EMS rm 321071,11.200000000000001,22,126073.91606936982
EMS rm 321071,11.3,22,140903.35483906567
EMS rm 321071,11.400000000000002,22,157477.10568441107
EMS rm 321071,11.500000000000002,22,176000.34323571346
EMS rm 321071,11.600000000000001,22,196702.3757800454
EMS rm 321071,11.700000000000001,22,219839.48398154572
EMS rm 321071,11.8,22,245698.09350607303
EMS rm 321071,11.900000000000002,22,274598.3208256917
EMS rm 321071,12.000000000000002,22,306897.9360982534
EMS rm 321071,12.100000000000001,22,342996.79218051315
EMS rm 321071,12.200000000000001,22,383341.7746037168
EMS rm 321071,12.3,22,428432.3337898408
EMS rm 321071,12.400000000000002,22,478826.66799453454
EMS rm 321071,12.500000000000002,22,535148.633518437
EMS rm 321071,12.600000000000001,22,598095.467731802
EMS rm 321071,12.700000000000001,22,668446.4205195389
EMS rm 321071,12.8,22,747072.4009996136
EMS rm 321071,12.900000000000002,22,834946.7589362513
EMS rm 321071,13.000000000000002,22,933157.3343163978
EMS rm 321071,13.100000000000001,22,1042919.924257075
EMS rm 321071,13.200000000000001,22,1165593.3339571136
EMS rm 321071,13.3,22,1302696.1980164154
EMS rm 321071,13.400000000000002,22,1455925.7803621492
EMS rm 321071,13.500000000000002,22,1627178.9855154047
EMS rm 321071,13.600000000000001,22,1818575.8413072028
EMS rm 321071,13.700000000000001,22,2032485.7437478816
EMS rm 321071,13.8,22,2271556.7889481084
EMS rm 321071,13.900000000000002,22,2538748.5552057517
EMS rm 321071,14.000000000000002,22,2837368.741084345
EMS rm 321071,14.100000000000001,22,3171114.1130438186
EMS rm 321071,14.200000000000001,22,3544116.269534511
EMS rm 321071,14.3,22,3960992.788090706
EMS rm 321071,14.400000000000002,22,4426904.388598774
EMS rm 321071,14.500000000000002,22,4947618.820392096
EMS rm 321071,14.600000000000001,22,5529582.264062959
EMS rm 321071,14.700000000000001,22,6179999.131908948
EMS rm 321071,14.8,22,6906921.254903767
EMS rm 321071,14.900000000000002,22,7719347.560281226
EMS rm 321071,15.000000000000002,22,8627335.473690756
EMS rm 321071,15.100000000000001,22,9642125.425026335
EMS rm 321071,15.200000000000001,22,10776279.999248326
EMS rm 321071,15.3,22,12043839.454814222
EMS rm 321071,15.400000000000002,22,13460495.53495804
EMS rm 321071,15.500000000000002,22,15043785.723513763
EMS rm 321071,15.600000000000001,22,16813310.35007109
EMS rm 321071,15.700000000000001,22,18790975.232116017
EMS rm 321071,15.8,22,21001262.85794187
EMS rm 321071,15.900000000000002,22,23471535.46743854
EMS rm 321071,16,22,26232373.782745425
EMS rm 321071,16.1,22,29317955.58208429
EMS rm 321071,16.2,22,32766478.803318705
EMS rm 321071,16.3,22,36620634.41505515
EMS rm 321071,16.400000000000002,22,40928134.90918325
EMS rm 321071,16.5,22,45742304.95732869
EMS rm 321071,16.6,22,51122741.543245815
EMS rm 321071,16.700000000000003,22,57136051.74325128
EMS rm 321071,16.8,22,63856677.28805057
EMS rm 321071,16.900000000000002,22,71367816.11361349
EMS rm 321071,17,22,79762452.30942585
EMS rm 321071,17.1,22,89144507.21436417
EMS rm 321071,17.200000000000003,22,99630125.91016781
EMS rm 321071,17.3,22,111349115.0386484
EMS rm 321071,17.400000000000002,22,124446549.74208765
EMS rm 321071,17.5,22,139084569.6199247
EMS rm 321071,17.6,22,155444385.93477044
EMS rm 321071,17.700000000000003,22,173728524.91594043
EMS rm 321071,17.8,22,194163334.93146306
EMS rm 321071,17.900000000000002,22,217001788.56608936
EMS rm 321071,18,22,242526614.29359785
EMS rm 321071,18.1,22,271053796.5119233
EMS rm 321071,18.200000000000003,22,302936487.269744
EMS rm 321071,18.3,22,338569378.10976046
EMS rm 321071,18.400000000000002,22,378393586.14982873
EMS rm 321071,18.5,22,422902114.88916725
EMS rm 321071,18.6,22,472645957.3416636
EMS rm 321071,18.700000000000003,22,528240917.0499497
EMS rm 321071,18.8,22,590375231.4209728
EMS rm 321071,18.900000000000002,22,659818091.7560589
EMS rm 321071,19,22,737429165.4491282
EMS rm 321071,19.1,22,824169238.2330889
EMS rm 321071,19.200000000000003,22,921112108.2199268
EMS rm 321071,19.3,22,1029457878.9767971
EMS rm 321071,19.400000000000002,22,1150547816.19956
EMS rm 321071,19.500000000000004,22,1285880951.9018774
EMS rm 321071,19.6,22,1437132641.6713517
EMS rm 321071,19.700000000000003,22,1606175304.72205
EMS rm 321071,19.8,22,1795101603.4948063
EMS rm 321071,19.900000000000002,22,2006250349.7569723
EMS rm 321071,20.000000000000004,22,2242235457.906001
EMS rm 321071,20.1,22,2505978303.904075
EMS rm 321071,20.200000000000003,22,2800743890.430991
EMS rm 321071,20.3,22,3130181265.9614825
EMS rm 321071,20.400000000000002,22,3498368698.134885
EMS rm 321071,20.500000000000004,22,3909864160.6401215
EMS rm 321071,20.6,22,4369761758.618579
EMS rm 321071,20.700000000000003,22,4883754791.102309
EMS rm 321071,20.8,22,5458206231.168693
EMS rm 321071,20.900000000000002,22,6100227496.320433
EMS rm 321071,21.000000000000004,22,6817766484.227544
EMS rm 321071,21.1,22,7619705963.669929
EMS rm 321071,21.200000000000003,22,8515973538.710265
EMS rm 321071,21.3,22,9517664547.397284
EMS rm 321071,21.400000000000002,22,10637179416.42441
EMS rm 321071,21.500000000000004,22,11888377172.123093
EMS rm 321071,21.6,22,13286747008.180477
EMS rm 321071,21.700000000000003,22,14849600034.002647
EMS rm 321071,21.8,22,16596283577.468851
EMS rm 321071,21.900000000000002,22,18548420695.040127
EMS rm 321071,22,22,20730177854.231632
EMS ro 300607,0.3,16,0.1390084045157002
EMS ro 300607,0.4,16,0.14069412830071856
EMS ro 300607,0.5,16,0.14240019048478128
EMS ro 300607,0.6000000000000001,16,0.1441268376920645
EMS ro 300607,0.7,16,0.14587431952246527
EMS ro 300607,0.8,16,0.14764288858768235
EMS ro 300607,0.9000000000000001,16,0.14943280054773408
EMS ro 300607,1,16,0.15124431414791495
EMS ro 300607,1.1,16,0.15307769125620024
EMS ro 300607,1.2,16,0.15493319690110002
EMS ro 300607,1.3,16,0.15681109930997175
EMS ro 300607,1.4000000000000001,16,0.15871166994779423
EMS ro 300607,1.5000000000000002,16,0.16063518355641
EMS ro 300607,1.6,16,0.16258191819424142
EMS ro 300607,1.7000000000000002,16,0.16455215527648576
EMS ro 300607,1.8,16,0.16654617961579665
EMS ro 300607,1.9000000000000001,16,0.1685642794634548
EMS ro 300607,2,16,0.17060674655103816
EMS ro 300607,2.1,16,0.17267387613259266
EMS ro 300607,2.2,16,0.17476596702731456
EMS ro 300607,2.3,16,0.1768833216627462
EMS ro 300607,2.4,16,0.17902624611849458
EMS ro 300607,2.5,16,0.18119505017047735
EMS ro 300607,2.6,16,0.18339004733570316
EMS ro 300607,2.7,16,0.18561155491759343
EMS ro 300607,2.8,16,0.18785989405185002
EMS ro 300607,2.9,16,0.19013538975287897
EMS ro 300607,3,16,0.19243837096077254
EMS ro 300607,3.1,16,0.19476917058886123
EMS ro 300607,3.2,16,0.197128125571838
EMS ro 300607,3.3,16,0.19951557691446503
EMS ro 300607,3.4,16,0.2019318697408687
EMS ro 300607,3.5,16,0.20437735334442964
EMS ro 300607,3.6,16,0.20685238123827587
EMS ro 300607,3.7,16,0.2093573112063855
EMS ro 300607,3.8,16,0.2118925053553079
EMS ro 300607,3.9,16,0.21445833016650784
EMS ro 300607,4,16,0.21705515654934401
EMS ro 300607,4.1000000000000005,16,0.21968335989468643
EMS ro 300607,4.2,16,0.22234332012918193
EMS ro 300607,4.3,16,0.2250354217701757
EMS ro 300607,4.4,16,0.22776005398129595
EMS ro 300607,4.5,16,0.2305176106287106
EMS ro 300607,4.6,16,0.23330849033806342
EMS ro 300607,4.7,16,0.23613309655209883
EMS ro 300607,4.8,16,0.23899183758898201
EMS ro 300607,4.9,16,0.24188512670132448
EMS ro 300607,5,16,0.2448133821359234
EMS ro 300607,5.1000000000000005,16,0.24777702719422143
EMS ro 300607,5.2,16,0.2507764902934996
EMS ro 300607,5.3,16,0.25381220502880636
EMS ro 300607,5.4,16,0.2568846102356384
EMS ro 300607,5.5,16,0.2599941500533772
EMS ro 300607,5.6000000000000005,16,0.263141273989493
EMS ro 300607,5.7,16,0.26632643698452396
EMS ro 300607,5.8,16,0.2695500994778414
EMS ro 300607,5.9,16,0.2728127274742104
EMS ro 300607,6,16,0.2761147926111533
EMS ro 300607,6.1000000000000005,16,0.2794567722271295
EMS ro 300607,6.2,16,0.282839149430538
EMS ro 300607,6.3,16,0.28626241316955364
EMS ro 300607,6.4,16,0.28972705830280854
EMS ro 300607,6.5,16,0.2932335856709296
EMS ro 300607,6.6000000000000005,16,0.29678250216893554
EMS ro 300607,6.7,16,0.30037432081951454
EMS ro 300607,6.8,16,0.3040095608471845
EMS ro 300607,6.9,16,0.3076887477533529
EMS ro 300607,7,16,0.31141241339227904
EMS ro 300607,7.1000000000000005,16,0.3151810960479594
EMS ro 300607,7.2,16,0.31899534051194006
EMS ro 300607,7.3,16,0.3228556981620712
EMS ro 300607,7.4,16,0.32676272704221254
EMS ro 300607,7.5,16,0.3307169919429017
EMS ro 300607,7.6000000000000005,16,0.33471906448300087
EMS ro 300607,7.7,16,0.33876952319232684
EMS ro 300607,7.8,16,0.3428689535952835
EMS ro 300607,7.9,16,0.3470179482955021
EMS ro 300607,8,16,0.35121710706150844
EMS ro 300607,8.100000000000001,16,0.3554670369134221
EMS ro 300607,8.200000000000001,16,0.35976835221070635
EMS ro 300607,8.3,16,0.36412167474098084
EMS ro 300607,8.4,16,0.36852763380990133
EMS ro 300607,8.500000000000002,16,0.3729868663321335
EMS ro 300607,8.600000000000001,16,0.3775000169234239
EMS ro 300607,8.700000000000001,16,0.38206773799378196
EMS ro 300607,8.8,16,0.38669068984179367
EMS ro 300607,8.9,16,0.39136954075006947
EMS ro 300607,9.000000000000002,16,0.39610496708185267
EMS ro 300607,9.100000000000001,16,0.4008976533787902
EMS ro 300607,9.200000000000001,16,0.40574829245989064
EMS ro 300607,9.3,16,0.4106575855216741
EMS ro 300607,9.4,16,0.415626242239538
EMS ro 300607,9.500000000000002,16,0.4206549808703435
EMS ro 300607,9.600000000000001,16,0.425744528356246
EMS ro 300607,9.700000000000001,16,0.43089562042978224
EMS ro 300607,9.8,16,0.43610900172022193
EMS ro 300607,9.900000000000002,16,0.44138542586121227
EMS ro 300607,10.000000000000002,16,0.44672565559972
EMS ro 300607,10.100000000000001,16,0.45213046290629527
EMS ro 300607,10.200000000000001,16,0.45760062908666116
EMS ro 300607,10.3,16,0.4631369448946606
EMS ro 300607,10.400000000000002,16,0.4687402106465642
EMS ro 300607,10.500000000000002,16,0.4744112363367638
EMS ro 300607,10.600000000000001,16,0.48015084175486195
EMS ro 300607,10.700000000000001,16,0.4859598566041779
EMS ro 300607,10.8,16,0.4918391206216896
EMS ro 300607,10.900000000000002,16,0.49778948369942283
EMS ro 300607,11.000000000000002,16,0.5038118060073087
EMS ro 300607,11.100000000000001,16,0.5099069581175298
EMS ro 300607,11.200000000000001,16,0.5160758211303661
EMS ro 300607,11.3,16,0.5223192868015648
EMS ro 300607,11.400000000000002,16,0.528638257671252
EMS ro 300607,11.500000000000002,16,0.5350336471944009
EMS ro 300607,11.600000000000001,16,0.5415063798728771
EMS ro 300607,11.700000000000001,16,0.5480573913890834
EMS ro 300607,11.8,16,0.5546876287412211
EMS ro 300607,11.900000000000002,16,0.5613980503801846
EMS ro 300607,12.000000000000002,16,0.5681896263481118
EMS ro 300607,12.100000000000001,16,0.5750633384186113
EMS ro 300607,12.200000000000001,16,0.5820201802386874
EMS ro 300607,12.3,16,0.5890611574723774
EMS ro 300607,12.400000000000002,16,0.5961872879461273
EMS ro 300607,12.500000000000002,16,0.6033996017959269
EMS ro 300607,12.600000000000001,16,0.6106991416162254
EMS ro 300607,12.700000000000001,16,0.6180869626106448
EMS ro 300607,12.8,16,0.6255641327445166
EMS ro 300607,12.900000000000002,16,0.6331317328992656
EMS ro 300607,13.000000000000002,16,0.6407908570286603
EMS ro 300607,13.100000000000001,16,0.6485426123169497
EMS ro 300607,13.200000000000001,16,0.6563881193389172
EMS ro 300607,13.3,16,0.6643285122218686
EMS ro 300607,13.400000000000002,16,0.6723649388095757
EMS ro 300607,13.500000000000002,16,0.6804985608282076
EMS ro 300607,13.600000000000001,16,0.6887305540542703
EMS ro 300607,13.700000000000001,16,0.6970621084845681
EMS ro 300607,13.8,16,0.7054944285082297
EMS ro 300607,13.900000000000002,16,0.7140287330808116
EMS ro 300607,14.000000000000002,16,0.722666255900508
EMS ro 300607,14.100000000000001,16,0.7314082455864912
EMS ro 300607,14.200000000000001,16,0.7402559658594058
EMS ro 300607,14.3,16,0.7492106957240513
EMS ro 300607,14.400000000000002,16,0.758273729654277
EMS ro 300607,14.500000000000002,16,0.767446377780096
EMS ro 300607,14.600000000000001,16,0.7767299660770857
EMS ro 300607,14.700000000000001,16,0.7861258365580633
EMS ro 300607,14.8,16,0.7956353474670816
EMS ro 300607,14.900000000000002,16,0.8052598734757781
EMS ro 300607,15.000000000000002,16,0.8150008058820896
EMS ro 300607,15.100000000000001,16,0.8248595528113793
EMS ro 300607,15.200000000000001,16,0.8348375394199881
EMS ro 300607,15.3,16,0.8449362081012523
EMS ro 300607,15.400000000000002,16,0.8551570186940158
EMS ro 300607,15.500000000000002,16,0.8655014486936583
EMS ro 300607,15.600000000000001,16,0.8759709934656768
EMS ro 300607,15.700000000000001,16,0.8865671664618532
EMS ro 300607,15.8,16,0.8972914994390402
EMS ro 300607,15.900000000000002,16,0.9081455426805795
EMS ro 300607,16,16,0.9191308652204118
Swamp Rd bg 2,0.3,11.7,0.22244508324623385
Swamp Rd bg 2,0.4,11.7,0.23181222387610226
Swamp Rd bg 2,0.5,11.7,0.24157305008750396
Swamp Rd bg 2,0.6000000000000001,11.7,0.25174413864450673
Swamp Rd bg 2,0.7,11.7,0.262342763057741
Swamp Rd bg 2,0.8,11.7,0.27338692291991956
Swamp Rd bg 2,0.9000000000000001,11.7,0.28489537447445856
Swamp Rd bg 2,1,11.7,0.29688766246911563
Swamp Rd bg 2,1.1,11.7,0.30938415334874064
Swamp Rd bg 2,1.2,11.7,0.32240606984351095
Swamp Rd bg 2,1.3,11.7,0.3359755270113902
Swamp Rd bg 2,1.4000000000000001,11.7,0.3501155697960281
Swamp Rd bg 2,1.5000000000000002,11.7,0.3648502121638723
Swamp Rd bg 2,1.6,11.7,0.38020447788697576
Swamp Rd bg 2,1.7000000000000002,11.7,0.3962044430407461
Swamp Rd bg 2,1.8,11.7,0.4128772802888193
Swamp Rd bg 2,1.9000000000000001,11.7,0.43025130503026293
Swamp Rd bg 2,2,11.7,0.4483560234874821
Swamp Rd bg 2,2.1,11.7,0.46722218281649447
Swamp Rd bg 2,2.2,11.7,0.4868818233246771
Swamp Rd bg 2,2.3,11.7,0.5073683328846658
Swamp Rd bg 2,2.4,11.7,0.528716503636818
Swamp Rd bg 2,2.5,11.7,0.550962591076538
Swamp Rd bg 2,2.6,11.7,0.5741443756268073
Swamp Rd bg 2,2.7,11.7,0.5983012268004975
Swamp Rd bg 2,2.8,11.7,0.6234741700614231
Swamp Rd bg 2,2.9,11.7,0.6497059564976884
Swamp Rd bg 2,3,11.7,0.6770411354256543
Swamp Rd bg 2,3.1,11.7,0.7055261300478276
Swamp Rd bg 2,3.2,11.7,0.7352093162931621
Swamp Rd bg 2,3.3,11.7,0.7661411049736647
Swamp Rd bg 2,3.4,11.7,0.7983740273968348
Swamp Rd bg 2,3.5,11.7,0.8319628245793301
Swamp Rd bg 2,3.6,11.7,0.8669645402133713
Swamp Rd bg 2,3.7,11.7,0.9034386175437696
Swamp Rd bg 2,3.8,11.7,0.941447000320102
Swamp Rd bg 2,3.9,11.7,0.9810542379954826
Swamp Rd bg 2,4,11.7,1.0223275953505893
Swamp Rd bg 2,4.1000000000000005,11.7,1.0653371667291112
Swamp Rd bg 2,4.2,11.7,1.1101559950786404
Swamp Rd bg 2,4.3,11.7,1.1568601959991547
Swamp Rd bg 2,4.4,11.7,1.2055290870097732
Swamp Rd bg 2,4.5,11.7,1.256245322253318
Swamp Rd bg 2,4.6,11.7,1.3090950328674438
Swamp Rd bg 2,4.7,11.7,1.3641679732607404
Swamp Rd bg 2,4.8,11.7,1.4215576735421995
Swamp Rd bg 2,4.9,11.7,1.4813615983629576
Swamp Rd bg 2,5,11.7,1.5436813124400406
Swamp Rd bg 2,5.1000000000000005,11.7,1.608622653043232
Swamp Rd bg 2,5.2,11.7,1.6762959097379975
Swamp Rd bg 2,5.3,11.7,1.7468160116897218
Swamp Rd bg 2,5.4,11.7,1.8203027228473565
Swamp Rd bg 2,5.5,11.7,1.8968808453379566
Swamp Rd bg 2,5.6000000000000005,11.7,1.9766804314175306
Swamp Rd bg 2,5.7,11.7,2.0598370043381595
Swamp Rd bg 2,5.8,11.7,2.146491788506482
Swamp Rd bg 2,5.9,11.7,2.236791949324426
Swamp Rd bg 2,6,11.7,2.330890843119489
Swamp Rd bg 2,6.1000000000000005,11.7,2.4289482775890705
Swamp Rd bg 2,6.2,11.7,2.5311307832010956
Swamp Rd bg 2,6.3,11.7,2.6376118960119075
Swamp Rd bg 2,6.4,11.7,2.74857245238172
Swamp Rd bg 2,6.5,11.7,2.864200896088141
Swamp Rd bg 2,6.6000000000000005,11.7,2.9846935983593195
Swamp Rd bg 2,6.7,11.7,3.110255191370256
Swamp Rd bg 2,6.8,11.7,3.2410989157686356
Swamp Rd bg 2,6.9,11.7,3.377446982820424
Swamp Rd bg 2,7,11.7,3.519530951790136
Swamp Rd bg 2,7.1000000000000005,11.7,3.667592123196848
Swamp Rd bg 2,7.2,11.7,3.821881948613707
Swamp Rd bg 2,7.3,11.7,3.982662457706912
Swamp Rd bg 2,7.4,11.7,4.150206703239452
Swamp Rd bg 2,7.5,11.7,4.324799224795261
Swamp Rd bg 2,7.6000000000000005,11.7,4.506736532011457
Swamp Rd bg 2,7.7,11.7,4.696327608139208
Swamp Rd bg 2,7.8,11.7,4.893894434788504
Swamp Rd bg 2,7.9,11.7,5.0997725387479695
Swamp Rd bg 2,8,11.7,5.314311561808392
Swamp Rd bg 2,8.100000000000001,11.7,5.537875854557689
Swamp Rd bg 2,8.200000000000001,11.7,5.770845095155736
Swamp Rd bg 2,8.3,11.7,6.013614934139999
Swamp Rd bg 2,8.4,11.7,6.266597666356888
Swamp Rd bg 2,8.500000000000002,11.7,6.53022293116012
Swamp Rd bg 2,8.600000000000001,11.7,6.804938442065159
Swamp Rd bg 2,8.700000000000001,11.7,7.091210747098933
Swamp Rd bg 2,8.8,11.7,7.3895260211360965
Swamp Rd bg 2,8.9,11.7,7.700390891567459
Swamp Rd bg 2,9.000000000000002,11.7,8.024333298702828
Swamp Rd bg 2,9.100000000000001,11.7,8.361903392369536
Swamp Rd bg 2,9.200000000000001,11.7,8.713674466229193
Swamp Rd bg 2,9.3,11.7,9.080243931399577
Swamp Rd bg 2,9.4,11.7,9.46223433103503
Swamp Rd bg 2,9.500000000000002,11.7,9.86029439758851
Swamp Rd bg 2,9.600000000000001,11.7,10.275100154550781
Swamp Rd bg 2,9.700000000000001,11.7,10.707356064537842
Swamp Rd bg 2,9.8,11.7,11.1577962256764
Swamp Rd bg 2,9.900000000000002,11.7,11.627185618319176
Swamp Rd bg 2,10.000000000000002,11.7,12.116321404207302
Swamp Rd bg 2,10.100000000000001,11.7,12.626034280286365
Swamp Rd bg 2,10.200000000000001,11.7,13.157189889474912
Swamp Rd bg 2,10.3,11.7,13.710690290781715
Swamp Rd bg 2,10.400000000000002,11.7,14.287475491268188
Swamp Rd bg 2,10.500000000000002,11.7,14.888525042457841
Swamp Rd bg 2,10.600000000000001,11.7,15.514859703903987
Swamp Rd bg 2,10.700000000000001,11.7,16.16754317674073
Swamp Rd bg 2,10.8,11.7,16.8476839101613
Swamp Rd bg 2,10.900000000000002,11.7,17.556436983892322
Swamp Rd bg 2,11.000000000000002,11.7,18.29500606985985
Swamp Rd bg 2,11.100000000000001,11.7,19.064645476379606
Swamp Rd bg 2,11.200000000000001,11.7,19.866662278342943
Swamp Rd bg 2,11.3,11.7,20.702418537015614
Swamp Rd bg 2,11.400000000000002,11.7,21.573333613220104
Swamp Rd bg 2,11.500000000000002,11.7,22.480886577828866
Swamp Rd bg 2,11.600000000000001,11.7,23.42661872366365
Swamp Rd hem 4,0.3,14.2,0.030073232994013814
Swamp Rd hem 4,0.4,14.2,0.027584586326145685
Swamp Rd hem 4,0.5,14.2,0.02527969450720511
Swamp Rd hem 4,0.6000000000000001,14.2,0.023143203489718732
Swamp Rd hem 4,0.7,14.2,0.02116088102892816
Swamp Rd hem 4,0.8,14.2,0.019319521874625843
Swamp Rd hem 4,0.9000000000000001,14.2,0.017606859804320016
Swamp Rd hem 4,1,14.2,0.01601148591173699
Swamp Rd hem 4,1.1,14.2,0.014522772606339503
Swamp Rd hem 4,1.2,14.2,0.013130802817583317
Swamp Rd hem 4,1.3,14.2,0.011826303932306121
Swamp Rd hem 4,1.4000000000000001,14.2,0.010600586025172234
Swamp Rd hem 4,1.5000000000000002,14.2,0.009445483970694885
Swamp Rd hem 4,1.6,14.2,0.008353303051215222
Swamp Rd hem 4,1.7000000000000002,14.2,0.0073167676985051045
Swamp Rd hem 4,1.8,14.2,0.0063289730275358815
Swamp Rd hem 4,1.9000000000000001,14.2,0.0053833388395549
Swamp Rd hem 4,2,14.2,0.0044735657880612435
Swamp Rd hem 4,2.1,14.2,0.0035935934156799405
Swamp Rd hem 4,2.2,14.2,0.0027375597823972725
Swamp Rd hem 4,2.3,14.2,0.00189976241622033
Swamp Rd hem 4,2.4,14.2,0.0010746203261335673
Swamp Rd hem 4,2.5,14.2,2.566368243014333e-4
Swamp Rd hem 4,2.6,14.2,-5.596370901429859e-4
Swamp Rd hem 4,2.7,14.2,-0.0013796390296423162
Swamp Rd hem 4,2.8,14.2,-0.002208831440895293
Swamp Rd hem 4,2.9,14.2,-0.003052737992970585
Swamp Rd hem 4,3,14.2,-0.003916980373253749
Swamp Rd hem 4,3.1,14.2,-0.004807315736343655
Swamp Rd hem 4,3.2,14.2,-0.0057296750553644015
Swamp Rd hem 4,3.3,14.2,-0.006690202631170071
Swamp Rd hem 4,3.4,14.2,-0.007695297022633232
Swamp Rd hem 4,3.5,14.2,-0.0087516536706743
Swamp Rd hem 4,3.6,14.2,-0.009866309499972135
Swamp Rd hem 4,3.7,14.2,-0.011046689795470195
Swamp Rd hem 4,3.8,14.2,-0.012300657665946377
Swamp Rd hem 4,3.9,14.2,-0.013636566424148441
Swamp Rd hem 4,4,14.2,-0.0150633152324253
Swamp Rd hem 4,4.1000000000000005,14.2,-0.01659040838453808
Swamp Rd hem 4,4.2,14.2,-0.01822801861855675
Swamp Rd hem 4,4.3,14.2,-0.019987054882601697
Swamp Rd hem 4,4.4,14.2,-0.021879235004851925
Swamp Rd hem 4,4.5,14.2,-0.023917163751911334
Swamp Rd hem 4,4.6,14.2,-0.026114416795519745
Swamp Rd hem 4,4.7,14.2,-0.02848563114695257
Swamp Rd hem 4,4.8,14.2,-0.0310466026615389
Swamp Rd hem 4,4.9,14.2,-0.033814391262824796
Swamp Rd hem 4,5,14.2,-0.03680743458733218
Swamp Rd hem 4,5.1000000000000005,14.2,-0.040045670806960046
Swamp Rd hem 4,5.2,14.2,-0.04355067144720778
Swamp Rd hem 4,5.3,14.2,-0.047345785085992236
Swamp Rd hem 4,5.4,14.2,-0.05145629289030704
Swamp Rd hem 4,5.5,14.2,-0.05590957702683264
Swamp Rd hem 4,5.6000000000000005,14.2,-0.06073530306836634
Swamp Rd hem 4,5.7,14.2,-0.06596561761117165
Swamp Rd hem 4,5.8,14.2,-0.07163536241967808
Swamp Rd hem 4,5.9,14.2,-0.077782306525055
Swamp Rd hem 4,6,14.2,-0.08444739782378669
Swamp Rd hem 4,6.1000000000000005,14.2,-0.09167503585227404
Swamp Rd hem 4,6.2,14.2,-0.09951336755455013
Swamp Rd hem 4,6.3,14.2,-0.10801460801337072
Swamp Rd hem 4,6.4,14.2,-0.11723538828122797
Swamp Rd hem 4,6.5,14.2,-0.12723713262836708
Swamp Rd hem 4,6.6000000000000005,14.2,-0.13808646772084734
Swamp Rd hem 4,6.7,14.2,-0.149855666454383
Swamp Rd hem 4,6.8,14.2,-0.16262312940057308
Swamp Rd hem 4,6.9,14.2,-0.1764739070726687
Swamp Rd hem 4,7,14.2,-0.19150026648995983
Swamp Rd hem 4,7.1000000000000005,14.2,-0.20780230581494977
Swamp Rd hem 4,7.2,14.2,-0.22548862115772525
Swamp Rd hem 4,7.3,14.2,-0.24467702998944454
Swamp Rd hem 4,7.4,14.2,-0.2654953559839654
Swamp Rd hem 4,7.5,14.2,-0.2880822805158343
Swamp Rd hem 4,7.6000000000000005,14.2,-0.31258826648690774
Swamp Rd hem 4,7.7,14.2,-0.3391765606356593
Swamp Rd hem 4,7.8,14.2,-0.36802428100608736
Swamp Rd hem 4,7.9,14.2,-0.3993235968203741
Swamp Rd hem 4,8,14.2,-0.4332830086150532
Swamp Rd hem 4,8.100000000000001,14.2,-0.47012873716828624
Swamp Rd hem 4,8.200000000000001,14.2,-0.5101062304706225
Swamp Rd hem 4,8.3,14.2,-0.5534817987779225
Swamp Rd hem 4,8.4,14.2,-0.600544388638349
Swamp Rd hem 4,8.500000000000002,14.2,-0.6516075077111322
Swamp Rd hem 4,8.600000000000001,14.2,-0.7070113131992857
Swamp Rd hem 4,8.700000000000001,14.2,-0.7671248778083823
Swamp Rd hem 4,8.8,14.2,-0.8323486483260814
Swamp Rd hem 4,8.9,14.2,-0.9031171132002527
Swamp Rd hem 4,9.000000000000002,14.2,-0.9799016968857721
Swamp Rd hem 4,9.100000000000001,14.2,-1.0632139002407026
Swamp Rd hem 4,9.200000000000001,14.2,-1.153608707891612
Swamp Rd hem 4,9.3,14.2,-1.2516882852662274
Swamp Rd hem 4,9.4,14.2,-1.3581059899212022
Swamp Rd hem 4,9.500000000000002,14.2,-1.473570723886492
Swamp Rd hem 4,9.600000000000001,14.2,-1.5988516560194952
Swamp Rd hem 4,9.700000000000001,14.2,-1.7347833458269355
Swamp Rd hem 4,9.8,14.2,-1.8822713028868703
Swamp Rd hem 4,9.900000000000002,14.2,-2.042298018904915
Swamp Rd hem 4,10.000000000000002,14.2,-2.2159295125872536
Swamp Rd hem 4,10.100000000000001,14.2,-2.404322430929191
Swamp Rd hem 4,10.200000000000001,14.2,-2.6087317542244164
Swamp Rd hem 4,10.3,14.2,-2.830519156122025
Swamp Rd hem 4,10.400000000000002,14.2,-3.0711620744218084
Swamp Rd hem 4,10.500000000000002,14.2,-3.3322635530329445
Swamp Rd hem 4,10.600000000000001,14.2,-3.615562920658424
Swamp Rd hem 4,10.700000000000001,14.2,-3.9229473773411896
Swamp Rd hem 4,10.8,14.2,-4.256464566055932
Swamp Rd hem 4,10.900000000000002,14.2,-4.618336213092191
Swamp Rd hem 4,11.000000000000002,14.2,-5.010972928094285
Swamp Rd hem 4,11.100000000000001,14.2,-5.436990262348558
Swamp Rd hem 4,11.200000000000001,14.2,-5.899226132290329
Swamp Rd hem 4,11.3,14.2,-6.4007597242973056
Swamp Rd hem 4,11.400000000000002,14.2,-6.94493200670381
Swamp Rd hem 4,11.500000000000002,14.2,-7.535367985676766
Swamp Rd hem 4,11.600000000000001,14.2,-8.176000853210962
Swamp Rd hem 4,11.700000000000001,14.2,-8.871098188105664
Swamp Rd hem 4,11.8,14.2,-9.62529038446042
Swamp Rd hem 4,11.900000000000002,14.2,-10.443601497066743
Swamp Rd hem 4,12.000000000000002,14.2,-11.331482709172219
Swamp Rd hem 4,12.100000000000001,14.2,-12.29484864556284
Swamp Rd hem 4,12.200000000000001,14.2,-13.340116772863293
Swamp Rd hem 4,12.3,14.2,-14.474250149520394
Swamp Rd hem 4,12.400000000000002,14.2,-15.70480381024908
Swamp Rd hem 4,12.500000000000002,14.2,-17.039975093931016
Swamp Rd hem 4,12.600000000000001,14.2,-18.48865825022515
Swamp Rd hem 4,12.700000000000001,14.2,-20.06050368865301
Swamp Rd hem 4,12.8,14.2,-21.76598226484611
Swamp Rd hem 4,12.900000000000002,14.2,-23.61645503219897
Swamp Rd hem 4,13.000000000000002,14.2,-25.624248923578712
Swamp Rd hem 4,13.100000000000001,14.2,-27.802738867245118
Swamp Rd hem 4,13.200000000000001,14.2,-30.166436883996948
Swamp Rd hem 4,13.3,14.2,-32.73108875906508
Swamp Rd hem 4,13.400000000000002,14.2,-35.513778932733985
Swamp Rd hem 4,13.500000000000002,14.2,-38.533044308418646
Swamp Rd hem 4,13.600000000000001,14.2,-41.808997736332685
Swamp Rd hem 4,13.700000000000001,14.2,-45.36346199533249
Swamp Rd hem 4,13.8,14.2,-49.22011516545913
Swamp Rd hem 4,13.900000000000002,14.2,-53.40464835957774
Swamp Rd hem 4,14.000000000000002,14.2,-57.94493686484419
Swamp Rd hem 4,14.100000000000001,14.2,-62.87122583405909
Swamp Rd rm 5,0.3,13,0.2751284647303376
Swamp Rd rm 5,0.4,13,0.29052377640092036
Swamp Rd rm 5,0.5,13,0.30677948341169903
Swamp Rd rm 5,0.6000000000000001,13,0.3239437275524321
Swamp Rd rm 5,0.7,13,0.3420673412742874
Swamp Rd rm 5,0.8,13,0.3612039982317476
Swamp Rd rm 5,0.9000000000000001,13,0.3814103722388363
Swamp Rd rm 5,1,13,0.4027463051104072
Swamp Rd rm 5,1.1,13,0.4252749838855687
Swamp Rd rm 5,1.2,13,0.4490631279580967
Swamp Rd rm 5,1.3,13,0.47418118666802606
Swamp Rd rm 5,1.4000000000000001,13,0.5007035479395967
Swamp Rd rm 5,1.5000000000000002,13,0.5287087585834402
Swamp Rd rm 5,1.6,13,0.5582797569154418
Swamp Rd rm 5,1.7000000000000002,13,0.5895041183811808
Swamp Rd rm 5,1.8,13,0.6224743149133798
Swamp Rd rm 5,1.9000000000000001,13,0.6572879887904542
Swamp Rd rm 5,2,13,0.6940482418072041
Swamp Rd rm 5,2.1,13,0.732863940614035
Swamp Rd rm 5,2.2,13,0.7738500391289825
Swamp Rd rm 5,2.3,13,0.8171279189773718
Swamp Rd rm 5,2.4,13,0.8628257489673337
Swamp Rd rm 5,2.5,13,0.9110788646657797
Swamp Rd rm 5,2.6,13,0.962030169198957
Swamp Rd rm 5,2.7,13,1.015830556464571
Swamp Rd rm 5,2.8,13,1.0726393580088294
Swamp Rd rm 5,2.9,13,1.1326248148918485
Swamp Rd rm 5,3,13,1.1959645759388675
Swamp Rd rm 5,3.1,13,1.2628462238528553
Swamp Rd rm 5,3.2,13,1.3334678307466095
Swamp Rd rm 5,3.3,13,1.4080385447395762
Swamp Rd rm 5,3.4,13,1.4867792093566101
Swamp Rd rm 5,3.5,13,1.5699230175630516
Swamp Rd rm 5,3.6,13,1.657716202373053
Swamp Rd rm 5,3.7,13,1.7504187660764359
Swamp Rd rm 5,3.8,13,1.848305250243679
Swamp Rd rm 5,3.9,13,1.9516655487894525
Swamp Rd rm 5,4,13,2.060805766502603
Swamp Rd rm 5,4.1000000000000005,13,2.1760491255851524
Swamp Rd rm 5,4.2,13,2.2977369228850613
Swamp Rd rm 5,4.3,13,2.4262295406576224
Swamp Rd rm 5,4.4,13,2.561907513848893
Swamp Rd rm 5,4.5,13,2.705172657061954
Swamp Rd rm 5,4.6,13,2.8564492545435582
Swamp Rd rm 5,4.7,13,3.01618531671532
Swamp Rd rm 5,4.8,13,3.1848539069707233
Swamp Rd rm 5,4.9,13,3.362954542667323
Swamp Rd rm 5,5,13,3.551014674463155
Swamp Rd rm 5,5.1000000000000005,13,3.7495912483785334
Swamp Rd rm 5,5.2,13,3.9592723552092877
Swamp Rd rm 5,5.3,13,4.180678972176208
Swamp Rd rm 5,5.4,13,4.414466801968721
Swamp Rd rm 5,5.5,13,4.661328214629086
Swamp Rd rm 5,5.6000000000000005,13,4.921994298028192
Swamp Rd rm 5,5.7,13,5.197237023005323
Swamp Rd rm 5,5.8,13,5.487871529584225
Swamp Rd rm 5,5.9,13,5.794758541036012
Swamp Rd rm 5,6,13,6.118806912938323
Swamp Rd rm 5,6.1000000000000005,13,6.460976324779842
Swamp Rd rm 5,6.2,13,6.822280122081365
Swamp Rd rm 5,6.3,13,7.203788317450625
Swamp Rd rm 5,6.4,13,7.606630759458394
Swamp Rd rm 5,6.5,13,8.032000478720722
Swamp Rd rm 5,6.6000000000000005,13,8.481157221096787
Swamp Rd rm 5,6.7,13,8.955431178466043
Swamp Rd rm 5,6.8,13,9.456226928133484
Swamp Rd rm 5,6.9,13,9.985027592529743
Swamp Rd rm 5,7,13,10.543399231524914
Swamp Rd rm 5,7.1000000000000005,13,11.132995480364439
Swamp Rd rm 5,7.2,13,11.755562446962017
Swamp Rd rm 5,7.3,13,12.412943883053416
Swamp Rd rm 5,7.4,13,13.10708664452546
Swamp Rd rm 5,7.5,13,13.840046457091196
Swamp Rd rm 5,7.6000000000000005,13,14.61399400438657
Swamp Rd rm 5,7.7,13,15.43122135651849
Swamp Rd rm 5,7.8,13,16.294148758103006
Swamp Rd rm 5,7.9,13,17.20533179589605
Swamp Rd rm 5,8,13,18.1674689672443
Swamp Rd rm 5,8.100000000000001,13,19.183409671770473
Swamp Rd rm 5,8.200000000000001,13,20.25616264996017
Swamp Rd rm 5,8.3,13,21.388904893641907
Swamp Rd rm 5,8.4,13,22.584991054748762
Swamp Rd rm 5,8.500000000000002,13,23.847963380226005
Swamp Rd rm 5,8.600000000000001,13,25.18156220250736
Swamp Rd rm 5,8.700000000000001,13,26.589737016627602
Swamp Rd rm 5,8.8,13,28.07665817677687
Swamp Rd rm 5,8.9,13,29.646729246936324
Swamp Rd rm 5,9.000000000000002,13,31.304600042171973
Swamp Rd rm 5,9.100000000000001,13,33.055180399208844
Swamp Rd rm 5,9.200000000000001,13,34.90365471706753
Swamp Rd rm 5,9.3,13,36.85549731082563
Swamp Rd rm 5,9.4,13,38.916488623974814
Swamp Rd rm 5,9.500000000000002,13,41.09273234738671
Swamp Rd rm 5,9.600000000000001,13,43.390673495586306
Swamp Rd rm 5,9.700000000000001,13,45.817117493865965
Swamp Rd rm 5,9.8,13,48.37925033276741
Swamp Rd rm 5,9.900000000000002,13,51.08465984961971
Swamp Rd rm 5,10.000000000000002,13,53.94135820015915
Swamp Rd rm 5,10.100000000000001,13,56.95780558678155
Swamp Rd rm 5,10.200000000000001,13,60.142935313698835
Swamp Rd rm 5,10.3,13,63.50618024320172
Swamp Rd rm 5,10.400000000000002,13,67.057500731379207
Swamp Rd rm 5,10.500000000000002,13,70.80741412602782
Swamp Rd rm 5,10.600000000000001,13,74.76702591410928
Swamp Rd rm 5,10.700000000000001,13,78.94806261100094
Swamp Rd rm 5,10.8,13,83.36290648894143
Swamp Rd rm 5,10.900000000000002,13,88.02463224752098
Swamp Rd rm 5,11.000000000000002,13,92.94704573481734
Swamp Rd rm 5,11.100000000000001,13,98.14472483385076
Swamp Rd rm 5,11.200000000000001,13,103.63306263544516
Swamp Rd rm 5,11.3,13,109.42831302535265
Swamp Rd rm 5,11.400000000000002,13,115.54763882064981
Swamp Rd rm 5,11.500000000000002,13,122.00916259796227
Swamp Rd rm 5,11.600000000000001,13,128.83202036404805
Swamp Rd rm 5,11.700000000000001,13,136.03641822768583
Swamp Rd rm 5,11.8,13,143.64369224070438
Swamp Rd rm 5,11.900000000000002,13,151.67637158537406
Swamp Rd rm 5,12.000000000000002,13,160.1582452952915
Swamp Rd rm 5,12.100000000000001,13,169.11443270735418
Swamp Rd rm 5,12.200000000000001,13,178.57145785346998
Swamp Rd rm 5,12.3,13,188.55732801231545
Swamp Rd rm 5,12.400000000000002,13,199.1016166537763
Swamp Rd rm 5,12.500000000000002,13,210.23555102171247
Swamp Rd rm 5,12.600000000000001,13,221.99210461442723
Swamp Rd rm 5,12.700000000000001,13,234.40609483672387
Swamp Rd rm 5,12.8,13,247.51428611274972
Swamp Rd rm 5,12.900000000000002,13,261.35549876500005
YMF black oak,0.3,10,0.04875429987743012
YMF black oak,0.4,10,0.046204541935683185
YMF black oak,0.5,10,0.04378245985382309
YMF black oak,0.6000000000000001,10,0.04148136075276122
YMF black oak,0.7,10,0.039294886062666505
YMF black oak,0.8,10,0.037216993952487586
YMF black oak,0.9000000000000001,10,0.035241942634711726
YMF black oak,1,10,0.03336427449922629
YMF black oak,1.1,10,0.031578801032440706
YMF black oak,1.2,10,0.02988058847999605
YMF black oak,1.3,10,0.028264944213444526
YMF black oak,1.4000000000000001,10,0.026727403763226205
YMF black oak,1.5000000000000002,10,0.02526371848211142
YMF black oak,1.6,10,0.023869843805019775
YMF black oak,1.7000000000000002,10,0.022541928072774105
YMF black oak,1.8,10,0.021276301888906703
YMF black oak,1.9000000000000001,10,0.02006946798010737
YMF black oak,2,10,0.018918091532295282
YMF black oak,2.1,10,0.017818990975610183
YMF black oak,2.2,10,0.016769129192859777
YMF black oak,2.3,10,0.015765605127129295
YMF black oak,2.4,10,0.014805645765363293
YMF black oak,2.5,10,0.013886598475767675
YMF black oak,2.6,10,0.013005923677858355
YMF black oak,2.7,10,0.012161187824901765
YMF black oak,2.8,10,0.01135005667935578
YMF black oak,2.9,10,0.010570288862729227
YMF black oak,3,10,0.009819729662036567
YMF black oak,3.1,10,0.009096305075733153
YMF black oak,3.2,10,0.0083980160826784209
YMF black oak,3.3,10,0.007722933118290567
YMF black oak,3.4,10,0.007069190742628782
YMF black oak,3.5,10,0.006434982485669561
YMF black oak,3.6,10,0.005818555855533045
YMF black oak,3.7,10,0.005218207495865875
YMF black oak,3.8,10,0.004632278478999043
YMF black oak,3.9,10,0.004059149721874293
YMF black oak,4,10,0.003497237512072345
YMF black oak,4.1000000000000005,10,0.0029449891315797183
YMF black oak,4.2,10,0.0024008785662017955
YMF black oak,4.3,10,0.0018634022887657452
YMF black oak,4.4,10,0.0013310751044613644
YMF black oak,4.5,10,8.024260468392614e-4
YMF black oak,4.6,10,2.7599431312588514e-4
YMF black oak,4.7,10,-2.4967477237637626e-4
YMF black oak,4.8,10,-7.760337779583514e-4
YMF black oak,4.9,10,-0.001304537178349832
YMF black oak,5,10,-0.0018366453738333525
YMF black oak,5.1000000000000005,10,-0.0023738287257319747
YMF black oak,5.2,10,-0.0029175716194220357
YMF black oak,5.3,10,-0.0034693765660983506
YMF black oak,5.4,10,-0.004030768354625935
YMF black oak,5.5,10,-0.004603298264951117
YMF black oak,5.6000000000000005,10,-0.005188548354714745
YMF black oak,5.7,10,-0.005788135830912668
YMF black oak,5.8,10,-0.006403717518683615
YMF black oak,5.9,10,-0.0070369944395727415
YMF black oak,6,10,-0.007689716511922112
YMF black oak,6.1000000000000005,10,-0.008363687386376537
YMF black oak,6.2,10,-0.009060769429866378
YMF black oak,6.3,10,-0.00978288887183977
YMF black oak,6.4,10,-0.010532041126964512
YMF black oak,6.5,10,-0.011310296309007544
YMF black oak,6.6000000000000005,10,-0.012119804951128963
YMF black oak,6.7,10,-0.01296280394839663
YMF black oak,6.8,10,-0.013841622738942634
YMF black oak,6.9,10,-0.014758689740841593
YMF black oak,7,10,-0.01571653906249794
YMF black oak,7.1000000000000005,10,-0.016717817505084494
YMF black oak,7.2,10,-0.01776529187638217
YMF black oak,7.3,10,-0.018861856636231175
YMF black oak,7.4,10,-0.020010541894719572
YMF black oak,7.5,10,-0.021214521785211132
YMF black oak,7.6000000000000005,10,-0.02247712323534903
YMF black oak,7.7,10,-0.023801835160272084
YMF black oak,7.8,10,-0.025192318103447
YMF black oak,7.9,10,-0.026652414351757085
YMF black oak,8,10,-0.028186158552797807
YMF black oak,8.100000000000001,10,-0.029797788863718058
YMF black oak,8.200000000000001,10,-0.03149175866241413
YMF black oak,8.3,10,-0.03327274885343802
YMF black oak,8.4,10,-0.035145680802624424
YMF black oak,8.500000000000002,10,-0.037115729936178336
YMF black oak,8.600000000000001,10,-0.039188340041801245
YMF black oak,8.700000000000001,10,-0.041369238311374325
YMF black oak,8.8,10,-0.04366445116676494
YMF black oak,8.9,10,-0.04608032091248816
YMF black oak,9.000000000000002,10,-0.048623523261238893
YMF black oak,9.100000000000001,10,-0.05130108578072233
YMF black oak,9.200000000000001,10,-0.05412040731275687
YMF black oak,9.3,10,-0.05708927841830951
YMF black oak,9.4,10,-0.060215902904958714
YMF black oak,9.500000000000002,10,-0.06350892049627198
YMF black oak,9.600000000000001,10,-0.06697743070573794
YMF black oak,9.700000000000001,10,-0.07063101798122627
YMF black oak,9.8,10,-0.07447977818945327
YMF black oak,9.900000000000002,10,-0.07853434651363901
