metric,estimate,lo,hi,valid_draws,total_draws
rate_stem_lo,0.7271451368713282,0.21787051510121608,1.5115785405591682,2000,2000
rate_stem_up,0.3063547785621781,0.08266989833009049,0.6223349120753464,2000,2000
rate_branch,0.21215113504372823,0.04585474775217315,0.32307636329921274,1969,2000
rate_leaf,0.012354352211031917,0.002297043060609541,0.02671421482213547,2000,2000
area_stem_lo,0.09149338374291112,0.09149338374291112,0.09149338374291112,2000,2000
area_stem_up,0.45850661625708894,0.45850661625708894,0.45850661625708894,2000,2000
area_branch,1.55,1.55,1.55,2000,2000
area_leaf,4.5,4.5,4.5,2000,2000
int_stem_lo,0.06652896904456006,0.019933710644421274,0.13829943546892953,2000,2000
int_stem_up,0.14046569289273403,0.037904695349647355,0.28534467471432007,2000,2000
int_branch,0.32883425931777877,0.07107485901586838,0.5007683631137798,1969,2000
int_leaf,0.05559458494964362,0.010336693772742935,0.12021396669960961,2000,2000
pct_stem_lo,11.248955840712151,3.544631225138495,35.76175047908473,1969,2000
pct_stem_up,23.750441336721735,10.802180797976563,36.64217791554674,1969,2000
pct_branch,55.600471720844226,28.782001985864518,73.8505920510524,1969,2000
pct_leaf,9.400131101721886,2.3779211771396973,19.58249093960944,1969,2000
total,0.5914235062047165,0.20670135431876777,0.8959492278706748,1969,2000
woody,0.5358289212550729,0.1766021562857505,0.8094639310147562,1969,2000
cancel,-0.010221848569437197,-0.02124902740722155,-0.003062716506215179,2000,2000
flip,-0.020443697138874395,-0.0424980548144431,-0.006125433012430358,2000,2000
upper_mean,0.08064746156192935,0.02229795858656452,0.1265007754453157,1969,2000
