h,name,value
0,Stem,0
0,Stem + branches,0
0,All surfaces,0
0.1,Stem,0.8676748582230553
0.1,Stem + branches,0.22724817715365736
0.1,All surfaces,0.07230623818525463
0.2,Stem,1.7315689981096338
0.2,Stem + branches,0.4535061661715708
0.2,All surfaces,0.1442974165091362
0.30000000000000004,Stem,2.5916824196597466
0.30000000000000004,Stem + branches,0.6787739670537433
0.30000000000000004,All surfaces,0.2159735349716456
0.4,Stem,3.448015122873349
0.4,Stem + branches,0.9030515798001629
0.4,All surfaces,0.28733459357277913
0.5,Stem,4.300567107750474
0.5,Stem + branches,1.1263390044108386
0.5,All surfaces,0.3583805923125396
0.6000000000000001,Stem,5.149338374291112
0.6000000000000001,Stem + branches,1.3486362408857675
0.6000000000000001,All surfaces,0.4291115311909261
0.7000000000000001,Stem,5.994328922495285
0.7000000000000001,Stem + branches,1.5699432892249556
0.7000000000000001,All surfaces,0.49952741020794045
0.8,Stem,6.835538752362957
0.8,Stem + branches,1.7902601494283938
0.8,All surfaces,0.5696282293635799
0.9,Stem,7.672967863894142
0.9,Stem + branches,2.0095868214960846
0.9,All surfaces,0.6394139886578452
1,Stem,8.50661625708884
1,Stem + branches,2.2279233054280296
1,All surfaces,0.7088846880907368
1.1,Stem,9.33648393194706
1.1,Stem + branches,2.44526960122423
1.1,All surfaces,0.7780403276622551
1.2000000000000002,Stem,10.162570888468814
1.2000000000000002,Stem + branches,2.6616257088846895
1.2000000000000002,All surfaces,0.8468809073724013
1.3,Stem,10.98487712665407
1.3,Stem + branches,2.8769916284093995
1.3,All surfaces,0.9154064272211726
1.4000000000000001,Stem,11.803402646502835
1.4000000000000001,Stem + branches,3.0913673597983617
1.4000000000000001,All surfaces,0.9836168872085698
1.5,Stem,12.618147448015115
1.5,Stem + branches,3.3047529030515777
1.5,All surfaces,1.051512287334593
1.6,Stem,13.42911153119093
1.6,Stem + branches,3.517148258169053
1.6,All surfaces,1.1190926275992443
1.7000000000000002,Stem,14.236294896030245
1.7000000000000002,Stem + branches,3.728553425150779
1.7000000000000002,All surfaces,1.1863579080025206
1.8,Stem,15.039697542533082
1.8,Stem + branches,3.9389684039967596
1.8,All surfaces,1.2533081285444236
1.9000000000000001,Stem,15.839319470699431
1.9000000000000001,Stem + branches,4.148393194706994
1.9000000000000001,All surfaces,1.3199432892249527
2,Stem,16.635160680529292
2,Stem + branches,4.356827797281482
2,All surfaces,1.386263390044108
2.1,Stem,17.42722117202269
2.1,Stem + branches,4.564272211720229
2.1,All surfaces,1.452268431001891
2.2,Stem,18.215500945179585
2.2,Stem + branches,4.770726438023225
2.2,All surfaces,1.517958412098299
2.3000000000000003,Stem,18.999999999999993
2.3000000000000003,Stem + branches,4.9761904761904745
2.3000000000000003,All surfaces,1.583333333333333
2.4000000000000004,Stem,19.780718336483936
2.4000000000000004,Stem + branches,5.180664326221984
2.4000000000000004,All surfaces,1.648393194706995
2.5,Stem,20.557655954631382
2.5,Stem + branches,5.384147988117743
2.5,All surfaces,1.713137996219282
2.6,Stem,21.33081285444235
2.6,Stem + branches,5.5866414618777585
2.6,All surfaces,1.7775677378701962
2.7,Stem,22.100189035916816
2.7,Stem + branches,5.788144747502024
2.7,All surfaces,1.841682419659735
2.8000000000000003,Stem,22.865784499054808
2.8000000000000003,Stem + branches,5.988657844990545
2.8000000000000003,All surfaces,1.905482041587901
2.9000000000000004,Stem,23.627599243856345
2.9000000000000004,Stem + branches,6.188180754343328
2.9000000000000004,All surfaces,1.9689666036546956
3,Stem,24.38563327032136
3,Stem + branches,6.386713475560357
3,All surfaces,2.0321361058601135
3.1,Stem,25.13988657844991
3.1,Stem + branches,6.584256008641644
3.1,All surfaces,2.0949905482041595
3.2,Stem,25.89035916824196
3.2,Stem + branches,6.78080835358718
3.2,All surfaces,2.1575299306868305
3.3000000000000003,Stem,26.637051039697557
3.3000000000000003,Stem + branches,6.976370510396979
3.3000000000000003,All surfaces,2.21975425330813
3.4000000000000004,Stem,27.37996219281664
3.4000000000000004,Stem + branches,7.170942479071026
3.4000000000000004,All surfaces,2.2816635160680536
3.5,Stem,28.11909262759924
3.5,Stem + branches,7.3645242596093246
3.5,All surfaces,2.3432577189666035
3.6,Stem,28.85444234404536
3.6,Stem + branches,7.55711585201188
3.6,All surfaces,2.40453686200378
3.7,Stem,29.586011342155004
3.7,Stem + branches,7.748717256278693
3.7,All surfaces,2.4655009451795844
3.8000000000000003,Stem,30.313799621928172
3.8000000000000003,Stem + branches,7.93932847240976
3.8000000000000003,All surfaces,2.5261499684940145
3.9000000000000004,Stem,31.03780718336484
3.9000000000000004,Stem + branches,8.128949500405078
3.9000000000000004,All surfaces,2.5864839319470705
4,Stem,31.758034026465033
4,Stem + branches,8.317580340264652
4,All surfaces,2.646502835538753
4.1000000000000005,Stem,32.47448015122875
4.1000000000000005,Stem + branches,8.505220991988482
4.1000000000000005,All surfaces,2.7062066792690627
4.2,Stem,33.18714555765596
4.2,Stem + branches,8.691871455576562
4.2,All surfaces,2.765595463137997
4.3,Stem,33.8960302457467
4.3,Stem + branches,8.877531731028899
4.3,All surfaces,2.824669187145559
4.4,Stem,34.60113421550095
4.4,Stem + branches,9.062201818345487
4.4,All surfaces,2.883427851291746
4.5,Stem,35.30245746691871
4.5,Stem + branches,9.245881717526329
4.5,All surfaces,2.9418714555765595
4.6000000000000005,Stem,35.999999999999986
4.6000000000000005,Stem + branches,9.428571428571425
4.6000000000000005,All surfaces,2.999999999999999
4.7,Stem,36.69376181474481
4.7,Stem + branches,9.610270951480784
4.7,All surfaces,3.0578134845620677
4.800000000000001,Stem,37.38374291115312
4.800000000000001,Stem + branches,9.790980286254388
4.800000000000001,All surfaces,3.1153119092627604
4.9,Stem,38.06994328922495
4.9,Stem + branches,9.97069943289225
4.9,All surfaces,3.1724952741020798
5,Stem,38.7523629489603
5,Stem + branches,10.149428391394364
5,All surfaces,3.229363579080025
5.1000000000000005,Stem,39.43100189035918
5.1000000000000005,Stem + branches,10.327167161760737
5.1000000000000005,All surfaces,3.285916824196599
5.2,Stem,40.105860113421556
5.2,Stem + branches,10.503915743991362
5.2,All surfaces,3.342155009451797
5.300000000000001,Stem,40.77693761814744
5.300000000000001,Stem + branches,10.679674138086236
5.300000000000001,All surfaces,3.398078134845621
5.4,Stem,41.444234404536864
5.4,Stem + branches,10.85444234404537
5.4,All surfaces,3.4536862003780726
5.5,Stem,42.107750472589785
5.5,Stem + branches,11.028220361868755
5.5,All surfaces,3.5089792060491494
5.6000000000000005,Stem,42.76748582230624
5.6000000000000005,Stem + branches,11.201008191556397
5.6000000000000005,All surfaces,3.563957151858854
5.7,Stem,43.423440453686204
5.7,Stem + branches,11.372805833108293
5.7,All surfaces,3.6186200378071844
5.800000000000001,Stem,44.075614366729695
5.800000000000001,Stem + branches,11.543613286524444
5.800000000000001,All surfaces,3.6729678638941414
5.9,Stem,44.724007561436686
5.9,Stem + branches,11.713430551804846
5.9,All surfaces,3.7270006301197243
6,Stem,45.3686200378072
6,Stem + branches,11.882257628949505
6,All surfaces,3.780718336483934
6.1000000000000005,Stem,46.009451795841215
6.1000000000000005,Stem + branches,12.050094517958414
6.1000000000000005,All surfaces,3.8341209829867684
6.2,Stem,46.64650283553875
6.2,Stem + branches,12.216941218831577
6.2,All surfaces,3.8872085696282292
6.300000000000001,Stem,47.27977315689981
6.300000000000001,Stem + branches,12.382797731568997
6.300000000000001,All surfaces,3.9399810964083177
6.4,Stem,47.909262759924374
6.4,Stem + branches,12.54766405617067
6.4,All surfaces,3.9924385633270316
6.5,Stem,48.53497164461247
6.5,Stem + branches,12.7115401926366
6.5,All surfaces,4.044580970384373
6.6000000000000005,Stem,49.156899810964084
6.6000000000000005,Stem + branches,12.874426140966785
6.6000000000000005,All surfaces,4.096408317580341
6.7,Stem,49.7750472589792
6.7,Stem + branches,13.03632190116122
6.7,All surfaces,4.147920604914933
6.800000000000001,Stem,50.389413988657864
6.800000000000001,Stem + branches,13.197227473219916
6.800000000000001,All surfaces,4.199117832388156
6.9,Stem,51
6.9,Stem + branches,13.357142857142858
6.9,All surfaces,4.25
7,Stem,51.60680529300568
7,Stem + branches,13.51606805293006
7,All surfaces,4.3005671077504735
7.1000000000000005,Stem,52.20982986767486
7.1000000000000005,Stem + branches,13.674003060581512
7.1000000000000005,All surfaces,4.350819155639572
7.2,Stem,52.80907372400756
7.2,Stem + branches,13.830947880097218
7.2,All surfaces,4.400756143667297
7.300000000000001,Stem,53.404536862003795
7.300000000000001,Stem + branches,13.986902511477185
7.300000000000001,All surfaces,4.45037807183365
7.4,Stem,53.996219281663514
7.4,Stem + branches,14.141866954721397
7.4,All surfaces,4.499684940138627
7.5,Stem,54.584120982986775
7.5,Stem + branches,14.29584120982987
7.5,All surfaces,4.548676748582232
7.6000000000000005,Stem,55.16824196597354
7.6000000000000005,Stem + branches,14.448825276802596
7.6000000000000005,All surfaces,4.5973534971644625
7.7,Stem,55.748582230623825
7.7,Stem + branches,14.600819155639574
7.7,All surfaces,4.64571518588532
7.800000000000001,Stem,56.32514177693763
7.800000000000001,Stem + branches,14.751822846340808
7.800000000000001,All surfaces,4.6937618147448035
7.9,Stem,56.897920604914944
7.9,Stem + branches,14.901836348906295
7.9,All surfaces,4.741493383742912
8,Stem,57.46691871455576
8,Stem + branches,15.050859663336032
8,All surfaces,4.788909892879647
8.1,Stem,58.03213610586011
8.1,Stem + branches,15.19889278963003
8.1,All surfaces,4.836011342155009
8.200000000000001,Stem,58.59357277882798
8.200000000000001,Stem + branches,15.345935727788282
8.200000000000001,All surfaces,4.882797731568999
8.3,Stem,59.15122873345936
8.3,Stem + branches,15.491988477810784
8.3,All surfaces,4.929269061121614
8.4,Stem,59.70510396975426
8.4,Stem + branches,15.637051039697544
8.4,All surfaces,4.975425330812856
8.5,Stem,60.25519848771266
8.5,Stem + branches,15.781123413448555
8.5,All surfaces,5.021266540642722
8.6,Stem,60.8015122873346
8.6,Stem + branches,15.924205599063827
8.6,All surfaces,5.0667926906112175
8.700000000000001,Stem,61.34404536862004
8.700000000000001,Stem + branches,16.066297596543343
8.700000000000001,All surfaces,5.112003780718338
8.8,Stem,61.88279773156899
8.8,Stem + branches,16.207399405887116
8.8,All surfaces,5.156899810964083
8.9,Stem,62.417769376181475
8.9,Stem + branches,16.34751102709515
8.9,All surfaces,5.201480781348456
9,Stem,62.948960302457465
9,Stem + branches,16.48663246016743
9,All surfaces,5.245746691871456
9.1,Stem,63.47637051039696
9.1,Stem + branches,16.624763705103966
9.1,All surfaces,5.28969754253308
9.200000000000001,Stem,64
9.200000000000001,Stem + branches,16.761904761904763
9.200000000000001,All surfaces,5.333333333333334
9.3,Stem,64.51984877126655
9.3,Stem + branches,16.89805563056981
9.3,All surfaces,5.376654064272214
9.4,Stem,65.0359168241966
9.4,Stem + branches,17.03321631109911
9.4,All surfaces,5.419659735349718
9.5,Stem,65.54820415879017
9.5,Stem + branches,17.167386803492665
9.5,All surfaces,5.462350346565848
9.600000000000001,Stem,66.05671077504726
9.600000000000001,Stem + branches,17.300567107750474
9.600000000000001,All surfaces,5.504725897920607
9.700000000000001,Stem,66.56143667296787
9.700000000000001,Stem + branches,17.43275722387254
9.700000000000001,All surfaces,5.54678638941399
9.8,Stem,67.06238185255198
9.8,Stem + branches,17.56395715185885
9.8,All surfaces,5.588531821045999
9.9,Stem,67.55954631379961
9.9,Stem + branches,17.694166891709422
9.9,All surfaces,5.6299621928166355
10,Stem,68.05293005671076
10,Stem + branches,17.82338644342425
10,All surfaces,5.671077504725898
10.100000000000001,Stem,68.54253308128546
10.100000000000001,Stem + branches,17.951615807003332
10.100000000000001,All surfaces,5.711877756773789
10.200000000000001,Stem,69.02835538752365
10.200000000000001,Stem + branches,18.07885498244667
10.200000000000001,All surfaces,5.752362948960305
10.3,Stem,69.51039697542534
10.3,Stem + branches,18.205103969754255
10.3,All surfaces,5.792533081285446
10.4,Stem,69.98865784499056
10.4,Stem + branches,18.330362768926097
10.4,All surfaces,5.832388153749213
10.5,Stem,70.46313799621929
10.5,Stem + branches,18.454631379962198
10.5,All surfaces,5.8719281663516085
10.600000000000001,Stem,70.93383742911152
10.600000000000001,Stem + branches,18.577909802862543
10.600000000000001,All surfaces,5.911153119092628
10.700000000000001,Stem,71.4007561436673
10.700000000000001,Stem + branches,18.70019803762715
10.700000000000001,All surfaces,5.950063011972276
10.8,Stem,71.86389413988657
10.8,Stem + branches,18.821496084256008
10.8,All surfaces,5.9886578449905485
10.9,Stem,72.32325141776938
10.9,Stem + branches,18.941803942749125
10.9,All surfaces,6.026937618147449
11,Stem,72.7788279773157
11,Stem + branches,19.061121613106494
11,All surfaces,6.064902331442976
11.100000000000001,Stem,73.23062381852553
11.100000000000001,Stem + branches,19.179449095328117
11.100000000000001,All surfaces,6.102551984877128
11.200000000000001,Stem,73.67863894139887
11.200000000000001,Stem + branches,19.296786389413988
11.200000000000001,All surfaces,6.139886578449906
11.3,Stem,74.12287334593573
11.3,Stem + branches,19.41313349536412
11.3,All surfaces,6.176906112161312
11.4,Stem,74.5633270321361
11.4,Stem + branches,19.528490413178503
11.4,All surfaces,6.213610586011343
11.5,Stem,75
11.5,Stem + branches,19.642857142857142
11.5,All surfaces,6.25
11.600000000000001,Stem,75.43289224952741
11.600000000000001,Stem + branches,19.756233684400037
11.600000000000001,All surfaces,6.286074354127285
11.700000000000001,Stem,75.86200378071834
11.700000000000001,Stem + branches,19.868620037807183
11.700000000000001,All surfaces,6.321833648393196
11.8,Stem,76.28733459357278
11.8,Stem + branches,19.980016203078584
11.8,All surfaces,6.357277882797732
11.9,Stem,76.70888468809073
11.9,Stem + branches,20.09042218021424
11.9,All surfaces,6.392407057340895
12,Stem,77.12665406427222
12,Stem + branches,20.199837969214155
12,All surfaces,6.427221172022686
12.100000000000001,Stem,77.5406427221172
12.100000000000001,Stem + branches,20.308263570078314
12.100000000000001,All surfaces,6.4617202268431
12.200000000000001,Stem,77.95085066162571
12.200000000000001,Stem + branches,20.41569898280673
12.200000000000001,All surfaces,6.495904221802142
12.3,Stem,78.35727788279773
12.3,Stem + branches,20.522144207399407
12.3,All surfaces,6.529773156899812
12.4,Stem,78.75992438563327
12.4,Stem + branches,20.62759924385633
12.4,All surfaces,6.563327032136106
12.5,Stem,79.15879017013232
12.5,Stem + branches,20.732064092177513
12.5,All surfaces,6.596565847511028
12.600000000000001,Stem,79.5538752362949
12.600000000000001,Stem + branches,20.83553875236295
12.600000000000001,All surfaces,6.629489603024576
12.700000000000001,Stem,79.94517958412098
12.700000000000001,Stem + branches,20.93802322441264
12.700000000000001,All surfaces,6.662098298676749
12.8,Stem,80.33270321361059
12.8,Stem + branches,21.039517508326586
12.8,All surfaces,6.69439193446755
12.9,Stem,80.71644612476369
12.9,Stem + branches,21.140021604104778
12.9,All surfaces,6.7263705103969755
13,Stem,81.09640831758034
13,Stem + branches,21.239535511747235
13,All surfaces,6.75803402646503
13.100000000000001,Stem,81.47258979206049
13.100000000000001,Stem + branches,21.33805923125394
13.100000000000001,All surfaces,6.789382482671709
13.200000000000001,Stem,81.84499054820415
13.200000000000001,Stem + branches,21.435592762624896
13.200000000000001,All surfaces,6.8204158790170135
13.3,Stem,82.21361058601134
13.3,Stem + branches,21.532136105860115
13.3,All surfaces,6.851134215500947
13.4,Stem,82.57844990548205
13.4,Stem + branches,21.627689260959585
13.4,All surfaces,6.881537492123504
13.5,Stem,82.93950850661626
13.5,Stem + branches,21.722252227923306
13.5,All surfaces,6.9116257088846895
13.600000000000001,Stem,83.296786389414
13.600000000000001,Stem + branches,21.815825006751286
13.600000000000001,All surfaces,6.9413988657845005
13.700000000000001,Stem,83.65028355387524
13.700000000000001,Stem + branches,21.908407597443517
13.700000000000001,All surfaces,6.970856962822938
13.8,Stem,84
13.8,Stem + branches,22
13.8,All surfaces,7.000000000000001
13.9,Stem,84.34593572778827
13.9,Stem + branches,22.09060221442074
13.9,All surfaces,7.02882797731569
14,Stem,84.68809073724009
14,Stem + branches,22.180214240705737
14,All surfaces,7.057340894770008
14.100000000000001,Stem,85.02646502835539
14.100000000000001,Stem + branches,22.268836078854985
14.100000000000001,All surfaces,7.08553875236295
14.200000000000001,Stem,85.36105860113422
14.200000000000001,Stem + branches,22.356467728868484
14.200000000000001,All surfaces,7.113421550094519
14.3,Stem,85.69187145557656
14.3,Stem + branches,22.44310919074624
14.3,All surfaces,7.1409892879647145
14.4,Stem,86.01890359168243
14.4,Stem + branches,22.528760464488258
14.4,All surfaces,7.168241965973537
14.5,Stem,86.34215500945179
14.5,Stem + branches,22.613421550094518
14.5,All surfaces,7.195179584120983
14.600000000000001,Stem,86.6616257088847
14.600000000000001,Stem + branches,22.69709244756504
14.600000000000001,All surfaces,7.221802142407059
14.700000000000001,Stem,86.97731568998111
14.700000000000001,Stem + branches,22.779773156899818
14.700000000000001,All surfaces,7.2481096408317605
14.8,Stem,87.28922495274102
14.8,Stem + branches,22.86146367809884
14.8,All surfaces,7.274102079395086
14.9,Stem,87.59735349716446
14.9,Stem + branches,22.94216401116212
14.9,All surfaces,7.299779458097039
15,Stem,87.90170132325142
15,Stem + branches,23.021874156089655
15,All surfaces,7.325141776937619
15.100000000000001,Stem,88.2022684310019
15.100000000000001,Stem + branches,23.100594112881453
15.100000000000001,All surfaces,7.350189035916826
15.200000000000001,Stem,88.49905482041589
15.200000000000001,Stem + branches,23.178323881537494
15.200000000000001,All surfaces,7.374921235034658
15.3,Stem,88.79206049149339
15.3,Stem + branches,23.25506346205779
15.3,All surfaces,7.3993383742911165
15.4,Stem,89.08128544423441
15.4,Stem + branches,23.330812854442346
15.4,All surfaces,7.423440453686202
15.5,Stem,89.36672967863895
15.5,Stem + branches,23.405572058691153
15.5,All surfaces,7.447227473219913
15.600000000000001,Stem,89.648393194707
15.600000000000001,Stem + branches,23.479341074804214
15.600000000000001,All surfaces,7.470699432892252
15.700000000000001,Stem,89.92627599243856
15.700000000000001,Stem + branches,23.552119902781527
15.700000000000001,All surfaces,7.493856332703214
15.8,Stem,90.20037807183365
15.8,Stem + branches,23.6239085426231
15.8,All surfaces,7.516698172652806
15.9,Stem,90.47069943289226
15.9,Stem + branches,23.694706994328925
15.9,All surfaces,7.539224952741022
16,Stem,90.73724007561437
16,Stem + branches,23.764515257899
16,All surfaces,7.561436672967864
16.1,Stem,91
16.1,Stem + branches,23.833333333333336
16.1,All surfaces,7.583333333333335
16.2,Stem,91.25897920604915
16.2,Stem + branches,23.90116122063192
16.2,All surfaces,7.6049149338374304
16.3,Stem,91.51417769376181
16.3,Stem + branches,23.967998919794763
16.3,All surfaces,7.626181474480152
16.400000000000002,Stem,91.765595463138
16.400000000000002,Stem + branches,24.033846430821857
16.400000000000002,All surfaces,7.647132955261501
16.5,Stem,92.01323251417769
16.5,Stem + branches,24.098703753713206
16.5,All surfaces,7.667769376181475
16.6,Stem,92.2570888468809
16.6,Stem + branches,24.16257088846881
16.6,All surfaces,7.688090737240077
16.7,Stem,92.49716446124762
16.7,Stem + branches,24.225447835088662
16.7,All surfaces,7.708097038437303
16.8,Stem,92.73345935727788
16.8,Stem + branches,24.287334593572776
16.8,All surfaces,7.727788279773157
16.900000000000002,Stem,92.96597353497165
16.900000000000002,Stem + branches,24.34823116392115
16.900000000000002,All surfaces,7.747164461247639
17,Stem,93.19470699432893
17,Stem + branches,24.408137546133766
17,All surfaces,7.766225582860745
17.1,Stem,93.41965973534971
17.1,Stem + branches,24.46705374021064
17.1,All surfaces,7.784971644612477
17.2,Stem,93.64083175803403
17.2,Stem + branches,24.52497974615177
17.2,All surfaces,7.803402646502837
17.3,Stem,93.85822306238185
17.3,Stem + branches,24.581915563957153
17.3,All surfaces,7.821518588531823
17.400000000000002,Stem,94.0718336483932
17.400000000000002,Stem + branches,24.63786119362679
17.400000000000002,All surfaces,7.839319470699434
17.5,Stem,94.28166351606806
17.5,Stem + branches,24.692816635160685
17.5,All surfaces,7.8568052930056735
17.6,Stem,94.48771266540643
17.6,Stem + branches,24.74678188855883
17.6,All surfaces,7.8739760554505365
17.7,Stem,94.68998109640832
17.7,Stem + branches,24.799756953821227
17.7,All surfaces,7.890831758034027
17.8,Stem,94.88846880907373
17.8,Stem + branches,24.85174183094788
17.8,All surfaces,7.907372400756144
17.900000000000002,Stem,95.08317580340265
17.900000000000002,Stem + branches,24.90273651993879
17.900000000000002,All surfaces,7.923597983616889
18,Stem,95.27410207939508
18,Stem + branches,24.952741020793948
18,All surfaces,7.939508506616257
18.1,Stem,95.461247637051045
18.1,Stem + branches,25.00175533351337
18.1,All surfaces,7.955103969754255
18.2,Stem,95.64461247637051
18.2,Stem + branches,25.04977945809704
18.2,All surfaces,7.9703843730308765
18.3,Stem,95.82419659735349
18.3,Stem + branches,25.096813394544963
18.3,All surfaces,7.985349716446125
18.400000000000002,Stem,96
18.400000000000002,Stem + branches,25.142857142857142
18.400000000000002,All surfaces,8.000000000000002
18.5,Stem,96.17202268431002
18.5,Stem + branches,25.18791070303358
18.5,All surfaces,8.014335223692504
18.6,Stem,96.34026465028356
18.6,Stem + branches,25.231974075074266
18.6,All surfaces,8.028355387523632
18.7,Stem,96.50472589792061
18.7,Stem + branches,25.27504725897921
18.7,All surfaces,8.042060491493386
18.8,Stem,96.66540642722119
18.8,Stem + branches,25.317130254748406
18.8,All surfaces,8.055450535601766
18.900000000000002,Stem,96.82230623818526
18.900000000000002,Stem + branches,25.358223062381857
18.900000000000002,All surfaces,8.068525519848773
19,Stem,96.97542533081285
19,Stem + branches,25.398325681879555
19,All surfaces,8.081285444234405
19.1,Stem,97.12476370510397
19.1,Stem + branches,25.437438113241516
19.1,All surfaces,8.093730308758666
19.200000000000003,Stem,97.2703213610586
19.200000000000003,Stem + branches,25.47556035646773
19.200000000000003,All surfaces,8.105860113421553
19.3,Stem,97.41209829867675
19.3,Stem + branches,25.5126924115582
19.3,All surfaces,8.117674858223063
19.400000000000002,Stem,97.55009451795841
19.400000000000002,Stem + branches,25.54883427851292
19.400000000000002,All surfaces,8.129174543163202
19.5,Stem,97.68431001890359
19.5,Stem + branches,25.58398595733189
19.5,All surfaces,8.140359168241966
19.6,Stem,97.81474480151229
19.6,Stem + branches,25.618147448015122
19.6,All surfaces,8.151228733459359
19.700000000000003,Stem,97.9413988657845
19.700000000000003,Stem + branches,25.65131875056261
19.700000000000003,All surfaces,8.161783238815376
19.8,Stem,98.06427221172022
19.8,Stem + branches,25.683499864974344
19.8,All surfaces,8.17202268431002
19.900000000000002,Stem,98.18336483931948
19.900000000000002,Stem + branches,25.71469079125034
19.900000000000002,All surfaces,8.181947069943291
20,Stem,98.29867674858222
20,Stem + branches,25.744891529390586
20,All surfaces,8.191556395715187
20.1,Stem,98.41020793950851
20.1,Stem + branches,25.77410207939509
20.1,All surfaces,8.20085066162571
20.200000000000003,Stem,98.51795841209831
20.200000000000003,Stem + branches,25.802322441263843
20.200000000000003,All surfaces,8.20982986767486
20.3,Stem,98.62192816635161
20.3,Stem + branches,25.829552614996853
20.3,All surfaces,8.218494013862635
20.400000000000002,Stem,98.72211720226844
20.400000000000002,Stem + branches,25.855792600594118
20.400000000000002,All surfaces,8.226843100189038
20.5,Stem,98.81852551984876
20.5,Stem + branches,25.88104239805563
20.5,All surfaces,8.234877126654066
20.6,Stem,98.91115311909263
20.6,Stem + branches,25.905302007381405
20.6,All surfaces,8.24259609325772
20.700000000000003,Stem,99
20.700000000000003,Stem + branches,25.92857142857143
20.700000000000003,All surfaces,8.25
20.8,Stem,99.08506616257088
20.8,Stem + branches,25.950850661625708
20.8,All surfaces,8.257088846880908
20.900000000000002,Stem,99.16635160680529
20.900000000000002,Stem + branches,25.972139706544244
20.900000000000002,All surfaces,8.263862633900443
21,Stem,99.24385633270322
21,Stem + branches,25.992438563327035
21,All surfaces,8.270321361058603
21.1,Stem,99.31758034026466
21.1,Stem + branches,26.011747231974077
21.1,All surfaces,8.276465028355389
21.200000000000003,Stem,99.3875236294896
21.200000000000003,Stem + branches,26.030065712485374
21.200000000000003,All surfaces,8.282293635790802
21.3,Stem,99.45368620037807
21.3,Stem + branches,26.047394004860923
21.3,All surfaces,8.28780718336484
21.400000000000002,Stem,99.51606805293007
21.400000000000002,Stem + branches,26.06373210910073
21.400000000000002,All surfaces,8.293005671077506
21.5,Stem,99.57466918714556
21.5,Stem + branches,26.07908002520479
21.5,All surfaces,8.297889098928797
21.6,Stem,99.62948960302458
21.6,Stem + branches,26.093437753173106
21.6,All surfaces,8.302457466918716
21.700000000000003,Stem,99.68052930056712
21.700000000000003,Stem + branches,26.106805293005674
21.700000000000003,All surfaces,8.30671077504726
21.8,Stem,99.72778827977315
21.8,Stem + branches,26.11918264470249
21.8,All surfaces,8.310649023314431
21.900000000000002,Stem,99.77126654064273
21.900000000000002,Stem + branches,26.130569808263573
21.900000000000002,All surfaces,8.314272211720228
22,Stem,99.8109640831758
22,Stem + branches,26.1409667836889
22,All surfaces,8.317580340264652
22.1,Stem,99.84688090737241
22.1,Stem + branches,26.150373570978488
22.1,All surfaces,8.320573408947702
22.200000000000003,Stem,99.87901701323251
22.200000000000003,Stem + branches,26.158790170132328
22.200000000000003,All surfaces,8.323251417769377
22.3,Stem,99.90737240075615
22.3,Stem + branches,26.16621658115042
22.3,All surfaces,8.32561436672968
22.400000000000002,Stem,99.93194706994329
22.400000000000002,Stem + branches,26.17265280403277
22.400000000000002,All surfaces,8.32766225582861
22.5,Stem,99.95274102079395
22.5,Stem + branches,26.17809883877937
22.5,All surfaces,8.329395085066164
22.6,Stem,99.96975425330812
22.6,Stem + branches,26.182554685390222
22.6,All surfaces,8.330812854442344
22.700000000000003,Stem,99.98298676748583
22.700000000000003,Stem + branches,26.186020343865337
22.700000000000003,All surfaces,8.331915563957153
22.8,Stem,99.99243856332704
22.8,Stem + branches,26.188495814204703
22.8,All surfaces,8.332703213610587
22.900000000000002,Stem,99.99810964083176
22.900000000000002,Stem + branches,26.189981096408317
22.900000000000002,All surfaces,8.333175803402646
23,Stem,100
23,Stem + branches,26.190476190476193
23,All surfaces,8.333333333333336
