form,f_up,area_set,stem,branch,branch_rule,f_branch,stem_lo_g,stem_up_g,branch_g,woody_component,ntree,cohort,soil_JulAug,offset_pct_of_soil_sink
const_mean,0.868916390865558,Whittaker & Woodwell 1967,0.45,1.7,equal_upper_stem,0.868916390865558,0.06438831435923141,0.32596683887952743,1.4771578644714487,1.8675130177102075,5,EMS hem 321902; EMS rm 321071; EMS ro 300607; Swamp Rd bg 2; Swamp Rd rm 5,-1.9182669682539684,97.35417690114544
const_mean,0.868916390865558,Whittaker & Woodwell 1967,0.45,1.7,measured_mean,0.21215113504372823,0.06438831435923141,0.32596683887952743,0.360656929574338,0.7510120828130968,5,EMS hem 321902; EMS rm 321071; EMS ro 300607; Swamp Rd bg 2; Swamp Rd rm 5,-1.9182669682539684,39.15055074407489
const_mean,0.868916390865558,Whittaker & Woodwell 1967,0.45,1.7,measured_median,0.0552225285275119,0.06438831435923141,0.32596683887952743,0.09387829849677023,0.4842334517355291,5,EMS hem 321902; EMS rm 321071; EMS ro 300607; Swamp Rd bg 2; Swamp Rd rm 5,-1.9182669682539684,25.243277382620246
const_mean,0.868916390865558,Woody area index 3.07 (Gauci 2024 temperate),0.45,2.62,equal_upper_stem,0.868916390865558,0.06438831435923141,0.32596683887952743,2.276560944067762,2.666916097306521,5,EMS hem 321902; EMS rm 321071; EMS ro 300607; Swamp Rd bg 2; Swamp Rd rm 5,-1.9182669682539684,139.02736904936557
const_mean,0.868916390865558,Woody area index 3.07 (Gauci 2024 temperate),0.45,2.62,measured_mean,0.21215113504372823,0.06438831435923141,0.32596683887952743,0.555835973814568,0.9461911270533268,5,EMS hem 321902; EMS rm 321071; EMS ro 300607; Swamp Rd bg 2; Swamp Rd rm 5,-1.9182669682539684,49.32530991317451
const_mean,0.868916390865558,Woody area index 3.07 (Gauci 2024 temperate),0.45,2.62,measured_median,0.0552225285275119,0.06438831435923141,0.32596683887952743,0.1446830247420812,0.5350381779808401,5,EMS hem 321902; EMS rm 321071; EMS ro 300607; Swamp Rd bg 2; Swamp Rd rm 5,-1.9182669682539684,27.891747438462062
const_top,0.8155561959245367,Whittaker & Woodwell 1967,0.45,1.7,equal_upper_stem,0.8155561959245367,0.06438831435923141,0.305949200531615,1.3864455330717123,1.7567830479625588,5,EMS hem 321902; EMS rm 321071; EMS ro 300607; Swamp Rd bg 2; Swamp Rd rm 5,-1.9182669682539684,91.58178069247606
const_top,0.8155561959245367,Whittaker & Woodwell 1967,0.45,1.7,measured_mean,0.21215113504372823,0.06438831435923141,0.305949200531615,0.360656929574338,0.7309944444651844,5,EMS hem 321902; EMS rm 321071; EMS ro 300607; Swamp Rd bg 2; Swamp Rd rm 5,-1.9182669682539684,38.10702350416559
const_top,0.8155561959245367,Whittaker & Woodwell 1967,0.45,1.7,measured_median,0.0552225285275119,0.06438831435923141,0.305949200531615,0.09387829849677023,0.46421581338761664,5,EMS hem 321902; EMS rm 321071; EMS ro 300607; Swamp Rd bg 2; Swamp Rd rm 5,-1.9182669682539684,24.199750142710943
const_top,0.8155561959245367,Woody area index 3.07 (Gauci 2024 temperate),0.45,2.62,equal_upper_stem,0.8155561959245367,0.06438831435923141,0.305949200531615,2.136757233322286,2.5070947482131327,5,EMS hem 321902; EMS rm 321071; EMS ro 300607; Swamp Rd bg 2; Swamp Rd rm 5,-1.9182669682539684,130.69582022230844
const_top,0.8155561959245367,Woody area index 3.07 (Gauci 2024 temperate),0.45,2.62,measured_mean,0.21215113504372823,0.06438831435923141,0.305949200531615,0.555835973814568,0.9261734887054144,5,EMS hem 321902; EMS rm 321071; EMS ro 300607; Swamp Rd bg 2; Swamp Rd rm 5,-1.9182669682539684,48.28178267326521
const_top,0.8155561959245367,Woody area index 3.07 (Gauci 2024 temperate),0.45,2.62,measured_median,0.0552225285275119,0.06438831435923141,0.305949200531615,0.1446830247420812,0.5150205396329276,5,EMS hem 321902; EMS rm 321071; EMS ro 300607; Swamp Rd bg 2; Swamp Rd rm 5,-1.9182669682539684,26.84822019855276
exp_decay,0.3696852888090591,Whittaker & Woodwell 1967,0.45,1.7,equal_upper_stem,0.3696852888090591,0.06438831435923141,0.138684396151527,0.6284649909754004,0.8315377014861589,5,EMS hem 321902; EMS rm 321071; EMS ro 300607; Swamp Rd bg 2; Swamp Rd rm 5,-1.9182669682539684,43.348382433078925
exp_decay,0.3696852888090591,Whittaker & Woodwell 1967,0.45,1.7,measured_mean,0.21215113504372823,0.06438831435923141,0.138684396151527,0.360656929574338,0.5637296400850964,5,EMS hem 321902; EMS rm 321071; EMS ro 300607; Swamp Rd bg 2; Swamp Rd rm 5,-1.9182669682539684,29.38744447016207
exp_decay,0.3696852888090591,Whittaker & Woodwell 1967,0.45,1.7,measured_median,0.0552225285275119,0.06438831435923141,0.138684396151527,0.09387829849677023,0.2969510090075287,5,EMS hem 321902; EMS rm 321071; EMS ro 300607; Swamp Rd bg 2; Swamp Rd rm 5,-1.9182669682539684,15.480171108707427
exp_decay,0.3696852888090591,Woody area index 3.07 (Gauci 2024 temperate),0.45,2.62,equal_upper_stem,0.3696852888090591,0.06438831435923141,0.138684396151527,0.9685754566797349,1.1716481671904933,5,EMS hem 321902; EMS rm 321071; EMS ro 300607; Swamp Rd bg 2; Swamp Rd rm 5,-1.9182669682539684,61.0784727350512
exp_decay,0.3696852888090591,Woody area index 3.07 (Gauci 2024 temperate),0.45,2.62,measured_mean,0.21215113504372823,0.06438831435923141,0.138684396151527,0.555835973814568,0.7589086843253263,5,EMS hem 321902; EMS rm 321071; EMS ro 300607; Swamp Rd bg 2; Swamp Rd rm 5,-1.9182669682539684,39.56220363926169
exp_decay,0.3696852888090591,Woody area index 3.07 (Gauci 2024 temperate),0.45,2.62,measured_median,0.0552225285275119,0.06438831435923141,0.138684396151527,0.1446830247420812,0.34775573525283965,5,EMS hem 321902; EMS rm 321071; EMS ro 300607; Swamp Rd bg 2; Swamp Rd rm 5,-1.9182669682539684,18.128641164549244
exp_pooled,0.8155561959245367,Whittaker & Woodwell 1967,0.45,1.7,equal_upper_stem,0.8155561959245367,0.06438831435923141,0.305949200531615,1.3864455330717123,1.7567830479625588,5,EMS hem 321902; EMS rm 321071; EMS ro 300607; Swamp Rd bg 2; Swamp Rd rm 5,-1.9182669682539684,91.58178069247606
exp_pooled,0.8155561959245367,Whittaker & Woodwell 1967,0.45,1.7,measured_mean,0.21215113504372823,0.06438831435923141,0.305949200531615,0.360656929574338,0.7309944444651844,5,EMS hem 321902; EMS rm 321071; EMS ro 300607; Swamp Rd bg 2; Swamp Rd rm 5,-1.9182669682539684,38.10702350416559
exp_pooled,0.8155561959245367,Whittaker & Woodwell 1967,0.45,1.7,measured_median,0.0552225285275119,0.06438831435923141,0.305949200531615,0.09387829849677023,0.46421581338761664,5,EMS hem 321902; EMS rm 321071; EMS ro 300607; Swamp Rd bg 2; Swamp Rd rm 5,-1.9182669682539684,24.199750142710943
exp_pooled,0.8155561959245367,Woody area index 3.07 (Gauci 2024 temperate),0.45,2.62,equal_upper_stem,0.8155561959245367,0.06438831435923141,0.305949200531615,2.136757233322286,2.5070947482131327,5,EMS hem 321902; EMS rm 321071; EMS ro 300607; Swamp Rd bg 2; Swamp Rd rm 5,-1.9182669682539684,130.69582022230844
exp_pooled,0.8155561959245367,Woody area index 3.07 (Gauci 2024 temperate),0.45,2.62,measured_mean,0.21215113504372823,0.06438831435923141,0.305949200531615,0.555835973814568,0.9261734887054144,5,EMS hem 321902; EMS rm 321071; EMS ro 300607; Swamp Rd bg 2; Swamp Rd rm 5,-1.9182669682539684,48.28178267326521
exp_pooled,0.8155561959245367,Woody area index 3.07 (Gauci 2024 temperate),0.45,2.62,measured_median,0.0552225285275119,0.06438831435923141,0.305949200531615,0.1446830247420812,0.5150205396329276,5,EMS hem 321902; EMS rm 321071; EMS ro 300607; Swamp Rd bg 2; Swamp Rd rm 5,-1.9182669682539684,26.84822019855276
linear,-1.153229420028517,Whittaker & Woodwell 1967,0.45,1.7,equal_upper_stem,-1.153229420028517,0.06438831435923141,-0.4326245338462367,-1.9604900140484787,-2.328726233535484,5,EMS hem 321902; EMS rm 321071; EMS ro 300607; Swamp Rd bg 2; Swamp Rd rm 5,-1.9182669682539684,-121.39740047002535
linear,-1.153229420028517,Whittaker & Woodwell 1967,0.45,1.7,measured_mean,0.21215113504372823,0.06438831435923141,-0.4326245338462367,0.360656929574338,-0.00757928991266732,5,EMS hem 321902; EMS rm 321071; EMS ro 300607; Swamp Rd bg 2; Swamp Rd rm 5,-1.9182669682539684,-0.3951113186068198
linear,-1.153229420028517,Whittaker & Woodwell 1967,0.45,1.7,measured_median,0.0552225285275119,0.06438831435923141,-0.4326245338462367,0.09387829849677023,-0.27435792099023504,5,EMS hem 321902; EMS rm 321071; EMS ro 300607; Swamp Rd bg 2; Swamp Rd rm 5,-1.9182669682539684,-14.302384680061463
linear,-1.153229420028517,Woody area index 3.07 (Gauci 2024 temperate),0.45,2.62,equal_upper_stem,-1.153229420028517,0.06438831435923141,-0.4326245338462367,-3.0214610804747144,-3.38969729996172,5,EMS hem 321902; EMS rm 321071; EMS ro 300607; Swamp Rd bg 2; Swamp Rd rm 5,-1.9182669682539684,-176.70623307698753
linear,-1.153229420028517,Woody area index 3.07 (Gauci 2024 temperate),0.45,2.62,measured_mean,0.21215113504372823,0.06438831435923141,-0.4326245338462367,0.555835973814568,0.18759975432756265,5,EMS hem 321902; EMS rm 321071; EMS ro 300607; Swamp Rd bg 2; Swamp Rd rm 5,-1.9182669682539684,9.7796478504928
linear,-1.153229420028517,Woody area index 3.07 (Gauci 2024 temperate),0.45,2.62,measured_median,0.0552225285275119,0.06438831435923141,-0.4326245338462367,0.1446830247420812,-0.2235531947449241,5,EMS hem 321902; EMS rm 321071; EMS ro 300607; Swamp Rd bg 2; Swamp Rd rm 5,-1.9182669682539684,-11.653914624219649
linear_zero,0.3030923779939318,Whittaker & Woodwell 1967,0.45,1.7,equal_upper_stem,0.3030923779939318,0.06438831435923141,0.11370261325689182,0.5152570425896841,0.6933479702058073,5,EMS hem 321902; EMS rm 321071; EMS ro 300607; Swamp Rd bg 2; Swamp Rd rm 5,-1.9182669682539684,36.144498220542346
linear_zero,0.3030923779939318,Whittaker & Woodwell 1967,0.45,1.7,measured_mean,0.21215113504372823,0.06438831435923141,0.11370261325689182,0.360656929574338,0.5387478571904611,5,EMS hem 321902; EMS rm 321071; EMS ro 300607; Swamp Rd bg 2; Swamp Rd rm 5,-1.9182669682539684,28.085134452418608
linear_zero,0.3030923779939318,Whittaker & Woodwell 1967,0.45,1.7,measured_median,0.0552225285275119,0.06438831435923141,0.11370261325689182,0.09387829849677023,0.2719692261128934,5,EMS hem 321902; EMS rm 321071; EMS ro 300607; Swamp Rd bg 2; Swamp Rd rm 5,-1.9182669682539684,14.177861090963964
linear_zero,0.3030923779939318,Woody area index 3.07 (Gauci 2024 temperate),0.45,2.62,equal_upper_stem,0.3030923779939318,0.06438831435923141,0.11370261325689182,0.7941020303441013,0.9721929579602245,5,EMS hem 321902; EMS rm 321071; EMS ro 300607; Swamp Rd bg 2; Swamp Rd rm 5,-1.9182669682539684,50.68079542886188
linear_zero,0.3030923779939318,Woody area index 3.07 (Gauci 2024 temperate),0.45,2.62,measured_mean,0.21215113504372823,0.06438831435923141,0.11370261325689182,0.555835973814568,0.7339269014306912,5,EMS hem 321902; EMS rm 321071; EMS ro 300607; Swamp Rd bg 2; Swamp Rd rm 5,-1.9182669682539684,38.25989362151823
linear_zero,0.3030923779939318,Woody area index 3.07 (Gauci 2024 temperate),0.45,2.62,measured_median,0.0552225285275119,0.06438831435923141,0.11370261325689182,0.1446830247420812,0.3227739523582044,5,EMS hem 321902; EMS rm 321071; EMS ro 300607; Swamp Rd bg 2; Swamp Rd rm 5,-1.9182669682539684,16.826331146805778
measured,0.3633987225837257,Whittaker & Woodwell 1967,0.45,1.7,equal_upper_stem,0.3633987225837257,0.06438831435923141,0.13632604252691943,0.6177778283923336,0.8184921852784846,5,EMS hem 321902; EMS rm 321071; EMS ro 300607; Swamp Rd bg 2; Swamp Rd rm 5,-1.9182669682539684,42.66831462064359
measured,0.3633987225837257,Whittaker & Woodwell 1967,0.45,1.7,measured_mean,0.21215113504372823,0.06438831435923141,0.13632604252691943,0.360656929574338,0.5613712864604888,5,EMS hem 321902; EMS rm 321071; EMS ro 300607; Swamp Rd bg 2; Swamp Rd rm 5,-1.9182669682539684,29.264502582320766
measured,0.3633987225837257,Whittaker & Woodwell 1967,0.45,1.7,measured_median,0.0552225285275119,0.06438831435923141,0.13632604252691943,0.09387829849677023,0.2945926553829211,5,EMS hem 321902; EMS rm 321071; EMS ro 300607; Swamp Rd bg 2; Swamp Rd rm 5,-1.9182669682539684,15.357229220866124
measured,0.3633987225837257,Woody area index 3.07 (Gauci 2024 temperate),0.45,2.62,equal_upper_stem,0.3633987225837257,0.06438831435923141,0.13632604252691943,0.9521046531693613,1.1528190100555122,5,EMS hem 321902; EMS rm 321071; EMS ro 300607; Swamp Rd bg 2; Swamp Rd rm 5,-1.9182669682539684,60.09690148107086
measured,0.3633987225837257,Woody area index 3.07 (Gauci 2024 temperate),0.45,2.62,measured_mean,0.21215113504372823,0.06438831435923141,0.13632604252691943,0.555835973814568,0.7565503307007189,5,EMS hem 321902; EMS rm 321071; EMS ro 300607; Swamp Rd bg 2; Swamp Rd rm 5,-1.9182669682539684,39.43926175142039
measured,0.3633987225837257,Woody area index 3.07 (Gauci 2024 temperate),0.45,2.62,measured_median,0.0552225285275119,0.06438831435923141,0.13632604252691943,0.1446830247420812,0.3453973816282321,5,EMS hem 321902; EMS rm 321071; EMS ro 300607; Swamp Rd bg 2; Swamp Rd rm 5,-1.9182669682539684,18.005699276707936
zero,0,Whittaker & Woodwell 1967,0.45,1.7,equal_upper_stem,0,0.06438831435923141,0,0,0.06438831435923141,5,EMS hem 321902; EMS rm 321071; EMS ro 300607; Swamp Rd bg 2; Swamp Rd rm 5,-1.9182669682539684,3.356587765145041
zero,0,Whittaker & Woodwell 1967,0.45,1.7,measured_mean,0.21215113504372823,0.06438831435923141,0,0.360656929574338,0.4250452439335694,5,EMS hem 321902; EMS rm 321071; EMS ro 300607; Swamp Rd bg 2; Swamp Rd rm 5,-1.9182669682539684,22.157773186307384
zero,0,Whittaker & Woodwell 1967,0.45,1.7,measured_median,0.0552225285275119,0.06438831435923141,0,0.09387829849677023,0.15826661285600163,5,EMS hem 321902; EMS rm 321071; EMS ro 300607; Swamp Rd bg 2; Swamp Rd rm 5,-1.9182669682539684,8.25049982485274
zero,0,Woody area index 3.07 (Gauci 2024 temperate),0.45,2.62,equal_upper_stem,0,0.06438831435923141,0,0,0.06438831435923141,5,EMS hem 321902; EMS rm 321071; EMS ro 300607; Swamp Rd bg 2; Swamp Rd rm 5,-1.9182669682539684,3.356587765145041
zero,0,Woody area index 3.07 (Gauci 2024 temperate),0.45,2.62,measured_mean,0.21215113504372823,0.06438831435923141,0,0.555835973814568,0.6202242881737994,5,EMS hem 321902; EMS rm 321071; EMS ro 300607; Swamp Rd bg 2; Swamp Rd rm 5,-1.9182669682539684,32.33253235540701
zero,0,Woody area index 3.07 (Gauci 2024 temperate),0.45,2.62,measured_median,0.0552225285275119,0.06438831435923141,0,0.1446830247420812,0.2090713391013126,5,EMS hem 321902; EMS rm 321071; EMS ro 300607; Swamp Rd bg 2; Swamp Rd rm 5,-1.9182669682539684,10.898969880694555
