comp,pooled,tree_wt,ntree,set
branch,0.1803711485228661,0.17738505782344363,3,all trees
leaf,0.023368478914808984,0.016628383868441655,6,all trees
stem_lo,0.8318200497463537,0.633320846185871,7,all trees
stem_up,0.2955503412275229,0.2613600073898785,7,all trees
branch,0.04585474775217315,0.04585474775217315,1,upland only
leaf,0.015336417702448606,0.015336417702448604,2,upland only
stem_lo,0.4059604266813325,0.34157062318361775,3,upland only
stem_up,0.09630466329299661,0.09991113170928942,3,upland only
branch,0.2102636820274645,0.2431502128590789,2,transitional only
leaf,0.02658130339975314,0.017274366951438185,4,transitional only
stem_lo,1.097982314161992,0.8521335134375609,4,transitional only
stem_up,0.39698450453964534,0.38244666415032036,4,transitional only
branch,0.1741003580540789,0.17410035805407892,2,drop Swamp Rd bg 2
leaf,0.009352342792734013,0.009673910410338202,5,drop Swamp Rd bg 2
stem_lo,0.8886955091101367,0.6729118436684023,6,drop Swamp Rd bg 2
stem_up,0.20092605061726324,0.16235155406515397,6,drop Swamp Rd bg 2
branch,0.1803711485228661,0.17738505782344363,3,drop Swamp Rd hem 4
leaf,0.02733913194474385,0.020045148495090034,5,drop Swamp Rd hem 4
stem_lo,0.9706109680377497,0.7274626540262369,6,drop Swamp Rd hem 4
stem_up,0.33461705947225107,0.3031927922813571,6,drop Swamp Rd hem 4
branch,0.1532656330043953,0.11490460255717311,2,drop Swamp Rd rm 5
leaf,0.024336123320915528,0.01711888923077062,5,drop Swamp Rd rm 5
stem_lo,0.8725260252023918,0.6522508364529502,6,drop Swamp Rd rm 5
stem_up,0.29705536772515345,0.257303465505262,6,drop Swamp Rd rm 5
branch,0.1803711485228661,0.17738505782344363,3,drop EMS rm 321071
leaf,0.026600508924810955,0.019158800871170552,5,drop EMS rm 321071
stem_lo,0.35400157805051335,0.33478293909476814,6,drop EMS rm 321071
stem_up,0.2657013791204268,0.24186777986744643,6,drop EMS rm 321071
branch,0.1803711485228661,0.17738505782344363,3,drop EMS ro 300607
leaf,0.023540085613802178,0.015486292897960021,5,drop EMS ro 300607
stem_lo,0.8348328569633285,0.6029993855413508,6,drop EMS ro 300607
stem_up,0.33524046414851433,0.2882642193877522,6,drop EMS ro 300607
branch,0.2102636820274645,0.2431502128590789,2,drop EMS hem 321902
leaf,0.025874225953269252,0.018287261305320514,5,drop EMS hem 321902
stem_lo,0.9485435762815422,0.7072342115830467,6,drop EMS hem 321902
stem_up,0.32181425398695973,0.2966989821035579,6,drop EMS hem 321902
branch,0.1803711485228661,0.17738505782344363,3,drop YMF black oak
leaf,0.023368478914808984,0.016628383868441655,6,drop YMF black oak
stem_lo,0.8995032534172962,0.7356040529343422,6,drop YMF black oak
stem_up,0.30685510802830934,0.27984125851862,6,drop YMF black oak
