"UniqueID","start.time","Area","Vtot","Tcham","Pcham"
"2 10.5 stem 1",2023-07-18 11:46:45,210,0.817,26.7,101.7
"2 10.5 stem 2",2023-07-18 12:00:00,210,0.817,26.8,101.7
"2 10.5 leaf 1",2023-07-18 12:09:00,428.837777777778,0.817,27.3,101.6
"2 10.5 leaf 2",2023-07-18 12:27:00,428.837777777778,0.817,27.4,101.6
"2 11.7 stem 1",2023-07-18 12:56:15,210,0.817,27.3,101.6
"2 11.7 stem 2",2023-07-18 13:07:00,210,0.817,27.3,101.6
"2 11.7 leaf 1",2023-07-18 13:15:00,428.837777777778,0.817,27.9,101.6
"2 11.7 leaf 2",2023-07-18 13:24:00,428.837777777778,0.817,26.9,101.6
"2 11.7 leaf_s 1",2023-07-18 13:28:30,428.837777777778,0.817,26.9,101.6
"2 9.1 branch 1",2023-07-18 13:52:15,38,0.177,26.9,101.6
"2 9.1 leaf 1",2023-07-18 14:01:30,428.837777777778,0.817,27.9,101.6
"2 7 leaf 1",2023-07-18 14:14:30,428.837777777778,0.817,28.4,101.5
"2 1.7 stem 1",2023-07-18 15:18:15,210,0.817,21.3,101.5
"2 1.25 stem 1",2023-07-18 15:21:00,210,0.817,21.3,101.5
"2 0.5 stem 1",2023-07-18 15:24:00,210,0.817,21.5,101.5
"4 14.2 leaf 1",2023-07-19 10:41:00,194.96,0.817,22,101.8
"4 12 leaf 1",2023-07-19 11:21:00,194.96,0.817,23,101.8
"4 9.1 stem 1",2023-07-19 12:07:00,210,0.817,23.7,101.8
"4 9.1 stem 2",2023-07-19 12:20:00,210,0.817,24,101.8
"4 5.6 stem 1",2023-07-19 12:28:30,210,0.817,24.1,101.8
"4 5.6 stem 2",2023-07-19 12:37:00,446,2.357,24.1,101.8
"4 3 stem 1",2023-07-19 12:50:00,446,2.357,24.4,101.8
"5 2 stem 1",2023-07-19 15:28:00,446,2.357,26.6,101.7
"5 1 stem 1",2023-07-19 15:58:00,446,2.357,26.6,101.7
"5 1 stem 2",2023-07-19 16:10:30,446,2.357,26.6,101.7
"5 0.5 stem 1",2023-07-19 16:23:30,446,2.357,26.6,101.7
