"Date","Site","Researchers","Analyzer","Tree_Tag","UniqueID","Species","Height_m","Type","DBH_cm","Distance_cm","Air_Temp_C","Humidity_RH","Soil_Temp_C","VWC_1","VWC_2","VWC_3","Stem_Temp_C","ChamberID","Vol_L","comp_start_time","start_time","comp_end_time","Notes","CO2_best.flux","CO2_model","CO2_quality.check","CO2_LM.flux","CO2_LM.r2","CO2_LM.p.val","CO2_LM.RMSE","CO2_HM.flux","CO2_HM.r2","CO2_HM.RMSE","CO2_LM.diagnose","CO2_HM.diagnose","CO2_nb.obs","CO2_flux.term","CO2_MDF","CO2_g.fact","CH4_best.flux","CH4_model","CH4_quality.check","CH4_LM.flux","CH4_LM.r2","CH4_LM.p.val","CH4_LM.RMSE","CH4_HM.flux","CH4_HM.r2","CH4_HM.RMSE","CH4_LM.diagnose","CH4_HM.diagnose","CH4_nb.obs","CH4_flux.term","CH4_MDF","CH4_g.fact"
"07-18-2023","Swamp Rd","HB JG NH","LGR #1",2,"2 10.5 stem 1","bg",11.7,"stem","15","0","26.1","73.3","na","na","na","na","27.7","C5","0.76","11:46:45","11:10:00","11:56:45","",2.10907824136699,"HM","",1.45406012853583,0.98978792740949,0,10.4432098935642,2.10907824136699,0.999678470235846,1.85305219015364,"Noise (LM.MAE)","Noise (HM.MAE)",408,1.65461683946296,0.000815082186927565,1.4504752588813,0.176388202294972,"HM","",0.112582532275735,0.771843245448607,1.43767316520383e-132,4.3265003647635,0.176388202294972,0.784781102919316,4.2020409473546,"Noise (LM.MAE)","Noise (HM.MAE)",408,1.65461683946296,0.00570557530849295,1.56674573514625
"07-18-2023","Swamp Rd","HB JG NH","LGR #1",2,"2 10.5 stem 2","bg",11.7,"stem","15","0","26.1","73.3","na","na","na","na","27.7","C5","0.76","12:00:00","na","12:08:00","",3.71141162662588,"HM","",2.90625265990258,0.99557028233041,0,12.261610026636,3.71141162662588,0.999800152082933,2.60440960918675,"Noise (LM.MAE)","Noise (HM.MAE)",365,1.6548011926896,0.000911736194319336,1.27704369197903,0.378318620494706,"HM","",0.259110159264821,0.962996822906094,3.53459055090287e-262,3.21242742189263,0.378318620494706,0.973307625550147,2.72839611018571,"Noise (LM.MAE)","Noise (HM.MAE)",365,1.6548011926896,0.00638215336023535,1.46006865021471
"07-18-2023","Swamp Rd","HB JG NH","LGR #1",2,"2 10.5 leaf 1","bg",11.7,"leaf","na","na","26.1","73.3","na","na","na","na","27.7","leaf A","0.76","12:09:00","na","12:14:00","",-0.578890542707948,"LM","MAE | AICc",-0.578890542707948,0.998269885766586,0,1.04879758579008,-0.65922722638662,0.996751357702747,1.43754251088101,"Noise (LM.MAE)","Noise (HM.MAE)",250,1.64741226550211,0.00132855827863073,1.13877698416504,-0.00721538338510404,"HM","AICc | MDF",-0.00544185948461986,0.000714570624363642,0.278806173790103,3.44308295473275,-0.00721538338510404,0.000746568260286185,3.4430278296436,"Noise (LM.MAE) | MDF (LM)","Noise (HM.MAE) | MDF (HM)",250,1.64741226550211,0.00929990795041514,1.3259040233392
"07-18-2023","Swamp Rd","HB JG NH","LGR #1",2,"2 10.5 leaf 2","bg",11.7,"leaf","na","na","27.9","65","na","na","na","na","27.7","leaf A","0.76","12:27:00","na","12:30:00","Leaf sample #3",-1.44532372524389,"LM","MAE | AICc",-1.44532372524389,0.998713457661317,1.98883532059287e-259,1.62413321564244,-1.77043232004861,0.996719612677832,2.5959896968039,"Noise (LM.MAE)","Noise (HM.MAE)",180,1.64195803787281,0.00183458998645006,1.22493825371189,0.00682263829944156,"LM","HM.flux is NA",0.00682263829944156,0.000638417369216882,0.292569034510092,2.70728888131971,NA,NA,NA,"Noise (LM.MAE) | MDF (LM)","HM.flux is NA",180,1.64195803787281,0.0128421299051504,NA
"07-18-2023","Swamp Rd","HB JG NH","LGR #1",2,"2 11.7 stem 1","bg",11.7,"leaf (shaded)","na","na","27.9","65","na","na","na","na","27.7","leaf A","0.76","12:56:15","na","13:04:00","",4.63926631954126,"HM","",2.96002012798456,0.985032444595576,0,23.4191121853515,4.63926631954126,0.999439669578245,4.53124026461686,"Noise (LM.MAE)","Noise (HM.MAE)",369,1.64937291201243,0.000898840823984975,1.56730904485439,0.390140683007796,"HM","",0.236364435718298,0.930710959351071,4.78481557669839e-215,4.13902096231259,0.390140683007796,0.947071557363152,3.61751140942941,"Noise (LM.MAE)","Noise (HM.MAE)",369,1.64937291201243,0.00629188576789482,1.65058961523624
"07-18-2023","Swamp Rd","HB JG NH","LGR #1",2,"2 11.7 stem 2","bg",10.5,"stem","15.5","0","26.1","73.3","na","na","na","na","24.8","C5","0.76","13:07:00","na","13:14:00","",3.77792444904936,"HM","",2.5608824798988,0.989087587620568,0,17.9292557590453,3.77792444904936,0.999865546115338,1.99016257402309,"Noise (LM.MAE)","Noise (HM.MAE)",384,1.65231963325922,0.000865088813224724,1.47524319397845,0.352100999106328,"HM","",0.250630281552014,0.955793086585681,4.92183649206735e-261,3.59257906113382,0.352100999106328,0.963931619171644,3.24507367362395,"Noise (LM.MAE)","Noise (HM.MAE)",384,1.65231963325922,0.00605562169257306,1.40486216161097
"07-18-2023","Swamp Rd","HB JG NH","LGR #1",2,"2 11.7 leaf 1","bg",10.5,"stem","15.5","0","26.1","73.3","na","na","na","na","24.4","C5","0.76","13:15:00","na","13:19:00","",-1.37000793079041,"HM","",-1.07735597641805,0.993156805527823,9.48729968710112e-233,3.35158678798115,-1.37000793079041,0.997372826389476,2.07666008367766,"Noise (LM.MAE)","Noise (HM.MAE)",215,1.64647294914797,0.00153875976555885,1.27163905039573,-0.00197168061933799,"HM","AICc | MDF",-0.00197097421625937,-0.00431266486270832,0.776152289421202,3.79560878582135,-0.00197168061933799,-0.00431303955160245,3.79560949392866,"Noise (LM.MAE) | MDF (LM)","Noise (HM.MAE) | MDF (HM)",215,1.64647294914797,0.0107713183589119,1.00035840300334
"07-18-2023","Swamp Rd","HB JG NH","LGR #1",2,"2 11.7 leaf 2","bg",10.5,"leaf","na","90","26.1","73.3","na","na","na","na","24.4","leaf A","0.76","13:24:00","na","13:28:15","leaf sample #1",-0.865555236263556,"LM","MAE | AICc",-0.865555236263556,0.997193179176985,2.61594103238256e-266,1.67953990228936,-1.00859515234593,0.992897400268458,2.6738470025773,"Noise (LM.MAE)","Noise (HM.MAE)",209,1.64074490528941,0.0015852607780574,1.1652579871157,-0.00405275247132986,"HM","AICc | MDF",-0.0040333753383525,-0.00343379843307812,0.591943829970496,3.96299486190336,-0.00405275247132986,-0.00343443123213882,3.96299611333171,"Noise (LM.MAE) | MDF (LM)","Noise (HM.MAE) | MDF (HM)",209,1.64074490528941,0.0110968254464018,1.00480419781247
"07-18-2023","Swamp Rd","HB JG NH","LGR #1",2,"2 11.7 leaf_s 1","bg",10.5,"leaf","na","180","26.1","73.3","na","na","na","na","27.7","leaf A","0.76","13:28:30","na","13:31:30","leaf sample #2",0.756916634396914,"HM","AICc",0.74509197444384,0.992900540593155,2.09002651912593e-193,1.98481426587221,0.756916634396914,0.992882381548797,1.98737751038053,"Noise (LM.MAE)","Noise (HM.MAE)",180,1.63155238730934,0.00182296356123948,1.01587006753348,-0.0201103349731954,"HM","AICc",-0.0199555100227224,0.0220353666416618,0.0260987151539967,3.74909103548241,-0.0201103349731954,0.0220306303821657,3.74910011905391,"Noise (LM.MAE)","Noise (HM.MAE)",180,1.63155238730934,0.0127607449286764,1.00775850631213
"07-18-2023","Swamp Rd","HB JG NH","LGR #1",2,"2 9.1 branch 1","bg",9.1,"branch","8","15","29.5","62.3","na","na","na","na","26","Stem A","0.15","13:52:15","na","13:57:15","",1.63512696649803,"HM","",0.842855969980248,0.965942021309612,4.81381184499572e-265,7.04268616065345,1.63512696649803,0.997993396118142,1.70946307738113,"Noise (LM.MAE)","Noise (HM.MAE)",360,2.32232376434973,0.0012937736848745,1.93998384627489,0.596839263967582,"HM","",0.306089321947699,0.909452986295644,5.11387724735406e-189,4.29741498845419,0.596839263967582,0.939733883154708,3.50595900063093,"Noise (LM.MAE)","Noise (HM.MAE)",360,2.32232376434973,0.00905641579412149,1.94988593581047
"07-18-2023","Swamp Rd","HB JG NH","LGR #1",2,"2 9.1 leaf 1","bg",9.1,"leaf","na","50","29.5","62.3","na","na","na","na","25.5","leaf A","0.76","14:01:30","na","14:06:30","Leaf sample #4",-0.684369125934623,"LM","MAE | AICc",-0.684369125934623,0.997210641650461,0,1.74941918939414,-0.81237028872179,0.994427943333383,2.47428816214498,"Noise (LM.MAE)","Noise (HM.MAE)",275,1.63141229517107,0.00119081189428545,1.18703526786419,0.0043791617031354,"LM","HM.flux is NA",0.0043791617031354,0.000631098192193646,0.279735163285301,3.23488372404105,NA,NA,NA,"Noise (LM.MAE) | MDF (LM)","HM.flux is NA",275,1.63141229517107,0.00833568325999816,NA
"07-18-2023","Swamp Rd","HB JG NH","LGR #1",2,"2 7 leaf 1","bg",7,"leaf","na","100","28.6","63","na","na","na","na","25.6","leaf A","0.76","14:14:30","na","14:18:00","leaf sample #5",-0.518612268606545,"LM","MAE | AICc",-0.518612268606545,0.994061905107379,7.94810184353364e-225,1.41540300961887,-0.564053677606575,0.993646470084973,1.46410294669365,"Noise (LM.MAE)","Noise (HM.MAE)",202,1.63671486535421,0.00162857200532757,1.0876211608378,0.005091225204229,"LM","HM.flux is NA",0.005091225204229,-0.00225228831965074,0.459878530173602,3.44219300268002,NA,NA,NA,"Noise (LM.MAE) | MDF (LM)","HM.flux is NA",202,1.63671486535421,0.011400004037293,NA
"07-18-2023","Swamp Rd","HB JG NH","LGR #1",2,"2 1.7 stem 1","bg",1.7,"stem","30.5","0","26.4","76.7","na","na","na","na","25.5","C5","0.76","15:18:15","na","15:20:15","",2.77663500992613,"HM","",2.3429492886941,0.996751559743713,6.89213389041545e-149,2.80289166728976,2.77663500992613,0.998795541027331,1.70673021148529,"Noise (LM.MAE)","Noise (HM.MAE)",120,1.62607020466155,0.00273289110027151,1.18510247888197,0.541182157553871,"HM","AICc",0.507406681303711,0.86469967391458,2.66809572036904e-53,4.20332538759955,0.541182157553871,0.864974404707269,4.19905573892561,"Noise (LM.MAE)","Noise (HM.MAE)",120,1.62607020466155,0.0191302377019005,1.06656490246321
"07-18-2023","Swamp Rd","HB JG NH","LGR #1",2,"2 1.25 stem 1","bg",1.25,"stem","32.5","0","26.4","76.7","na","na","na","na","25.5","C5","0.76","15:21:00","na","15:23:00","",3.75914684796862,"HM","",2.54577529113589,0.974790014078331,1.3605441849128e-107,9.58046008084138,3.75914684796862,0.986796100144947,6.93347852795608,"Noise (LM.MAE)","Noise (HM.MAE)",134,1.63000841244152,0.00245114046983688,1.47662162526974,0.462588833083088,"HM","AICc",0.459010005551129,0.831822681930711,3.66572102116386e-53,4.82656759792582,0.462588833083088,0.83169425263058,4.82842603997916,"Noise (LM.MAE)","Noise (HM.MAE)",134,1.63000841244152,0.0171579832888581,1.00779683991346
"07-18-2023","Swamp Rd","HB JG NH","LGR #1",2,"2 0.5 stem 1","bg",0.5,"stem","34","0","26.4","76.7","na","na","na","na","25.5","C5","0.76","15:24:00","na","15:26:00","",3.12558002045729,"HM","",2.09903286866846,0.98500091625438,1.72925563472693e-143,7.1247204437315,3.12558002045729,0.996301298548855,3.53801852262517,"Noise (LM.MAE)","Noise (HM.MAE)",157,1.62827733396659,0.00208753504354691,1.48905720682689,0.229721677081091,"LM","g-fact. > 2",0.229721677081091,0.747361058936812,2.21431346372928e-48,3.67005518076222,0.541701163447071,0.80299707185898,3.24084894070861,"Noise (LM.MAE)","Noise (HM.MAE) | Exaggerated curvature (g-fact)",157,1.62827733396659,0.0146127453048284,2.35807595665363
"07-19-2023","Swamp Rd","HB JG NH","LGR #1",4,"4 14.2 leaf 1","hem",14.2,"leaf","na","70","24.4","69.3","na","38.4","33.3","17.1","20.9","leaf A","0.76","10:41:00","10:04:00","10:47:00","leaf sample #6",-2.21840932608757,"HM","",-1.28480128586932,0.974942998312819,2.95940574296719e-255,11.1991120731697,-2.21840932608757,0.997446765523847,3.57490404853723,"Noise (LM.MAE)","Noise (HM.MAE)",318,1.67780746992351,0.00105855360878455,1.72665559295931,-0.0134281298630519,"LM","g-fact. > 2",-0.0134281298630519,0.0164141654173576,0.0126421667986303,5.18329438330028,-0.0345374969002727,0.0231894387383275,5.16541138789181,"Noise (LM.MAE)","Noise (HM.MAE) | Exaggerated curvature (g-fact)",318,1.67780746992351,0.00740987526149185,2.57202583326992
"07-19-2023","Swamp Rd","HB JG NH","LGR #1",4,"4 12 leaf 1","hem",12,"leaf","na","50","25","65.2","na","38.4","33.3","17.1","20","leaf A","0.76","11:21:00","na","11:24:00","Leaf sample #7",-0.668695013221734,"LM","MAE | AICc",-0.668695013221734,0.998456253866097,1.04575474257694e-277,0.890941740129737,-0.739901474684596,0.997275045341454,1.1838978765738,"Noise (LM.MAE)","Noise (HM.MAE)",198,1.67987245817031,0.00170545427225412,1.10648570731789,0.00114572797797389,"LM","HM.flux is NA",0.00114572797797389,-0.00489919278132955,0.842540914784057,2.73944097214028,NA,NA,NA,"Noise (LM.MAE) | MDF (LM)","HM.flux is NA",198,1.67987245817031,0.0119381799057788,NA
"07-19-2023","Swamp Rd","HB JG NH","LGR #1",4,"4 9.1 stem 1","hem",9.1,"stem","23.5","0","25.8","61.1","na","38.4","33.3","17.1","23.5","C5","0.76","12:07:00","na","12:17:00","",1.83630100218697,"HM","",1.35903349290451,0.993240026646476,0,6.26090203678211,1.83630100218697,0.999637430866133,1.44997271868588,"Noise (LM.MAE)","Noise (HM.MAE)",326,1.67501517102022,0.00103077856678167,1.35118156526257,0.0197590038473308,"HM","AICc",0.0196414801449353,0.0843533647934679,5.57536405522413e-08,3.55482896807691,0.0197590038473308,0.0843387634833431,3.55485756257402,"Noise (LM.MAE)","Noise (HM.MAE)",326,1.67501517102022,0.0072154499674717,1.00598344429892
"07-19-2023","Swamp Rd","HB JG NH","LGR #1",4,"4 9.1 stem 2","hem",9.1,"stem","23.5","0","25.8","61.1","na","38.4","33.3","17.1","23.5","C5","0.76","12:20:00","na","12:25:00","",1.95926861355521,"HM","",1.40581536437505,0.990881295394102,6.52117157418778e-241,5.43642364246718,1.95926861355521,0.998854583192045,1.92676387330111,"Noise (LM.MAE)","Noise (HM.MAE)",236,1.67567303825688,0.00142610471341011,1.39368843391906,-0.00525538937236384,"HM","AICc",-0.00525877578788898,-0.00206423944984757,0.473311116281729,4.52451781065708,-0.00525538937236384,-0.00206505512669275,4.52451966256399,"Noise (LM.MAE)","Noise (HM.MAE)",236,1.67567303825688,0.00998273299387078,0.999356044893008
"07-19-2023","Swamp Rd","HB JG NH","LGR #1",4,"4 5.6 stem 1","hem",5.6,"stem","27.5","0","24.1","65","na","38.4","33.3","17.1","21.1","C5","0.76","12:28:30","na","12:35:30","",1.50934323592415,"HM","",1.25273003086417,0.996909948791797,0,4.39126341844586,1.50934323592415,0.999355796805396,2.00501713584406,"Noise (LM.MAE)","Noise (HM.MAE)",368,1.6764210213321,0.000916077060837213,1.20484318148178,0.00200116739249069,"LM","HM.flux is NA",0.00200116739249069,-0.00187073920101821,0.57514101289637,4.30261773603443,NA,NA,NA,"Noise (LM.MAE) | MDF (LM)","HM.flux is NA",368,1.6764210213321,0.00641253942586049,NA
"07-19-2023","Swamp Rd","HB JG NH","LGR #1",4,"4 5.6 stem 2","hem",5.6,"stem","27.5","0","24.1","65","na","38.4","33.3","17.1","21.1","D2","2.3","12:37:00","na","12:41:30","",2.0137796261575,"HM","",1.97888907584112,0.998948918018836,0,2.0502641834398,2.0137796261575,0.998966195053353,2.03346173911804,"Noise (LM.MAE)","Noise (HM.MAE)",245,2.19996081268208,0.0018032465677722,1.01763138254808,0.00730630998584982,"LM","HM.flux is NA",0.00730630998584982,-0.00115224571535255,0.397248997302963,4.2985123918568,NA,NA,NA,"Noise (LM.MAE) | MDF (LM)","HM.flux is NA",245,2.19996081268208,0.0126227259744054,NA
"07-19-2023","Swamp Rd","HB JG NH","LGR #1",4,"4 3 stem 1","hem",3,"stem","29.7","0","25.2","60.3","na","38.4","33.3","17.1","20.7","D2","2.3","12:50:00","na","12:53:00","",0.509626916697008,"HM","",0.310472662289703,0.855547648272901,1.03853195190703e-80,3.13964083869512,0.509626916697008,0.865596395484056,3.02846890718488,"Noise (LM.MAE)","Noise (HM.MAE)",189,2.20145489310824,0.00234197329054069,1.64145504128629,0.0781045416401713,"LM","g-fact. > 2",0.0781045416401713,0.25226850186055,1.07976342201556e-13,3.28497507212516,0.168808617500587,0.268929924635196,3.24816994969541,"Noise (LM.MAE)","Noise (HM.MAE) | Exaggerated curvature (g-fact)",189,2.20145489310824,0.0163938130337848,2.16131628143074
"07-19-2023","Swamp Rd","HB JG NH","LGR #1",5,"5 2 stem 1","rm",2,"stem","na","0","na","na","17.5","43","2.353 s","2.358 s","na","S6","2.3","15:28:00","na","15:32:00","",5.97688923148421,"HM","",5.65928055517633,0.999698107150646,0,3.70880071292493,5.97688923148421,0.99990472491604,2.08351559095229,"Noise (LM.MAE)","Noise (HM.MAE)",286,2.17476888381642,0.00153152738296931,1.05612174077805,0.393419258613805,"HM","AICc",0.369988226513525,0.955193816302061,9.07757717102701e-194,3.02173182725171,0.393419258613805,0.95544461862529,3.01326289725361,"Noise (LM.MAE)","Noise (HM.MAE)",286,2.17476888381642,0.0107206916807852,1.06332912893223
"07-19-2023","Swamp Rd","HB JG NH","LGR #1",5,"5 1 stem 1","rm",1,"stem","na","0","na","na","17.5","43","2.353 s","2.358 s","na","S6","2.3","15:58:00","na","16:02:00","",6.41535324142412,"HM","",6.23175200051854,0.999255053059766,0,5.13617466953849,6.41535324142412,0.999312701962714,4.93343790360112,"Noise (LM.MAE)","Noise (HM.MAE)",229,2.17094664282366,0.00190433916037163,1.02946221879342,0.571132906558941,"HM","AICc",0.559834045401798,0.973473796774535,3.97797442752906e-181,2.78942447916455,0.571132906558941,0.973491125079456,2.78852061270599,"Noise (LM.MAE)","Noise (HM.MAE)",229,2.17094664282366,0.0133303741226014,1.02018251881955
"07-19-2023","Swamp Rd","HB JG NH","LGR #1",5,"5 1 stem 2","rm",1,"stem","na","0","na","na","17.5","43","2.353 s","2.358 s","na","S6","2.3","16:10:30","na","16:15:00","",2.75167263710978,"HM","",2.59147205401074,0.998257706796759,0,4.0224883385465,2.75167263710978,0.998501661653704,3.73026014088735,"Noise (LM.MAE)","Noise (HM.MAE)",281,2.16873687520071,0.0015490977680005,1.06181837185977,0.539606029251283,"HM","AICc",0.53456118605209,0.953753219232127,1.78250095965665e-188,4.37313513339999,0.539606029251283,0.953624530769712,4.37928009948364,"Noise (LM.MAE)","Noise (HM.MAE)",281,2.16873687520071,0.0108436843760035,1.00943735409682
"07-19-2023","Swamp Rd","HB JG NH","LGR #1",5,"5 0.5 stem 1","rm",0.5,"stem","na","0","na","na","17.5","43","2.353 s","2.358 s","na","S6","2.3","16:23:30","na","16:28:30","",3.15263964606467,"HM","",2.50842260442343,0.995944087928897,0,6.93679515228268,3.15263964606467,0.99952847461027,2.36519605213468,"Noise (LM.MAE)","Noise (HM.MAE)",328,2.16994684974653,0.00133125573604082,1.25682157404626,0.498464513165876,"HM","",0.325230857314409,0.935158676122054,5.94919965523567e-196,3.71076173358783,0.498464513165876,0.947905041217657,3.32609754800642,"Noise (LM.MAE)","Noise (HM.MAE)",328,2.16994684974653,0.00931879015228572,1.5326482772328
"07-18-2023","Swamp Rd","HB JG NH","LGR #2",2,"2 10.5 branch 1","bg",10.5,"branch","6","15","26.1","73.3","na","na","na","na","26","Stem A","0.15","11:17:00","11:15:00","11:22:00","",0.691616157192574,"LM","g-fact. > 2",0.691616157192574,0.91784517759094,1.84356960216015e-28,12.8810677616864,1.90351590517951,0.999876177362204,0.500075249214711,"Noise (LM.MAE)","Noise (HM.MAE) | Exaggerated curvature (g-fact)",51,2.32557817371249,0.000933967138037146,2.75227217493922,0.0695133719507479,"LM","g-fact. > 2",0.0695133719507479,0.907339864090184,3.53482139079615e-27,1.38270669575942,0.156228529129063,0.963688375457273,0.865578457314407,"","Exaggerated curvature (g-fact)",51,2.32557817371249,0.00653776996626002,2.24746008925815
"07-18-2023","Swamp Rd","HB JG NH","LGR #2",2,"2 10.5 branch 2","bg",10.5,"branch","6","15","26.1","73.3","na","na","na","na","24.4","Stem A","0.15","11:30:00","na","11:35:00","",0.109322637025464,"LM","g-fact. > 2",0.109322637025464,0.698807094473567,5.05240117957619e-06,1.61642936812455,0.739148513482614,0.97001004560274,0.510061173802581,"Noise (LM.MAE)","Noise (HM.MAE) | Exaggerated curvature (g-fact)",19,2.32338876388757,0.00258154307098619,6.76116615546377,0.0326456869353194,"LM","g-fact. > 2",0.0326456869353194,0.602111024632393,5.71138007400424e-05,0.593991951537818,0.0773195993151738,0.716728970903928,0.501188027131462,"","Exaggerated curvature (g-fact)",19,2.32338876388757,0.0180708014969033,2.36844761356581
"07-18-2023","Swamp Rd","HB JG NH","LGR #2",2,"2 10.5 branch 3","bg",10.5,"branch","5","150","26.1","73.3","na","na","na","na","27.7","Stem A","0.15","11:50:00","na","?","",0.933521982924681,"LM","g-fact. > 2",0.933521982924681,0.933907931518942,1.22203754313191e-23,11.7714287028974,2.24703501580369,0.998640830600523,1.6880732914016,"Noise (LM.MAE)","Noise (HM.MAE) | Exaggerated curvature (g-fact)",39,2.32715386562619,0.00122804953331197,2.40705099280451,-0.000398763070249436,"HM","AICc | MDF",-0.000379882809353713,-0.0258505514979113,0.837926468117408,0.539358083100264,-0.000398763070249436,-0.0257864530431831,0.539341232419783,"MDF (LM)","MDF (HM)",39,2.32715386562619,0.00859634673318381,1.04970022446618
"07-18-2023","Swamp Rd","HB JG NH","LGR #2",2,"2 10.5 branch 4","bg",10.5,"branch","5","135","26.1","73.3","na","na","na","na","27.7","Stem A","0.15","12:08:15","na","12:11:00","",0.769790053343069,"LM","g-fact. > 2",0.769790053343069,0.943039558423139,1.71426048364487e-13,4.76524544314699,1.72326589145996,0.999806990041972,0.27738850450973,"Noise (LM.MAE)","Exaggerated curvature (g-fact)",21,2.32478797275297,0.00232478797275297,2.23861802835215,-0.0199440116593357,"HM","AICc",-0.0199580469618297,0.250419480473461,0.0121525740058649,0.812369383511622,-0.0199440116593357,0.250312572225979,0.812428066325831,"","",21,2.32478797275297,0.0162735158092708,0.999296759721989
"07-18-2023","Swamp Rd","HB JG NH","LGR #2",2,"2 11.7 branch 1","bg",11.7,"branch","5.5","5","26.1","73.3","na","na","na","na","27.7","Stem A","0.15","12:26:15","na","12:36:00","",8.59913151300171,"HM","",4.6351884283209,0.969315576514275,2.75411536682466e-28,37.1309748973352,8.59913151300171,0.999977601035955,1.00320880303256,"Noise (LM.MAE)","Noise (HM.MAE)",37,2.32599145080552,0.00129581696423706,1.85518488535681,0.720075328654581,"HM","",0.430369437705893,0.978257855384292,6.60509708142804e-31,2.88911847466201,0.720075328654581,0.999386084304324,0.485476854977354,"Noise (LM.MAE)","",37,2.32599145080552,0.00907071874965942,1.67315628287404
"07-18-2023","Swamp Rd","HB JG NH","LGR #2",2,"2 11.7 branch 2","bg",11.7,"branch","5.5","25","26.1","73.3","na","na","na","na","27.7","Stem A","0.15","12:36:30","na","12:46:40","",2.34009854809672,"LM","g-fact. > 2",2.34009854809672,0.939536745996047,9.6802966216271e-24,27.404501435637,5.58551389173508,0.998621201586365,4.13834348799723,"Noise (LM.MAE)","Noise (HM.MAE) | Exaggerated curvature (g-fact)",38,2.3267957582394,0.00126113591232488,2.3868712265464,0.226555802612097,"HM","",0.113553585257178,0.950940511602865,2.23692362873654e-25,1.19085630600224,0.226555802612097,0.989885877486788,0.540706957982625,"","",38,2.3267957582394,0.00882795138627415,1.9951444254181
"07-18-2023","Swamp Rd","HB JG NH","LGR #2",2,"2 9.1 stem 1","bg",9.1,"stem","19.5","0","29.5","62.3","na","na","na","na","25.5","C5","0.76","13:06:45","na","13:16:45","",2.97415224820002,"HM","",2.24867795937689,0.994039899592052,3.22004927496792e-45,12.2575748726139,2.97415224820002,0.99993757254208,1.25448534406887,"Noise (LM.MAE)","Noise (HM.MAE)",41,1.64977691033611,0.000826955844780005,1.32262258176985,0.629409331633168,"HM","",0.471460517175236,0.993409513543215,2.28789549538451e-44,2.70326644555157,0.629409331633168,0.999672238181699,0.602850045342152,"Noise (LM.MAE)","",41,1.64977691033611,0.00578869091346004,1.33502023754669
"07-18-2023","Swamp Rd","HB JG NH","LGR #2",2,"2 9.1 stem 2","bg",9.1,"stem","19.5","0","29.5","62.3","na","na","na","na","25.5","C5","0.76","13:19:45","na","13:29:45","",2.84907748156046,"HM","",2.14831614928164,0.993708101199522,5.68407451203874e-47,12.6161048187319,2.84907748156046,0.999673164234901,2.87540624415265,"Noise (LM.MAE)","Noise (HM.MAE)",43,1.65197532236224,0.000788532373442595,1.32619097171203,0.944381506750248,"HM","",0.800195211444229,0.997767773392629,3.37244799206315e-56,2.79342596437182,0.944381506750248,0.999786324540784,0.86426186065307,"Noise (LM.MAE)","",43,1.65197532236224,0.00551972661409817,1.18018890046316
"07-18-2023","Swamp Rd","HB JG NH","LGR #2",2,"2 7 stem 1","bg",7,"stem","24","0","28.6","63","na","na","na","na","25.6","C5","0.76","13:37:30","na","13:44:00","",2.08609853494169,"HM","",1.57243690265339,0.993168504248615,1.27975401719572e-38,8.06553915887521,2.08609853494169,0.999162859183603,2.82341528455489,"Noise (LM.MAE)","Noise (HM.MAE)",36,1.64627256664858,0.000943422674297178,1.32666597395516,1.89728021635693,"HM","",1.62396787138203,0.9978181420644,4.78054769083842e-47,4.6968622116026,1.89728021635693,0.99959656878719,2.01966496999605,"Noise (LM.MAE)","Noise (HM.MAE)",36,1.64627256664858,0.00660395872008025,1.16829910849302
"07-18-2023","Swamp Rd","HB JG NH","LGR #2",2,"2 7 stem 2","bg",7,"stem","24","0","28.6","63","na","na","na","na","25.6","C5","0.76","13:49:15","na","13:52:45","",1.75957188876128,"HM","",1.38312788981542,0.995403540544611,3.88688843590668e-32,4.51691117024181,1.75957188876128,0.999894975944784,0.682769676325458,"Noise (LM.MAE)","Noise (HM.MAE)",28,1.64060860194592,0.00121526563107105,1.27216861269141,2.02300453425775,"HM","",1.69834535680106,0.997578531669424,9.34755648691059e-36,4.02139335677895,2.02300453425775,0.999940261375482,0.631632937349519,"Noise (LM.MAE)","",28,1.64060860194592,0.00850685941749737,1.19116204849419
"07-18-2023","Swamp Rd","HB JG NH","LGR #2",2,"2 4.5 stem 1","bg",4.5,"stem","26","0","29.8","60.4","na","na","na","na","26.2","C5","0.76","14:12:00","na","14:14:00","",2.1920572338696,"HM","",1.86288228953432,0.997642123263014,5.16194432511719e-16,1.97024045880445,2.1920572338696,0.999902125781013,0.401414299265177,"Noise (LM.MAE)","Noise (HM.MAE)",13,1.63299602973827,0.00272166004956379,1.17670195598755,1.27853285500291,"HM","",1.14424220552926,0.998453514212982,5.07239463060232e-17,0.979720964347847,1.27853285500291,0.999500502700869,0.556795872165351,"","",13,1.63299602973827,0.0190516203469465,1.11736208367837
"07-18-2023","Swamp Rd","HB JG NH","LGR #2",2,"2 4.5 stem 2","bg",4.5,"stem","26","0","29.8","60.4","na","na","na","na","26.2","C5","0.76","14:14:45","na","14:16:45","",3.71799517534803,"HM","",2.32527790043052,0.974981285739352,1.51223416067971e-09,7.4879493710501,3.71799517534803,0.993536941414281,3.80583058660589,"Noise (LM.MAE)","Noise (HM.MAE)",12,1.63539024220194,0.00294664908504855,1.5989465924308,1.36594138991118,"HM","AICc",1.33320900884737,0.999191240931882,5.28890860288552e-17,0.763356108617044,1.36594138991118,0.999242710225837,0.738666919456814,"","",12,1.63539024220194,0.0206265435953398,1.02455157506932
"07-18-2023","Swamp Rd","HB JG NH","LGR #2",2,"2 3 stem 1","bg",3,"stem","28","0","29.9","56.8","na","na","na","na","25.8","C5","0.76","14:18:30","na","14:20:30","",2.19550979933315,"HM","AICc",2.16446895481687,0.999611194170008,4.82172910169747e-22,0.999350718448547,2.19550979933315,0.999614261080371,0.995519015418835,"Noise (LM.MAE)","Noise (HM.MAE)",14,1.63691538170295,0.00251833135646607,1.01434109020007,1.08115889442668,"HM","AICc",1.06615229875106,0.998774543972304,4.72864193328228e-19,0.874250971940215,1.08115889442668,0.998744825098681,0.884796590704468,"","",14,1.63691538170295,0.0176283194952625,1.01407547091837
"07-18-2023","Swamp Rd","HB JG NH","LGR #2",2,"2 3 stem 2","bg",3,"stem","28","0","29.9","56.8","na","na","na","na","25.8","C5","0.76","14:21:00","na","14:23:00","",2.72005948758148,"HM","",1.65113183623002,0.976869580425142,1.00041265007016e-14,7.74480909833069,2.72005948758148,0.997739602983797,2.42109217803078,"Noise (LM.MAE)","Noise (HM.MAE)",18,1.63692635271529,0.00192579570907682,1.64739085510707,0.876391308065008,"HM","",0.772971103865011,0.995960337611601,8.58939959109916e-21,1.50148400985193,0.876391308065008,0.997240368904504,1.24100545663692,"","",18,1.63692635271529,0.0134805699635377,1.13379569259818
"07-19-2023","Swamp Rd","HB JG NH","LGR #2",4,"4 14.2 stem 1","hem",14.2,"stem","13","0","24.4","69.3","na","38.4","33.3","17.1","20.9","B5","na","9:54:45","9:52:00","10:04:00","dbh est",1.16480947628515,"LM","g-fact. > 2",1.16480947628515,0.959737707136279,6.35291676796225e-27,14.4184470927288,2.36128536288084,0.999794035926992,1.0312523997639,"Noise (LM.MAE)","Noise (HM.MAE) | Exaggerated curvature (g-fact)",38,1.77866400455067,0.000964045530921775,2.02718591405312,0.0308398936979772,"LM","g-fact. > 2",0.0308398936979772,0.638607591667547,1.09218033316529e-09,1.39227798704803,0.0723197959587868,0.697787933098523,1.27318743697554,"","Exaggerated curvature (g-fact)",38,1.77866400455067,0.00674831871645242,2.34500795194149
"07-19-2023","Swamp Rd","HB JG NH","LGR #2",4,"4 14.2 stem 2","hem",14.2,"stem","13","0","24.4","69.3","na","38.4","33.3","17.1","20.9","B5","na","10:12:00","na","10:17:00","dbh est",3.38996556796685,"HM","",2.26098064453522,0.986450161947095,2.5787813366238e-21,9.58439789084168,3.38996556796685,0.999808630164923,1.13902832449494,"Noise (LM.MAE)","Noise (HM.MAE)",23,1.77973511800995,0.00161794101637268,1.49933418322726,0.025370599164361,"LM","g-fact. > 2",0.025370599164361,0.388758371712526,0.000881926909302432,1.11194112415014,0.0776180775229826,0.575261248115596,0.926907238684005,"","Exaggerated curvature (g-fact)",23,1.77973511800995,0.0113255871146088,3.05937108619868
"07-19-2023","Swamp Rd","HB JG NH","LGR #2",4,"4 12 stem 1","hem",12,"stem","21","0","25","65.2","na","38.4","33.3","17.1","20","C5","0.76","10:43","na","10:53:00","",0.72137619712579,"LM","g-fact. > 2",0.72137619712579,0.956163305368985,2.59456594868712e-28,10.6720242639959,1.51276890492941,0.999676810914444,0.916339160354783,"Noise (LM.MAE)","Noise (HM.MAE) | Exaggerated curvature (g-fact)",41,1.68001851204876,0.000842114542380332,2.097059635398,-0.029177826063905,"HM","AICc",-0.02342263214162,0.897971869619834,3.80927799021314e-21,0.545041079114563,-0.029177826063905,0.901559506411288,0.535372627526769,"","",41,1.68001851204876,0.00589480179666233,1.24571081027476
"07-19-2023","Swamp Rd","HB JG NH","LGR #2",4,"4 12 stem 2","hem",12,"stem","21","0","25","65.2","na","38.4","33.3","17.1","20","B5","na","10:59:30","na","11:07:00","lichen inside, sampled",3.61478007489268,"HM","",2.01646097653644,0.972567399555547,1.03312651323148e-30,21.0329238835926,3.61478007489268,0.999799792174581,1.79682873978753,"Noise (LM.MAE)","Noise (HM.MAE)",39,1.77775953825972,0.000938131682458953,1.79263576977403,-0.05158565931055,"HM","AICc",-0.0485392731883634,0.962442319356079,3.46925069823812e-28,0.595428655536764,-0.05158565931055,0.962706660903386,0.59332955811366,"","",39,1.77775953825972,0.00656692177721267,1.06276126365479
"07-19-2023","Swamp Rd","HB JG NH","LGR #2",4,"4 9.1 leaf 1","hem",9.1,"leaf","na","40","25.8","61.1","na","38.4","33.3","17.1","23.5","leaf A","0.76","11:41:45","na","11:45:00","Leaf sample #8",-1.02737999475829,"HM","",-0.537417528975959,0.958129273632296,1.16277752613223e-12,3.34973494896115,-1.02737999475829,0.997253200360017,0.857963254202528,"Noise (LM.MAE)","Noise (HM.MAE)",18,1.67200693117235,0.00196706697784983,1.91169796176159,0.00724737756843108,"LM","HM.flux is NA",0.00724737756843108,0.186333013802759,0.0418577057268753,0.403299436046379,NA,NA,NA,"MDF (LM)","HM.flux is NA",18,1.67200693117235,0.0137694688449488,NA
"07-19-2023","Swamp Rd","HB JG NH","LGR #2",4,"4 2 stem 1","hem",2,"stem","31.2","0","24","68","na","38.4","33.3","17.1","20.7","S6","2.3","12:42:30","na","12:47:30","near standing water",1.72298039485604,"HM","",1.6647775091264,0.999818855403014,3.74554953535914e-54,0.862797221289998,1.72298039485604,0.999905516985774,0.623121756779903,"Noise (LM.MAE)","Noise (HM.MAE)",30,2.19481542540077,0.00151890340858185,1.03496135994784,0.0300821634523564,"LM","g-fact. > 2",0.0300821634523564,0.823680860135167,2.79844140751234e-12,0.533929841562391,0.0888331446750431,0.920946707871575,0.357515146158105,"","Exaggerated curvature (g-fact)",30,2.19481542540077,0.0106323238600729,2.95301715302941
"07-19-2023","Swamp Rd","HB JG NH","LGR #2",4,"4 1.25 stem 1","hem",1.25,"stem","33","0","24","68","na","38.4","33.3","17.1","20.7","S6","2.3","12:48:30","na","12:53:00","",1.74278098129452,"LM","MAE | AICc",1.74278098129452,0.999871559357158,2.45674541299137e-52,0.708586276807074,1.76352467649658,0.999806494109916,0.870868058206558,"Noise (LM.MAE)","Noise (HM.MAE)",28,2.19690649688799,0.00163338773002825,1.01190264033444,0.00202448214795487,"LM","HM.flux is NA",0.00202448214795487,-0.00556782748363549,0.364889894987031,0.409194925372066,NA,NA,NA,"MDF (LM)","HM.flux is NA",28,2.19690649688799,0.0114337141101977,NA
"07-19-2023","Swamp Rd","HB JG NH","LGR #2",4,"4 1.25 stem 2","hem",1.25,"stem","33","0","24","68","na","38.4","33.3","17.1","20.7","S6","2.3","12:56:15","na","12:59:15","",1.71392341524367,"HM","",1.67625020936517,0.999912255547812,3.86113861996056e-36,0.377931821748135,1.71392341524367,0.99995085065637,0.28285410676945,"Noise (LM.MAE)","",19,2.19996783365604,0.00244440870406227,1.02247469122928,-0.0234765313549344,"HM","AICc",-0.0151338473649669,0.562909351171132,0.000130281885934885,0.314261925964691,-0.0234765313549344,0.598156460233046,0.30132454228832,"MDF (LM)","",19,2.19996783365604,0.0171108609284359,1.5512599531881
"07-19-2023","Swamp Rd","HB JG NH","LGR #2",4,"4 0.5 stem 1","hem",0.5,"stem","36.4","0","24","68","na","38.4","33.3","17.1","20.7","S6","2.3","13:03:00","na","13:07:00","",2.87678473668363,"HM","AICc",2.83320002846019,0.999885853366319,4.23556036616389e-43,0.886725247572467,2.87678473668363,0.999885007699607,0.890340994565881,"Noise (LM.MAE)","Noise (HM.MAE)",23,2.19800922770974,0.00199819020700885,1.01538356197431,0.288939358017146,"HM","",0.263029050540036,0.996049931882098,6.14643997820281e-27,0.485157709000736,0.288939358017146,0.99675147648717,0.439970594528197,"","",23,2.19800922770974,0.013987331449062,1.09850739841821
"07-19-2023","Swamp Rd","HB JG NH","LGR #2",4,"4 0.5 stem 2","hem",0.5,"stem","36.4","0","24","68","na","38.4","33.3","17.1","20.7","S6","2.3","13:11:00","na","13:15:00","",2.25396662714425,"HM","",2.17438705155241,0.999874474341326,1.51140517717213e-48,0.813047270411475,2.25396662714425,0.999971703085454,0.38602824580171,"Noise (LM.MAE)","Noise (HM.MAE)",26,2.19196820484926,0.00175357456387941,1.03659862467219,0.0224631638453415,"LM","g-fact. > 2",0.0224631638453415,0.669867442770537,1.96851144181721e-07,0.521156482194852,0.0541971819118597,0.803658752900577,0.401910857355873,"","Exaggerated curvature (g-fact)",26,2.19196820484926,0.0122750219471559,2.41271364465872
"07-19-2023","Swamp Rd","HB JG NH","LGR #2",3,"3 1.25 stem 1","bg",1.25,"stem","na","0","na","na","na","na","na","na","na","S6","2.3","13:16:30","na","13:19:30","",3.00092704485695,"HM","MAE",2.88765883019753,0.999239435126718,1.37091510649318e-37,2.54836903046453,3.00092704485695,0.999347744051561,2.3599522241075,"Noise (LM.MAE)","Noise (HM.MAE)",25,2.19412639987789,0.00183608903755472,1.03922492971639,1.49678150083278,"HM","AICc",1.48402707887748,0.999227680698698,1.6353473099843e-37,1.31974803303011,1.49678150083278,0.999093567647211,1.43068113918756,"","",25,2.19412639987789,0.012852623262883,1.00859446713394
"07-19-2023","Swamp Rd","HB JG NH","LGR #2",3,"3 0.5 stem 1","bg",0.5,"stem","na","0","na","na","na","na","na","na","na","S6","2.3","13:21:30","na","13:24:30","",3.21760242786148,"HM","AICc",3.17086798999367,0.999850957412785,4.91702229137099e-38,1.03485298096716,3.21760242786148,0.999855665999404,1.01877841519719,"Noise (LM.MAE)","Noise (HM.MAE)",21,2.19216618375317,0.00219216618375317,1.01473868922178,1.33361437861744,"HM","AICc",1.32321786385167,0.999085610774091,1.50017500135061e-30,1.07004039087167,1.33361437861744,0.99896590494165,1.13843791977719,"","",21,2.19216618375317,0.0153451632862722,1.0078569939613
"07-19-2023","Swamp Rd","HB JG NH","LGR #2",3,"3 2 stem 1","bg",2,"stem","na","0","na","na","na","na","na","na","na","C5","0.76","13:29:00","na","13:32:00","",2.63925263718085,"HM","",2.28652919627025,0.998242221974921,2.71639113543939e-22,2.73239852529532,2.63925263718085,0.99992438191843,0.566728240515848,"Noise (LM.MAE)","Noise (HM.MAE)",17,1.66232492234973,0.00207790615293717,1.15426150756612,1.5269553646228,"HM","",1.39402410248123,0.999003556735523,3.84609031257928e-24,1.25379535580942,1.5269553646228,0.999668191767193,0.723509016352629,"","",17,1.66232492234973,0.0145453430705602,1.09535793671355
"07-19-2023","Swamp Rd","HB JG NH","LGR #2",5,"5 13 stem 1","rm",13,"stem","7.5","0","28","47.9","17.5","43","2.353 s","2.358 s","27.5","A","na","14:33:00","14:30:00","14:38:00","fork above,end of main stem, no lichen",7.7141048352103,"HM","",4.18827945199467,0.969722672227484,2.95180035958457e-22,25.8732212063466,7.7141048352103,0.999972747905051,0.776232240596647,"Noise (LM.MAE)","Noise (HM.MAE)",29,2.33449791815756,0.00167347521014879,1.84183145456936,0.0887338182877796,"HM","AICc",0.0880940755117885,0.954732814192524,6.7780232619808e-20,0.670427764988967,0.0887338182877796,0.954589584871577,0.671488551567646,"","",29,2.33449791815756,0.0117143264710415,1.00726204086114
"07-19-2023","Swamp Rd","HB JG NH","LGR #2",5,"5 13 stem 2","rm",13,"stem","7.5","0","28","47.9","17.5","43","2.353 s","2.358 s","27.5","A","na","14:39:00","na","14:42:00","lichen",6.94864093528149,"HM","",4.60529521454337,0.98570151564684,2.46568234210287e-17,12.5457258313889,6.94864093528149,0.999930857281483,0.872416791001157,"Noise (LM.MAE)","Noise (HM.MAE)",19,2.3342491383932,0.00259361015377022,1.50883724312351,-0.00458923093009522,"HM","AICc | MDF",-0.00457328677332154,-0.0370824420588798,0.558389690582444,0.73543990236232,-0.00458923093009522,-0.0370921694058286,0.735443351407446,"MDF (LM)","MDF (HM)",19,2.3342491383932,0.0181552710763915,1.00348636714992
"07-19-2023","Swamp Rd","HB JG NH","LGR #2",5,"5 13 stem 3","rm",13,"stem","7.5","0","28","47.9","17.5","43","2.353 s","2.358 s","27.5","A","na","14:48:00","na","14:51:00","no lichen",6.3518670038196,"HM","",3.80593500702027,0.979148794045867,5.46096661420919e-27,21.5434042090471,6.3518670038196,0.999956397691733,0.985152540260099,"Noise (LM.MAE)","Noise (HM.MAE)",32,2.32614889987439,0.0015055979934462,1.66893732869931,0.404302679412606,"HM","",0.247303721984766,0.977653341299561,1.54451217056384e-26,1.45025807125118,0.404302679412606,0.996925088974144,0.537966546671095,"","",32,2.32614889987439,0.0105391859541234,1.63484267914702
"07-19-2023","Swamp Rd","HB JG NH","LGR #2",5,"5 16 leaf 1","rm",16,"leaf","na","na","na","na","17.5","43","2.353 s","2.358 s","na","Leaf B","na","15:14:15","na","15:17:15","sunlit, top of canopy",-3.31209272952174,"HM","",-1.69416969657185,0.96089546315884,6.72216779211244e-13,7.89790831901796,-3.31209272952174,0.999692651727862,0.700186773630633,"Noise (LM.MAE)","Noise (HM.MAE)",18,2.16828492160591,0.00255092343718342,1.95499467156317,0.0194630433362203,"HM","AICc",0.0134150697815521,0.269508790787866,0.0158800299602411,0.474557663202897,0.0194630433362203,0.282082811883527,0.470455629209356,"MDF (LM)","",18,2.16828492160591,0.017856464060284,1.45083429703699
"07-19-2023","Swamp Rd","HB JG NH","LGR #2",5,"5 10 stem 1","rm",10,"stem","11.5","0","28.4","44.9","17.5","43","2.353 s","2.358 s","27.9","B7","na","15:39:30","na","15:41:30","no lichen",8.00117766826578,"HM","",5.88180679680832,0.991977414060308,1.57494397082677e-20,16.7693176814205,8.00117766826578,0.999855469119715,2.25080839887746,"Noise (LM.MAE)","Noise (HM.MAE)",20,1.75787334979621,0.00185039299978549,1.36032650249707,0.262166827859855,"LM","g-fact. > 2",0.262166827859855,0.947483499927899,3.5445279565877e-13,1.95433047213816,0.559031886848938,0.996991711758018,0.467745738242878,"Noise (LM.MAE)","Exaggerated curvature (g-fact)",20,1.75787334979621,0.0129527509984984,2.13235172204081
"07-19-2023","Swamp Rd","HB JG NH","LGR #2",5,"5 10 stem 2","rm",10,"stem","11.5","0","28.4","44.9","17.5","43","2.353 s","2.358 s","27.9","B7","na","15:43:30","na","15:46:30","lichen",7.08531462079704,"HM","",3.64854318437017,0.961333680723268,1.17186310827598e-13,21.9314654628284,7.08531462079704,0.999779602350924,1.6557879388081,"Noise (LM.MAE)","Noise (HM.MAE)",19,1.76091562125255,0.00195657291250284,1.94195717653816,0.100043615665945,"LM","g-fact. > 2",0.100043615665945,0.834701137720948,2.86644567572123e-08,1.32857579167044,0.352085761093946,0.964514317465417,0.615570762324325,"","Exaggerated curvature (g-fact)",19,1.76091562125255,0.0136960103875199,3.5193226349355
"07-19-2023","Swamp Rd","HB JG NH","LGR #2",5,"5 10 stem 3","rm",10,"stem","11.5","0","28.4","44.9","17.5","43","2.353 s","2.358 s","27.9","B7 ","na","15:47:00","na","15:50:00","no lichen",6.10727752966106,"HM","",3.75305888946409,0.980178492598848,1.02148446163817e-18,18.6569182109793,6.10727752966106,0.999753640525712,2.07996584027821,"Noise (LM.MAE)","Noise (HM.MAE)",22,1.76249837966532,0.00168660132025389,1.62727996270081,0.177015013796354,"LM","g-fact. > 2",0.177015013796354,0.947928899487591,1.62215912848502e-14,1.44910918831659,0.358420730071596,0.989353994221024,0.655233480847309,"","Exaggerated curvature (g-fact)",22,1.76249837966532,0.0118062092417772,2.02480412471644
"07-19-2023","Swamp Rd","HB JG NH","LGR #2",5,"5 10 leaf 1","rm",10,"leaf","na","na","28.4","44.9","17.5","43","2.353 s","2.358 s","27.9","Leaf B","na","15:55:00","na","16:00:00","lesser lichen",-1.26672029459668,"HM","",-1.05045360359779,0.998051275336917,1.96243769676426e-42,1.9364905256773,-1.26672029459668,0.99885839650062,1.48289360811544,"Noise (LM.MAE)","Noise (HM.MAE)",32,2.16547536133856,0.00140160217562366,1.20587933656296,0.0107409617706916,"HM","AICc",0.010635592614721,0.3809502067658,0.000100479748345382,0.551377740570263,0.0107409617706916,0.380907093177421,0.551397062771346,"","",32,2.16547536133856,0.00981121522936562,1.00990722000998
"07-19-2023","Swamp Rd","HB JG NH","LGR #2",5,"5 8 stem 1","rm",8,"stem","18","0","27.3","45.6","17.5","43","2.353 s","2.358 s","22.8","C5","0.76","16:06:30","na","16:09:30","more lichen (dry, dead?)",4.75024360535292,"HM","",4.18285365517516,0.998614558552745,5.9304273974762e-26,5.01383752523675,4.75024360535292,0.999908824113264,1.28622268910763,"Noise (LM.MAE)","Noise (HM.MAE)",19,1.64529560149995,0.00182810622388884,1.13564661758505,0.290740970736825,"HM","",0.2236299027934,0.988169954333796,4.91924638535039e-18,0.787194532461569,0.290740970736825,0.993776241759092,0.570972531536797,"","",19,1.64529560149995,0.0127967435672219,1.30009881104955
"07-19-2023","Swamp Rd","HB JG NH","LGR #2",5,"5 8 stem 2","rm",8,"stem","18","0","27.3","45.6","17.5","43","2.353 s","2.358 s","22.8","C5","0.76","16:11:30","na","16:14:30","",6.17421263344758,"HM","",5.53601492764331,0.998731956911135,1.40654696328563e-33,8.04038641448564,6.17421263344758,0.999659881338739,4.16413830919971,"Noise (LM.MAE)","Noise (HM.MAE)",24,1.65195649167698,0.00144275676128994,1.11528106664191,1.27493479350508,"HM","",1.07282785162833,0.9972676581208,6.54402321495704e-30,2.28883743908163,1.27493479350508,0.999602740812545,0.872739041554832,"Noise (LM.MAE)","",24,1.65195649167698,0.0100992973290296,1.18838711315146
"07-19-2023","Swamp Rd","HB JG NH","LGR #2",5,"5 6 stem 1","rm",6,"stem","24","0","25.8","48","17.5","43","2.353 s","2.358 s","22.3","C5","0.76","16:21:15","na","16:24:15","",3.58387717168069,"HM","",2.53115391944688,0.989836179484721,1.35266335462664e-18,8.2918374069997,3.58387717168069,0.999725511578453,1.36264993182343,"Noise (LM.MAE)","Noise (HM.MAE)",19,1.6460370554979,0.00181882547568829,1.41590645442212,0.127874019389484,"HM","",0.0716054996984716,0.948073872160304,1.44497393405148e-12,0.541087820550114,0.127874019389484,0.977126487260775,0.359121347524203,"","",19,1.6460370554979,0.012731778329818,1.78581282063469
"07-19-2023","Swamp Rd","HB JG NH","LGR #2",5,"5 6 branch 1","rm",6,"branch","7","50","25.8","48","17.5","43","2.353 s","2.358 s","22.3","A","na","16:26:00","na","16:28:00","",1.45550563341628,"LM","g-fact. > 2",1.45550563341628,0.939137725929312,5.59451369623095e-12,8.38918679927731,3.35735704448013,0.998424904553036,1.34958180709861,"Noise (LM.MAE)","Noise (HM.MAE) | Exaggerated curvature (g-fact)",19,2.3282747999986,0.00258697199999844,2.30666028863106,0.0199463600688304,"LM","AICc | g-fact. > 2",0.0199463600688304,0.0808765097678831,0.126369969662401,1.1941009673934,0.0436194464646976,0.185077371808149,1.12437791329138,"","Exaggerated curvature (g-fact)",19,2.3282747999986,0.0181088039999891,2.18683741365226
"07-19-2023","Swamp Rd","HB JG NH","LGR #2",5,"5 4 stem 1","rm",4,"stem","26","0","25.3","50.9","17.5","43","2.353 s","2.358 s","22.7","C5","0.76","16:34:00","na","16:36:30","",6.44959276916475,"HM","",5.33241693819199,0.996476016454404,2.67638717867163e-16,7.43964987710287,6.44959276916475,0.999589695022285,2.53856889464171,"Noise (LM.MAE)","Noise (HM.MAE)",14,1.65059938407369,0.00251999905965449,1.20950646656515,0.33018609348919,"HM","AICc",0.269076721131642,0.983600443878638,2.73255277688977e-12,0.814720127037707,0.33018609348919,0.987431652714771,0.713233091861058,"","",14,1.65059938407369,0.0176399934175815,1.22710761488598
"07-19-2023","Swamp Rd","HB JG NH","LGR #2",5,"5 4 branch 1","rm",4,"branch","16","50","25.3","50.9","17.5","43","2.353 s","2.358 s","22.7","A?","na","16:37:30","na","16:39:30","",6.36115124397021,"HM","",5.4017160515456,0.99777627336825,1.47333860172568e-29,7.05579033418156,6.36115124397021,0.999862805283048,1.75256309597253,"Noise (LM.MAE)","Noise (HM.MAE)",23,2.32920011316467,0.00211745464833151,1.17761673943414,0.73832731248285,"HM","",0.50541792412976,0.987057338550236,1.59308100784162e-21,1.60093485376462,0.73832731248285,0.998600462406093,0.526446385852945,"","",23,2.32920011316467,0.0148221825383206,1.46082534321298
"08-16-2023","EMS","JG","LGR #3",321071,"321071 0.5 stem 1","rm",0.5,"stem","35.5","0","20.3","90","18","sat","sat","sat","19.2","C5","","14:05:00","14:10:00","14:39:03","Check times",2.46283806639337,"HM","",1.47381842195207,0.980478628862184,0,15.2162783634806,2.46283806639337,0.99980290354239,1.52894792839745,"Noise (LM.MAE)","Noise (HM.MAE)",428,1.6779019767687,0.000787747406933664,1.67105935826976,5.72640188366678,"HM","",3.73888845667155,0.986793121689927,0,31.6490901744886,5.72640188366678,0.999929248670225,2.31647941390776,"Noise (LM.MAE)","Noise (HM.MAE)",428,1.6779019767687,0.00551423184853565,1.53157868977042
"08-16-2023","EMS","JG","LGR #3",321071,"321071 0.5 stem 2","rm",0.5,"stem","35.5","0","20.3","90","17.8","sat","sat","sat","19.3","C5","","14:41:50","14:41:34","14:44:53","",2.89109613324756,"HM","",2.41740278566348,0.997591669719369,0,5.62044117905049,2.89109613324756,0.999808253856094,1.5858996503935,"Noise (LM.MAE)","Noise (HM.MAE)",277,1.67765594234113,0.0012156927118414,1.19595135340843,0.974366827933149,"HM","",0.885401698458061,0.998239025267958,0,1.75970523067447,0.974366827933149,0.998874285079876,1.40694646906244,"","",277,1.67765594234113,0.00850984898288981,1.10047996251873
"08-16-2023","EMS","JG","LGR #3",321071,"321071 1.25 stem 1","rm",1.25,"stem","26.5","0","19.7","95.6","17.5","sat","sat","sat","19.5","C5","","14:47:06","14:46:50","14:50:07","",4.64167971524454,"HM","",4.15570262499662,0.999112682105126,6.53651958622915e-309,4.28490892973646,4.64167971524454,0.999961680198989,0.890458324888004,"Noise (LM.MAE)","Noise (HM.MAE)",203,1.67764062525401,0.00166103032203367,1.1169422199088,3.07206793053403,"HM","",2.83546678933851,0.99931843056322,1.99997773436537e-320,2.56207973056649,3.07206793053403,0.999762915658915,1.51108544459964,"Noise (LM.MAE)","",203,1.67764062525401,0.0116272122542357,1.08344345350302
"08-16-2023","EMS","JG","LGR #3",321071,"321071 1.25 stem 2","rm",1.25,"stem","26.5","0","19.9","94.4","17.7","sat","sat","sat","19.3","C5","","14:51:47","14:51:31","14:54:52","",2.94074201767663,"HM","",2.57043047041021,0.998503633351747,0,5.46539702340643,2.94074201767663,0.999779667608512,2.09720980821966,"Noise (LM.MAE)","Noise (HM.MAE)",321,1.67557935837186,0.00105051997390085,1.14406596542069,1.76973685884253,"HM","",1.62375184169394,0.999113405552788,0,2.65672652501297,1.76973685884253,0.999628120073732,1.72062297028172,"Noise (LM.MAE)","",321,1.67557935837186,0.00735363981730595,1.08990599018893
"08-16-2023","EMS","JG","LGR #3",321071,"321071 2 stem 1","rm",2,"stem","25","0","20","93.7","17.5","sat","sat","sat","19.5","C5","","14:58:57","14:58:41","15:01:59","",4.20814665526106,"HM","",3.5942811126111,0.998247198492248,0,8.27269261660245,4.20814665526106,0.999981619888131,0.847138839989555,"Noise (LM.MAE)","Noise (HM.MAE)",321,1.6765637831092,0.00104785236444325,1.17078951907688,1.68666561654342,"HM","",1.52010052209912,0.998893720595553,0,2.77864489431019,1.68666561654342,0.999645592466649,1.57272252546419,"Noise (LM.MAE)","",321,1.6765637831092,0.00733496655110274,1.10957505245396
"08-16-2023","EMS","JG","LGR #3",321071,"321071 2 stem 2","rm",2,"stem","25","0","20.5","93.6","17.5","sat","sat","sat","19.6","C5","","15:06:48","15:06:32","15:08:50","",3.85192314780254,"HM","",3.48575664185487,0.999228912880679,1.03250995049008e-238,2.53499935986502,3.85192314780254,0.999924451508858,0.793485559046145,"Noise (LM.MAE)","Noise (HM.MAE)",154,1.67619956835483,0.00219111054686906,1.10504649164287,1.40327687345583,"HM","",1.36938514204543,0.99830448447108,1.04993856536747e-212,1.4774242843905,1.40327687345583,0.998333188614663,1.46487818206497,"","",154,1.67619956835483,0.0153377738280834,1.02474959773536
"08-16-2023","EMS","JG","LGR #3",321071,"321071 4 stem 1","rm",4,"stem","22.5","0","21.2","86.6","17.5","sat","sat","sat","20","C5","","15:42:37","15:42:21","15:49:42","",3.75157064978091,"LM","MAE | AICc",3.75157064978091,0.999949643555904,0,2.17538265581721,3.81020285170536,0.999936132997066,2.4525389555976,"Noise (LM.MAE)","Noise (HM.MAE)",477,1.67446444920575,0.000705037662823472,1.01562870791941,0.193448202859103,"HM","",0.181865963841518,0.989743262541042,0,1.5127742941827,0.193448202859103,0.989999076418197,1.49379007994828,"","",477,1.67446444920575,0.0049352636397643,1.06368557795497
"08-16-2023","EMS","JG","LGR #3",321071,"321071 4 stem 2","rm",4,"stem","22.5","0","22.2","83.7","17.5","sat","sat","sat","20.2","C5","","15:51:17","15:51:01","15:54:19","",2.6032441301142,"LM","MAE | AICc",2.6032441301142,0.999856439710771,0,1.22748083024325,2.63693513637151,0.999778812011194,1.52577174925057,"Noise (LM.MAE)","Noise (HM.MAE)",230,1.67468082776206,0.00146260334302364,1.01294193113415,0.108928666672464,"HM","AICc",0.108234628052922,0.896942582922262,1.04749518703489e-114,1.44333196067639,0.108928666672464,0.896783321889192,1.44444776007209,"","",230,1.67468082776206,0.0102382234011655,1.00641235279344
"08-16-2023","EMS","JG","LGR #3",321071,"321071 6 stem 1","rm",6,"stem","20","0","21.5","86.2","17.5","sat","sat","sat","19.6","C5","","16:00:20","16:00:04","16:04:15","",2.39465025737787,"HM","",2.34769346858849,0.999924446723466,0,0.955289368215792,2.39465025737787,0.999950059682459,0.776669756415941,"Noise (LM.MAE)","Noise (HM.MAE)",273,1.6718600718712,0.00122930887637588,1.02000124352589,0.048360739172234,"HM","AICc",0.0480165006910173,0.733043324935152,6.57057815994194e-80,1.35552050562374,0.048360739172234,0.732939546111697,1.35578630291353,"","",273,1.6718600718712,0.00860516213463116,1.00716917051977
"08-16-2023","EMS","JG","LGR #3",321071,"321071 6 stem 2","rm",6,"stem","20","0","21.3","85.9","17.5","sat","sat","sat","19.7","C5","","16:08:32","16:08:16","16:13:34","",2.22712450763349,"HM","",2.13214604096883,0.999826036018324,0,1.48869282085859,2.22712450763349,0.999955028154355,0.756912678929716,"Noise (LM.MAE)","Noise (HM.MAE)",309,1.67306082844346,0.00108994190778076,1.04454594799777,0.0298690578297077,"HM","AICc",0.0297856887001018,0.528985344292393,2.44580964592835e-52,1.48558327304156,0.0298690578297077,0.528849677049522,1.48579920235519,"","",309,1.67306082844346,0.00762959335446529,1.00279896598818
"08-17-2023","EMS","JG","LGR #3",321071,"321071 16 stem 1","rm",16,"stem","7.5","0","19.9","87.7","17.5","sat","sat","sat","19","A10","","9:32:56","9:32:40","9:36:17","",2.46065063825977,"HM","",2.29751267992914,0.999565858030551,0,1.21742588381931,2.46065063825977,0.999887434081478,0.61991208775844,"Noise (LM.MAE)","Noise (HM.MAE)",210,2.36467967120149,0.00226285136000143,1.07100633644192,0.0924772455364332,"HM","AICc",0.0922079311722842,0.612327273346128,6.77184660043115e-45,1.86263254768131,0.0924772455364332,0.612173149001659,1.86300616837927,"Noise (LM.MAE)","Noise (HM.MAE)",210,2.36467967120149,0.01583995952001,1.00292072884323
"08-17-2023","EMS","JG","LGR #3",321071,"321071 16 stem 2","rm",16,"stem","7.5","0","19.6","88.6","17.5","sat","sat","sat","19.2","A10","","9:37:57","9:37:41","9:41:07","",1.21994035250992,"LM","g-fact. > 2",1.21994035250992,0.931522022040187,2.76155919701705e-137,9.3831685194354,2.90679100162133,0.990300915936703,3.53133902618439,"Noise (LM.MAE)","Noise (HM.MAE) | Exaggerated curvature (g-fact)",234,2.3608222717942,0.00202645688566026,2.38273207017118,0.048608459004698,"HM","AICc",0.0483808710545402,0.456060474437032,9.8431285294245e-33,1.49530430795342,0.048608459004698,0.455960566639977,1.49544279302289,"","",234,2.3608222717942,0.0141851981996218,1.00470408955435
"08-17-2023","EMS","JG","LGR #3",321071,"321071 16 leaf 1","rm",16,"leaf","na","50","19.3","89.8","17.5","sat","sat","sat","19.2","Leaf A","","9:43:49","9:43:33","9:47:47","",-0.822556453249418,"HM","",-0.650378997883384,0.995283536541921,4.39108545028339e-272,1.7889576104568,-0.822556453249418,0.999247587209688,0.714529062476491,"Noise (LM.MAE)","Noise (HM.MAE)",234,1.67716142040735,0.00143962353683034,1.26473403342724,-0.0176792761632673,"HM","AICc",-0.0176854435225526,0.162111844285512,9.39865707376718e-11,1.58906062033491,-0.0176792761632673,0.162051859678442,1.58911816573526,"","",234,1.67716142040735,0.0100773647578124,0.999651274830771
"08-17-2023","EMS","JG","LGR #3",321071,"321071 18 leaf 2","rm",18,"leaf","6.5","100","19.2","90.5","17.5","sat","sat","sat","19","Leaf B","","10:01:25","10:01:09","10:04:29","",-0.85969835972115,"HM","",-0.704124360492698,0.995968020773487,0,1.88135321001995,-0.85969835972115,0.998648580287234,1.08919670935393,"Noise (LM.MAE)","Noise (HM.MAE)",323,2.2050821843618,0.00137388298091078,1.22094676446018,0.0153684776488147,"HM","AICc",0.0153571907345666,0.173756537153652,3.14887570380767e-15,1.39604420081162,0.0153684776488147,0.17370044137695,1.39609210460264,"","",323,2.2050821843618,0.00961718086637544,1.00073495956671
"08-17-2023","EMS","JG","LGR #3",321071,"321071 18 stem 1","rm",18,"stem","6.5","0","19.7","88.6","17.5","sat","sat","sat","19","A10","","10:11:02","10:10:46","10:14:06","",3.92173490946971,"HM","",3.22629032772193,0.99732208305671,0,8.70917305472983,3.92173490946971,0.999961655897185,1.04214382356652,"Noise (LM.MAE)","Noise (HM.MAE)",429,2.36221106900955,0.0011064220463745,1.21555548667526,0.0314588223734234,"HM","",0.0163714220368885,0.21780776780422,8.27244242374368e-25,1.60948178457402,0.0314588223734234,0.225293634626637,1.60176160314691,"","",429,2.36221106900955,0.00774495432462149,1.92156932382169
"08-17-2023","EMS","JG","LGR #3",321071,"321071 18 stem 2","rm",18,"stem","6.5","0","19.7","88.5","17.5","sat","sat","sat","19.2","A10","","10:23:23","10:23:07","10:26:26","",4.52498862499308,"HM","",3.89413612494379,0.998388520799886,0,5.86339327692365,4.52498862499308,0.999967995088621,0.82631376426246,"Noise (LM.MAE)","Noise (HM.MAE)",309,2.36469500526126,0.00154051791873698,1.1620006285883,0.0205159075048825,"LM","g-fact. > 2",0.0205159075048825,0.168325051175393,3.39631300696865e-14,1.69556264548029,0.0472300422375515,0.174792343102714,1.68895724041627,"","Exaggerated curvature (g-fact)",309,2.36469500526126,0.0107836254311589,2.30211811133929
"08-17-2023","EMS","JG","LGR #3",321071,"321071 22 stem 1","rm",22,"stem","5","0","22.9","73.9","17.5","sat","sat","sat","20","A10","","10:47:10","10:46:54","10:50:45","",2.11710023720784,"HM","",1.86430762446849,0.998788347273972,0,1.89461249082647,2.11710023720784,0.999897671770663,0.55059091868035,"Noise (LM.MAE)","Noise (HM.MAE)",240,2.3582802927132,0.00197345631189389,1.13559597644805,0.0607229758898619,"HM","",0.0371366983156764,0.365581326025875,1.5600107725897e-25,1.42226276419881,0.0607229758898619,0.372202350565131,1.41482167246764,"","",240,2.3582802927132,0.0138141941832573,1.63512047769279
"08-17-2023","EMS","JG","LGR #3",321071,"321071 22 stem 2","rm",22,"stem","5","0","21","81.4","17.5","sat","sat","sat","20.4","A10","","10:52:26","10:52:10","10:55:16","",2.98050289563753,"HM","AICc",2.93759590280661,0.999912756596986,0,0.577868112623265,2.98050289563753,0.999878558479494,0.682568566607152,"Noise (LM.MAE)","Noise (HM.MAE)",174,2.36013131154165,0.00272847550467243,1.0146061589989,0.0599833995362358,"HM","AICc",0.0599136248093156,0.468471319134459,1.32680654611591e-25,1.33961344489115,0.0599833995362358,0.468328605530617,1.33979616610098,"","",174,2.36013131154165,0.019099328532707,1.00116458864144
"08-17-2023","EMS","JG","LGR #3",321071,"321071 22 leaf 1","rm",22,"leaf","na","100","20.7","84.6","17.5","sat","sat","sat","20.4","Leaf B","","10:56:36","10:56:20","11:00:00","",-0.982239070358599,"LM","MAE | AICc",-0.982239070358599,0.997876866703005,1.51938575852862e-285,1.25989165791167,-1.11532965980964,0.995063857878488,1.92197246683121,"Noise (LM.MAE)","Noise (HM.MAE)",214,2.20431775548836,0.00206978193003602,1.13549714470475,0.0154056838833487,"HM","AICc",0.0105484570010873,0.027739098313031,0.00840497732147472,1.60924512101444,0.0154056838833487,0.0300146582274552,1.60736081255979,"MDF (LM)","",214,2.20431775548836,0.0144884735102521,1.46046799847227
"08-17-2023","EMS","JG","LGR #3",321071,"321071 14 stem 1","rm",14,"stem","16.5","0","83.5","20.7","17.5","sat","sat","sat","19","B7","","11:15:42","11:15:26","11:17:55","",5.04421620053473,"HM","",4.91945959283833,0.999915478516253,2.65050137132432e-291,1.04759041626796,5.04421620053473,0.999958139791018,0.737239603032161,"Noise (LM.MAE)","Noise (HM.MAE)",144,1.77916015645051,0.00248833588314757,1.02535981957815,0.126891535241595,"LM","g-fact. > 2",0.126891535241595,0.764770781321458,1.09996361801572e-46,1.62823997805561,0.320019656889481,0.809540423821898,1.46512334204574,"","Exaggerated curvature (g-fact)",144,1.77916015645051,0.017418351182033,2.52199373488689
"08-17-2023","EMS","JG","LGR #3",321071,"321071 14 stem 2","rm",14,"stem","16.5","0","20.3","86.4","17.5","sat","sat","sat","19.3","B7","","11:18:45","11:18:29","11:22:16","",4.55753357231756,"LM","MAE | AICc | g-fact. < 0.5 | MDF (HM)",4.55753357231756,0.999936444531819,0,1.20788921025576,-3.71162356161914e-08,0.999936444417182,297.030172221636,"Noise (LM.MAE)","Noise (HM.MAE) | Exaggerated curvature (g-fact) | MDF (HM)",206,1.77872933601081,0.00173534569366908,-8.14393027001167e-09,0.0883381242265602,"HM","AICc",0.0881272815652501,0.799364901477575,2.65044123084763e-73,1.46683957301237,0.0883381242265602,0.799153538821205,1.46762250615136,"","",206,1.77872933601081,0.0121474198556836,1.00239247889604
"08-17-2023","EMS","JG","LGR #3",321071,"321071 11 stem 1","rm",11,"stem","17.5","0","20.4","85.4","17.5","sat","sat","sat","19.1","B7","","11:27:02","11:26:46","11:29:04","",4.93557929563589,"LM","MAE | AICc",4.93557929563589,0.999599291736631,2.03658472746706e-265,2.48361458389608,4.99837357937283,0.999502296410717,2.77060105892997,"Noise (LM.MAE)","Noise (HM.MAE)",157,1.78032746424918,0.00228247110801177,1.01272277882202,0.126578546156623,"HM","AICc",0.125747025434417,0.847145696628881,2.54929080534822e-65,1.34168922860797,0.126578546156623,0.847002972630415,1.34231604042788,"","",157,1.78032746424918,0.0159772977560824,1.00661264725216
"08-17-2023","EMS","JG","LGR #3",321071,"321071 11 stem 2","rm",11,"stem","17.5","0","20.5","84.4","17.5","sat","sat","sat","19","B7","","11:34:04","11:33:48","11:36:11","",4.23407543881462,"HM","",3.90988558336437,0.99935430125658,5.0140966381907e-219,2.20110814216668,4.23407543881462,0.999790586247359,1.25351348207479,"Noise (LM.MAE)","Noise (HM.MAE)",138,1.77889395399901,0.00259692548029052,1.08291543282739,0.0991086596627109,"HM","AICc",0.0985010221610326,0.739263886917158,9.63052282682605e-42,1.29391694734226,0.0991086596627109,0.739142788314054,1.29421998006402,"","",138,1.77889395399901,0.0181784783620337,1.00616884463072
"08-17-2023","EMS","JG","LGR #3",321071,"321071 8 stem 1","rm",8,"stem","18.5","0","21.1","81.6","17.5","sat","sat","sat","19","B7","","11:42:43","11:42:27","11:44:45","",3.60890648125768,"HM","",3.50325920257893,0.999836738587543,0,1.82653205037983,3.60890648125768,0.999896196490062,1.4564364581096,"Noise (LM.MAE)","Noise (HM.MAE)",253,1.77781419316591,0.00141096364536977,1.03015685468006,0.0807094651361218,"HM","",0.0608547199759431,0.731566925559646,7.42692103599402e-74,1.50295935440779,0.0807094651361218,0.735431947380063,1.49209997601517,"","",253,1.77781419316591,0.00987674551758839,1.32626467048123
"08-17-2023","EMS","JG","LGR #3",321071,"321071 8 stem 2","rm",8,"stem","18.5","0","21.2","81.7","17.5","sat","sat","sat","18.9","B7","","11:47:47","11:47:31","11:50:00","",6.906738985888,"HM","",5.52788034752591,0.996389484980743,1.53536728060246e-208,9.15423160928464,6.906738985888,0.999900001261556,1.52347235815178,"Noise (LM.MAE)","Noise (HM.MAE)",171,1.7786331645113,0.00209250960530741,1.24943713533511,0.062974793963443,"HM","AICc",0.0627915426250966,0.611795232724665,8.92886055981809e-37,1.37346443055366,0.062974793963443,0.611641309188921,1.37374038172272,"","",171,1.7786331645113,0.0146475672371518,1.00291840796842
"08-17-2023","EMS","JG","LGR #3",321071,"321071 5 stem 1","rm",5,"stem","21","0","21.2","83.6","17.5","sat","sat","sat","20.1","B7","","11:55:08","11:54:52","11:56:09","",3.09920439053402,"LM","MAE | AICc",3.09920439053402,0.999618047430825,8.67131859515828e-310,1.76956472959265,3.14794186977187,0.999608021988924,1.79297662916506,"Noise (LM.MAE)","Noise (HM.MAE)",182,1.7790200024483,0.00196576795850641,1.01572580349547,0.0941439681170101,"HM","",0.0482517853906224,0.46086902821511,3.74744937784341e-26,1.51950406635006,0.0941439681170101,0.475209828382275,1.49915857155611,"","",182,1.7790200024483,0.0137603757095449,1.95109812735151
"08-17-2023","EMS","JG","LGR #3",321071,"321071 5 stem 2","rm",5,"stem","21","0","20.8","84.9","17.5","sat","sat","sat","20","B7","","12:01:53","12:01:37","12:04:33","",3.38926226012508,"HM","",3.25639639812091,0.99984824092975,0,1.23163600579878,3.38926226012508,0.99995721917049,0.653927571135414,"Noise (LM.MAE)","Noise (HM.MAE)",190,1.77703832557555,0.00188046383658788,1.04080150134082,1.11264335596752,"HM","",0.911657864823354,0.993895942484092,2.49557365615813e-210,2.19330322296456,1.11264335596752,0.996683020749533,1.616816548444,"Noise (LM.MAE)","",190,1.77703832557555,0.0131632468561152,1.22046153376092
"08-17-2023","EMS","JG","LGR #3",321071,"321071 5 stem 3","rm",5,"stem","21","0","20.7","86.2","17.5","sat","sat","sat","20","B7","","12:06:03","12:05:47","12:08:04","",4.29301314729127,"HM","",4.14412197230128,0.999131172798861,1.61807426941229e-222,2.88712993851119,4.29301314729127,0.999215243690279,2.74389212787532,"Noise (LM.MAE)","Noise (HM.MAE)",146,1.77774570202976,0.00243526808497227,1.03592828010014,1.81702441123972,"HM","",1.17083583331003,0.981953805066874,1.17286271184838e-127,3.74969057959112,1.81702441123972,0.995929587446141,1.78082737932894,"Noise (LM.MAE)","",146,1.77774570202976,0.0170468765948059,1.55190365681145
"08-17-2023","EMS","JG","LGR #3",321071,"321071 1.25 stem 3","rm",1.25,"stem","26.5","0","21.7","81.3","18","sat","sat","sat","20","C5","","12:38:18","12:38:02","12:39:30","",2.60934992180981,"HM","",2.56744633662833,0.999818327263231,9.33031585288088e-238,0.760086886492905,2.60934992180981,0.999822756840608,0.750987665776207,"Noise (LM.MAE)","Noise (HM.MAE)",128,1.67575939038676,0.00261837404747932,1.01632111432424,2.13875907089499,"HM","",2.06044499839825,0.998777717435887,1.33867217195809e-185,1.58302641743904,2.13875907089499,0.99887280986175,1.52020075662999,"","",128,1.67575939038676,0.0183286183323552,1.0380083295393
"08-17-2023","EMS","JG","LGR #3",321071,"321071 2 stem 3","rm",2,"stem","25","0","21.7","82.6","18","sat","sat","sat","20.2","C5","","12:40:37","12:40:21","12:42:40","",3.38427948636323,"HM","AICc",3.33009393202077,0.999667992541986,6.7620389600325e-291,1.7529858711188,3.38427948636323,0.9996660525326,1.75812060709079,"Noise (LM.MAE)","Noise (HM.MAE)",168,1.67390357073075,0.00199274234610803,1.01627147925812,1.71531216188744,"HM","",1.67769567687577,0.998869306098945,1.00604305558765e-246,1.63044533245193,1.71531216188744,0.998897488244096,1.61005222958835,"","",168,1.67390357073075,0.0139491964227562,1.02242151871174
"08-17-2023","EMS","JG","LGR #3",321071,"321071 0.5 stem 3","rm",0.5,"stem","35.5","0","21.8","81.8","18","sat","sat","sat","20","C5","","12:45:09","12:44:53","12:47:10","",2.83610259481886,"HM","",2.7871913882572,0.999582505801042,5.30990146179541e-193,1.1163270757762,2.83610259481886,0.999598942922369,1.09429628799831,"Noise (LM.MAE)","Noise (HM.MAE)",115,1.67287949820458,0.00293487631263962,1.01754856403752,1.77512990323202,"HM","",1.66158758206422,0.997733971138086,1.70304046791354e-151,1.55186455453546,1.77512990323202,0.99803159294888,1.44636715563931,"","",115,1.67287949820458,0.0205441341884773,1.06833363609202
"08-17-2023","EMS","JG","LGR #3",321902,"321902 1.25 stem 1","hem",1.25,"stem","48","0","21.9","84","18.2","27.4","33.7","37.4","20.2","C5","","12:48:49","12:48:33","12:51:54","",1.19367905388266,"HM","",0.946718659196539,0.993172799373284,1.28454325160248e-139,1.74087486972918,1.19367905388266,0.996927476443817,1.16786820229799,"Noise (LM.MAE)","Noise (HM.MAE)",129,1.67178076626697,0.00261215744729214,1.26085932952427,0.194129264881145,"HM","AICc",0.164439236804066,0.856246634462724,1.49447439605889e-55,1.49341239593217,0.194129264881145,0.857670073770228,1.48600015043854,"","",129,1.67178076626697,0.018285102131045,1.18055318580963
"08-17-2023","EMS","JG","LGR #3",321902,"321902 1.25 stem 2","hem",1.25,"stem","48","0","21.9","84.1","18.2","27.4","33.7","37.4","20.1","C5","","12:52:52","12:52:36","12:55:04","",2.03776574973312,"HM","",1.85402512486509,0.998249622158405,2.5745985718026e-123,1.20003417556468,2.03776574973312,0.998879841866556,0.959991481426811,"Noise (LM.MAE)","Noise (HM.MAE)",90,1.67122705642014,0.00371383790315587,1.09910363263357,0.368658182256539,"HM","",0.232316174644175,0.815615974692808,2.79900626636107e-34,1.70523136071272,0.368658182256539,0.828639644152939,1.6439054786722,"","",90,1.67122705642014,0.0259968653220911,1.58688125276336
"08-17-2023","EMS","JG","LGR #3",321902,"321902 0.5 stem 1","hem",0.5,"stem","52","0","22","83","18.2","27.4","33.7","37.4","20","C5","","12:55:36","12:55:20","12:57:40","",1.68112061160819,"HM","",1.43922373000272,0.998010186749075,0,3.41646026705944,1.68112061160819,0.999718081046637,1.28597448596312,"Noise (LM.MAE)","Noise (HM.MAE)",310,1.67218800929489,0.00108583636967201,1.16807455058083,0.202910266228597,"HM","",0.124725896599967,0.939112678213501,1.86706750999615e-189,1.68820994034621,0.202910266228597,0.955373331898269,1.44530747515111,"","",310,1.67218800929489,0.00760085458770406,1.6268495297283
"08-17-2023","EMS","JG","LGR #3",321902,"321902 0.5 stem 2","hem",0.5,"stem","52","0","21.5","84.4","18.2","27.4","33.7","37.4","20.1","C5","","13:02:10","13:01:54","13:03:56","",0.711994016914629,"HM","",0.483936856550797,0.973518845666213,8.53671738112426e-89,1.5350560761846,0.711994016914629,0.984359645892658,1.17972037339207,"Noise (LM.MAE)","Noise (HM.MAE)",112,1.67321774906118,0.00298788883760925,1.47125396067016,0.042827788300012,"LM","g-fact. > 2",0.042827788300012,0.219029230452782,1.17350376082701e-07,1.53115391063072,0.114455694061365,0.272004486453747,1.47831100423642,"","Exaggerated curvature (g-fact)",112,1.67321774906118,0.0209152218632648,2.67246333757872
"08-17-2023","EMS","JG","LGR #3",321902,"321902 2 stem 1","hem",2,"stem","46","0","21.5","83.2","18.2","27.4","33.7","37.4","20.2","C5","","13:05:00","13:04:44","13:07:02","",1.90924030779365,"HM","",1.78364147928935,0.999364287872679,2.79572574769999e-272,1.32104752297066,1.90924030779365,0.999689443704224,0.923333009073475,"Noise (LM.MAE)","Noise (HM.MAE)",171,1.67247571046874,0.0019676184829044,1.07041708211133,0.186330430337873,"HM","",0.156860980836476,0.910987674679874,6.59564230511439e-91,1.43946904982854,0.186330430337873,0.912725065528898,1.42535165374498,"","",171,1.67247571046874,0.0137733293803308,1.18786985357511
"08-17-2023","EMS","JG","LGR #3",321902,"321902 2 stem 2","hem",2,"stem","46","0","21.5","85","18.2","27.4","33.7","37.4","20.1","C5","","13:08:56","13:08:40","13:14:09","",1.5854267749024,"HM","",1.21457032167055,0.994713064960597,0,6.80218250586778,1.5854267749024,0.999668774682376,1.70258207027977,"Noise (LM.MAE)","Noise (HM.MAE)",448,1.67240092105562,0.000749955569980098,1.30533963049728,0.0728666281986861,"LM","g-fact. > 2",0.0728666281986861,0.872456680022326,8.93741379454751e-202,2.13988144207567,0.185151487677271,0.931659350554684,1.56639181243451,"Noise (LM.MAE)","Exaggerated curvature (g-fact)",448,1.67240092105562,0.00524968898986069,2.54096411833984
"08-17-2023","EMS","JG","LGR #3",321902,"321902 9 stem 1","hem",9,"stem","34","0","23.5","77","18.2","27.4","33.7","37.4","20.2","C5","","13:35:19","13:35:03","13:39:23","",1.36036565751179,"HM","",1.31703589504641,0.999468309326315,0,1.24431006615136,1.36036565751179,0.999540695726936,1.15650985035391,"Noise (LM.MAE)","Noise (HM.MAE)",239,1.67295962625069,0.00141178027531704,1.03289945447071,0.035446351488716,"HM","AICc",0.0193747207498084,0.185463421858825,1.97124107609007e-12,1.64807709160377,0.035446351488716,0.191516430840163,1.64194205233514,"","",239,1.67295962625069,0.00988246192721929,1.82951547774265
"08-17-2023","EMS","JG","LGR #3",321902,"321902 9 stem 2","hem",9,"stem","34","0","23","76.2","18.2","27.4","33.7","37.4","19.8","C5","","13:40:31","13:40:15","13:43:33","",2.13448691617445,"HM","",1.74221765430823,0.996889490829536,0,4.66700442204513,2.13448691617445,0.999751121860499,1.32012739978307,"Noise (LM.MAE)","Noise (HM.MAE)",280,1.67345090371745,0.00120392151346579,1.22515514114795,0.0308185964236314,"HM","AICc",0.0304735034826303,0.434644528596983,1.63461740726683e-36,1.66284612050118,0.0308185964236314,0.434619340149345,1.66288355838493,"","",280,1.67345090371745,0.00842745059426056,1.01132436056123
"08-17-2023","EMS","JG","LGR #3",321902,"321902 9 branch 1","hem",9,"branch","7.5","50","22.1","79.8","18.2","27.4","33.7","37.4","20.5","A10","","13:52:51","13:52:35","13:55:16","",0.657351563275325,"LM","g-fact. > 2",0.657351563275325,0.906933974711011,2.21375946750157e-77,3.77128372345891,1.93770559309884,0.996734236689358,0.706457396409898,"Noise (LM.MAE)","Noise (HM.MAE) | Exaggerated curvature (g-fact)",148,2.35270169323008,0.00320095468466678,2.94774623101831,0.0878744774387834,"HM","AICc",0.0878718839204836,0.4087722958543,1.3451324320106e-18,1.88406462120967,0.0878744774387834,0.408634553153495,1.88428745957055,"Noise (LM.MAE)","Noise (HM.MAE)",148,2.35270169323008,0.0224066827926675,1.00002951476837
"08-17-2023","EMS","JG","LGR #3",321902,"321902 11 leaf 1","hem",11,"leaf","na","200","22","78.9","18.2","27.4","33.7","37.4","na","Leaf B","","14:02:46","14:02:30","14:05:47","",-0.653223547399669,"LM","MAE | AICc",-0.653223547399669,0.99265670826605,8.85030255656855e-250,1.71242597012616,-0.713215954172184,0.988659612228044,2.12856679796169,"Noise (LM.MAE)","Noise (HM.MAE)",234,2.20222023357952,0.00189031779706396,1.09184054526407,0.0070164292496825,"LM","HM.flux is NA",0.0070164292496825,0.00950842282687769,0.0733037517609258,1.81447869090843,NA,NA,NA,"MDF (LM)","HM.flux is NA",234,2.20222023357952,0.0132322245794477,NA
"08-17-2023","EMS","JG","LGR #3",321902,"321902 15 stem 1","hem",15,"stem","27","0","21.9","78.6","18.2","27.4","33.7","37.4","20.3","C5","","14:16:03","14:15:47","14:19:06","",1.57104145701958,"HM","",1.34412916986549,0.997893916671283,2.84037286941944e-291,2.30735922731495,1.57104145701958,0.999557096630672,1.05811270953523,"Noise (LM.MAE)","Noise (HM.MAE)",218,1.67258260991072,0.00154155079254444,1.16881732220483,0.0246941387830565,"HM","AICc",0.0135324425937177,0.115724390980372,1.57116942493799e-07,1.3737997673986,0.0246941387830565,0.12293375966572,1.36818811274943,"","",218,1.67258260991072,0.0107908555478111,1.82481016357834
"08-17-2023","EMS","JG","LGR #3",321902,"321902 15 stem 2","hem",15,"stem","27","0","22","79.4","18.2","27.4","33.7","37.4","20.3","C5","","14:22:24","14:22:08","14:25:26","",1.3702757418975,"HM","",1.17966646159819,0.997280341022508,9.12977568095913e-241,1.98563208976012,1.3702757418975,0.99883637402056,1.29881788999423,"Noise (LM.MAE)","Noise (HM.MAE)",188,1.67165459883177,0.0017878658811035,1.16157896024362,0.0355084782365001,"HM","AICc",0.0354444239166876,0.346157416094565,4.10229085003179e-19,1.56228209491877,0.0355084782365001,0.346057615473594,1.56240260924273,"","",188,1.67165459883177,0.0125150611677245,1.00180717621376
"08-17-2023","EMS","JG","LGR #3",321902,"321902 15 branch 1","hem",15,"branch","5.5","15","21.8","79.7","18.2","27.4","33.7","37.4","21.5","A10","","14:27:50","14:27:34","14:30:32","",2.25023364807506,"LM","g-fact. > 2",2.25023364807506,0.955803792359637,4.48182966833202e-124,10.7547128902,4.84614555451572,0.998950988990589,1.6569001654366,"Noise (LM.MAE)","Noise (HM.MAE) | Exaggerated curvature (g-fact)",182,2.351831130184,0.00259870843114255,2.15361882916527,0.0269531239780518,"HM","AICc",0.026837595743504,0.127736563596459,4.36335944655731e-07,1.53033596558263,0.0269531239780518,0.127711527798053,1.53035821531083,"","",182,2.351831130184,0.0181909590179978,1.00430471625148
"08-17-2023","EMS","JG","LGR #3",321902,"321902 15 leaf 1","hem",15,"leaf","na","75","21.4","81.8","18.2","27.4","33.7","37.4","21.5","Leaf A","","14:35:40","14:35:24","14:37:44","",0.203833323075334,"HM","AICc",0.20252719942948,0.988448095254042,1.22835618910701e-140,0.542519909867536,0.203833323075334,0.988287450946061,0.546319034436909,"Noise (LM.MAE)","Noise (HM.MAE)",145,1.67055472723365,0.00232021489893562,1.00644912707791,0.00534905901263441,"LM","HM.flux is NA",0.00534905901263441,0.000686279143143786,0.296277886775821,1.51733402970718,NA,NA,NA,"MDF (LM)","HM.flux is NA",145,1.67055472723365,0.0162415042925493,NA
"08-17-2023","EMS","JG","LGR #3",321902,"321902 6 leaf 1","hem",6,"leaf","na","200","21.5","82.9","18.2","27.4","33.7","37.4","20","Leaf A","","14:47:58","14:47:42","14:50:59","",-0.0265787281801057,"HM","AICc",-0.0265008321895884,0.631258971414158,3.03309059349076e-43,0.664721646140074,-0.0265787281801057,0.630742645094149,0.665186963149672,"Noise (LM.MAE)","Noise (HM.MAE)",192,1.66901492566205,0.00174765960802308,1.00293937903384,9.03842660074929e-05,"LM","HM.flux is NA",9.03842660074929e-05,-0.00525794888682607,0.975001580962186,1.30852014956728,NA,NA,NA,"MDF (LM)","HM.flux is NA",192,1.66901492566205,0.0122336172561616,NA
"08-17-2023","EMS","JG","LGR #3",321902,"321902 6 stem 1","hem",6,"stem","37","0","21.5","83.3","18.2","27.4","33.7","37.4","20","C5","","14:53:21","14:53:05","14:56:23","",1.64208888430944,"HM","",1.21786335664812,0.992914599269147,4.74483094762624e-244,4.00636596031108,1.64208888430944,0.999234298260538,1.31703775601857,"Noise (LM.MAE)","Noise (HM.MAE)",227,1.66920482102199,0.00147717240798406,1.34833589938111,0.0250704190401481,"HM","AICc",0.0211529246725312,0.253597209822954,3.22062234623914e-16,1.40413139908427,0.0250704190401481,0.254245904747354,1.40352110476413,"","",227,1.66920482102199,0.0103402068558884,1.18519871026176
"08-17-2023","EMS","JG","LGR #3",321902,"321902 6 stem 2","hem",6,"stem","37","0","21.5","81.7","18.2","27.4","33.7","37.4","19.9","C5","","15:00:13","14:59:57","15:03:37","",1.47905058778536,"HM","",1.39938483651892,0.999604923456803,0,1.13089882544217,1.47905058778536,0.99981319897348,0.777629557504629,"Noise (LM.MAE)","Noise (HM.MAE)",237,1.66887068940271,0.00141429719440907,1.05692912284559,0.0206646921856752,"HM","AICc",0.0206146172630275,0.234570169175755,1.45993553210529e-15,1.50338504136379,0.0206646921856752,0.234509439478356,1.50344548512171,"","",237,1.66887068940271,0.0099000803608635,1.00242909785851
"08-17-2023","EMS","JG","LGR #3",300607,"300607 16 stem 1","ro",16,"stem","8.5","0","23.1","73.6","18.2","19.5","23.1","25.4","22.2","A10","","15:36:59","15:36:43","15:40:42","",4.07606083221957,"HM","",3.03264053486588,0.993717335549236,2.04529147541604e-244,6.54653436277063,4.07606083221957,0.999911485961666,0.777043974092579,"Noise (LM.MAE)","Noise (HM.MAE)",222,2.34152800688097,0.00211902987048052,1.34406329578386,0.07008715312024,"LM","g-fact. > 2",0.07008715312024,0.555669059011994,7.70141769753325e-41,1.69846086752615,0.14854433305139,0.578185471455151,1.6548667649707,"","Exaggerated curvature (g-fact)",222,2.34152800688097,0.0148332090933636,2.1194231244712
"08-17-2023","EMS","JG","LGR #3",300607,"300607 16 stem 2","ro",16,"stem","8.5","0","23.1","73.6","18.2","19.5","23.1","25.4","22.2","A10","","15:42:07","15:41:51","15:45:08","",4.20848676658405,"HM","",3.40293872599124,0.996771919337962,2.03244810455687e-297,5.66579900134096,4.20848676658405,0.999957074853362,0.653348454566751,"Noise (LM.MAE)","Noise (HM.MAE)",239,2.33885286348579,0.0019654225743578,1.23672128870265,0.0729534610551502,"HM","AICc",0.0724472321639216,0.608428483937434,2.24743346450598e-50,1.69813367726427,0.0729534610551502,0.608333128347591,1.69834208989423,"","",239,2.33885286348579,0.0137579580205046,1.00698755323162
"08-17-2023","EMS","JG","LGR #3",300607,"300607 16 leaf 1","ro",16,"leaf","na","100","23.2","73.4","18.2","19.5","23.1","25.4","22.2","Leaf B","","15:50:19","15:50:03","15:53:43","",-2.81027477653557,"HM","",-1.80093274765803,0.988925265070172,1.24104828763344e-249,6.38339284059129,-2.81027477653557,0.998237588871825,2.59950984223411,"Noise (LM.MAE)","Noise (HM.MAE)",255,2.18308758883322,0.00172576093978911,1.560455147584,0.0231385361036742,"LM","g-fact. > 2",0.0231385361036742,0.190430495508344,1.68686717812083e-13,1.58478025381254,0.0552140397124166,0.203298281441208,1.57213507848791,"","Exaggerated curvature (g-fact)",255,2.18308758883322,0.0120803265785237,2.38623737755168
"08-17-2023","EMS","JG","LGR #3",300607,"300607 12 leaf 1","ro",12,"leaf","na","100","21.7","80.5","18.2","19.5","23.1","25.4","20.1","Leaf B","","16:00:10","15:59:54","16:02:58","",-0.745954122843652,"LM","MAE | AICc",-0.745954122843652,0.996058952081403,5.93312927430903e-215,1.10501345179645,-0.811735154461173,0.993234522414057,1.44812459903389,"Noise (LM.MAE)","Noise (HM.MAE)",179,2.18166195947397,0.00245130557244266,1.08818374964771,0.0183831515974036,"HM","AICc",0.0164688206184033,0.0686268302185884,0.000233161764926475,1.37726912067831,0.0183831515974036,0.0686741293087725,1.37723414844301,"MDF (LM)","",179,2.18166195947397,0.0171591390070986,1.11623971280986
"08-17-2023","EMS","JG","LGR #3",300607,"300607 12 stem 1","ro",12,"stem","15","0","21.7","80.5","18.2","19.5","23.1","25.4","20.1","B7","","16:05:33","16:05:17","16:08:08","",2.42194533214852,"HM","",2.17907462376983,0.998940598569898,1.07657119804848e-232,1.81599091757019,2.42194533214852,0.99972567185354,0.924099168054292,"Noise (LM.MAE)","Noise (HM.MAE)",157,1.760572182471,0.00225714382368077,1.11145589312519,0.139007695450932,"HM","",0.0979842412934427,0.736455537012277,5.89867151490645e-47,1.49828683316455,0.139007695450932,0.743387183351411,1.47845185557556,"","",157,1.760572182471,0.0158000067657654,1.41867399916516
"08-17-2023","EMS","JG","LGR #3",300607,"300607 12 stem 2","ro",12,"stem","15","0","21.7","80.6","18.2","19.5","23.1","25.4","20.1","B7","","16:09:29","16:09:13","16:13:47","",2.45600997031392,"HM","",1.9979258855999,0.996551318106976,1.6948370793242e-312,4.85635643484911,2.45600997031392,0.999599193048075,1.65558548035946,"Noise (LM.MAE)","Noise (HM.MAE)",254,1.76131770589813,0.00139234601256769,1.22927981864376,0.409264718282011,"HM","",0.373301685073816,0.991216642275304,2.43902558849257e-261,1.45196368495011,0.409264718282011,0.991802277119076,1.40272354093937,"","",254,1.76131770589813,0.00974642208797385,1.09633771998935
"08-17-2023","EMS","JG","LGR #3",300607,"300607 9 stem 1","ro",9,"stem","16.5","0","21.5","81.3","18.2","19.5","23.1","25.4","20.4","B7","","16:18:19","16:18:03","16:20:22","",1.99876336516253,"HM","",1.7481529390544,0.998458685523221,1.05141726615872e-225,1.80285039921359,1.99876336516253,0.999724248951005,0.762557590227829,"Noise (LM.MAE)","Noise (HM.MAE)",161,1.76507703629693,0.00219264228111419,1.14335726612323,0.0292027791231389,"HM","AICc",0.0290929624446301,0.215523031644926,3.33053720053251e-10,1.44061656542728,0.0292027791231389,0.215478629688654,1.44065782995997,"","",161,1.76507703629693,0.0153484959677994,1.00377468189146
"08-17-2023","EMS","JG","LGR #3",300607,"300607 9 stem 2","ro",9,"stem","16.5","0","21.6","80.5","18.2","19.5","23.1","25.4","20.5","B7","","16:22:15","16:21:59","16:25:06","",2.6325914461069,"HM","",2.40601403009475,0.999233673960521,5.17062985134191e-281,1.95608502196611,2.6325914461069,0.99979635351102,1.00836879982735,"Noise (LM.MAE)","Noise (HM.MAE)",181,1.76293932104295,0.0019588214678255,1.09417127796351,0.138721590954484,"HM","",0.091414413561539,0.776816446764448,2.07702879170496e-60,1.43733327727239,0.138721590954484,0.78639152584349,1.40616286840767,"","",181,1.76293932104295,0.0137117502747785,1.51750238884483
"08-17-2023","EMS","JG","LGR #3",300607,"300607 8 leaf 1","ro",8,"leaf","na","150","21.8","80.3","18.2","19.5","23.1","25.4","na","Leaf B","","16:27:55","16:27:39","16:32:00","",-1.10958864822183,"LM","MAE | AICc",-1.10958864822183,0.999264020205677,0,0.966387953466893,-1.32396143939219,0.996544219694365,2.09578573509093,"Noise (LM.MAE)","Noise (HM.MAE)",245,2.18662206090237,0.00179231316467407,1.19320023822693,0.0419940534760873,"HM","",0.0212229171632795,0.179867907991011,2.45357828991164e-12,1.44094395514114,0.0419940534760873,0.187850477721928,1.43391425721429,"","",245,2.18662206090237,0.0125461921527185,1.97871259417375
"08-17-2023","EMS","JG","LGR #3",300607,"300607 7 stem 1","ro",7,"stem","20","0","21.9","79.9","18.2","19.5","23.1","25.4","20.7","C5","","16:41:24","16:41:08","16:44:04","",1.80502396529339,"HM","",1.35089592320694,0.992631833701094,3.69100934407185e-179,3.3587461229749,1.80502396529339,0.998504823912485,1.51301641518692,"Noise (LM.MAE)","Noise (HM.MAE)",168,1.66066939413316,0.00198882562171636,1.33616804543193,0.0733761647066565,"HM","",0.0507041291823324,0.519550950826137,1.95038264940273e-28,1.40324385318065,0.0733761647066565,0.525720675226366,1.39420480714069,"","",168,1.66066939413316,0.0139217793520145,1.44714377093028
"08-17-2023","EMS","JG","LGR #3",300607,"300607 7 stem 2","ro",7,"stem","20","0","21.8","80","18.2","19.5","23.1","25.4","20.4","C5","","16:45:48","16:45:32","16:47:54","",2.00204976255925,"HM","",1.93187845234676,0.999559224155272,1.1640468338407e-233,0.977242615400162,2.00204976255925,0.999646475583085,0.875191742594024,"Noise (LM.MAE)","Noise (HM.MAE)",140,1.6618337039531,0.0023911276315872,1.03632283911405,0.0899235871565025,"HM","AICc",0.0886920456669448,0.68062166584876,3.11395391718486e-36,1.46107109183637,0.0899235871565025,0.680582216864933,1.46116209563067,"","",140,1.6618337039531,0.0167378934211104,1.01388559120828
"08-17-2023","EMS","JG","LGR #3",300607,"300607 5 stem 1","ro",5,"stem","20","0","22","80.3","18.2","19.5","23.1","25.4","20.4","C5","","16:50:30","16:50:14","16:52:47","",1.59275810980512,"HM","",1.39535320410655,0.99841937501224,3.3077527702335e-205,1.40179351673384,1.59275810980512,0.999636943643543,0.671825753382549,"Noise (LM.MAE)","Noise (HM.MAE)",147,1.66179940936433,0.00227643754707442,1.14147307299514,0.122036812848013,"HM","",0.0767960855793631,0.57877852965794,3.13820178607427e-29,1.65007131059291,0.122036812848013,0.586871521311143,1.63414289626288,"","",147,1.66179940936433,0.015935062829521,1.58910199559451
"08-17-2023","EMS","JG","LGR #3",300607,"300607 5 stem 2","ro",5,"stem","20","0","21.6","83.5","18.2","19.5","23.1","25.4","20.5","C5","","16:55:52","16:55:36","17:01:15","",1.86378907992208,"HM","",1.51107401921708,0.996738614730934,0,5.02017772001417,1.86378907992208,0.999823838836082,1.16673741439053,"Noise (LM.MAE)","Noise (HM.MAE)",336,1.66008911604148,0.000991097979726254,1.23342010796252,0.0911860201544979,"HM","",0.0583006802527988,0.840791497722317,1.54373740269344e-135,1.47304139918838,0.0911860201544979,0.852299902189328,1.41880338423807,"","",336,1.66008911604148,0.00693768585808378,1.56406442873573
"08-17-2023","EMS","JG","LGR #3",300607,"300607 3 stem 1","ro",3,"stem","21","0","21.7","81.7","18.2","19.5","23.1","25.4","20","C5","","17:04:12","17:03:56","17:06:47","",2.01533668064527,"HM","",1.9546845944518,0.999555521327149,0,1.43741573949695,2.01533668064527,0.99961861396154,1.33149434922395,"Noise (LM.MAE)","Noise (HM.MAE)",202,1.6615528636888,0.00165328643153114,1.03102909101838,0.0524382246132757,"HM","AICc",0.0508919460725338,0.542481567249899,5.07288723401146e-36,1.62643166137315,0.0524382246132757,0.542513107591664,1.62637559926044,"","",202,1.6615528636888,0.011573005020718,1.03038356085928
"08-17-2023","EMS","JG","LGR #3",300607,"300607 3 stem 2","ro",3,"stem","21","0","21.8","82.6","18.2","19.5","23.1","25.4","19.9","C5","","17:08:36","17:08:20","17:10:36","",1.96480828477688,"LM","MAE | AICc",1.96480828477688,0.99880946381269,2.24160563653203e-224,1.81066068330399,1.9839666394244,0.998700248901537,1.89265072120761,"Noise (LM.MAE)","Noise (HM.MAE)",154,1.6600012444699,0.00215584577203883,1.00975075013473,0.0990900145539852,"HM","",0.0653997973388082,0.588730680800252,2.39658543939134e-31,1.45572933315661,0.0990900145539852,0.596436405213578,1.44202725231355,"","",154,1.6600012444699,0.0150909204042718,1.51514253233298
"08-17-2023","EMS","JG","LGR #3",300607,"300607 0.5 stem 1","ro",0.5,"stem","24","0","20.4","90.2","18.2","19.5","23.1","25.4","19.6","C5","","17:39:59","17:39:43","17:42:19","",2.32209719892139,"HM","",1.9614718834562,0.997892231079903,2.3034732966585e-244,2.8470525982559,2.32209719892139,0.99987898608572,0.682184184748648,"Noise (LM.MAE)","Noise (HM.MAE)",183,1.6564670318153,0.00182029344155528,1.18385444038573,2.26735403225768,"HM","",2.10121046381242,0.999017841267373,2.23153385400685e-274,2.08074493986535,2.26735403225768,0.999413843038908,1.60744073352238,"Noise (LM.MAE)","",183,1.6564670318153,0.012742054090887,1.07907040789422
"08-17-2023","EMS","JG","LGR #3",300607,"300607 0.5 stem 2","ro",0.5,"stem","24","0","20.4","90.4","18.2","19.5","23.1","25.4","19.7","C5","","17:43:28","17:43:12","17:46:29","",1.80659901166586,"HM","",1.17708495807092,0.985856790544251,0,8.60838148235362,1.80659901166586,0.999414294504508,1.75181067096613,"Noise (LM.MAE)","Noise (HM.MAE)",353,1.65629936572197,0.0009437603223487,1.53480766131497,-0.0167123064515803,"HM","AICc",-0.016715883041409,0.269081716844814,6.32789999181244e-26,1.67574467514737,-0.0167123064515803,0.26898478048495,1.67585719300552,"","",353,1.65629936572197,0.0066063222564409,0.999786036440923
"08-17-2023","EMS","JG","LGR #3",300607,"300607 1.25 stem 1","ro",1.25,"stem","22","0","20.5","90.1","18.2","19.5","23.1","25.4","19.9","C5","","17:28:49","17:28:33","17:31:53","",3.63479869746154,"HM","",3.42704123917764,0.999626089330641,0,2.24749198002018,3.63479869746154,0.999861608489442,1.36731616004069,"Noise (LM.MAE)","Noise (HM.MAE)",196,1.65807252553901,0.00170058720568104,1.06062298168719,1.09464338274588,"LM","MAE | AICc",1.09464338274588,0.995821114421572,6.09048682795672e-233,2.40448270041905,1.10153213289398,0.995642442682948,2.45578524389032,"Noise (LM.MAE)","Noise (HM.MAE)",196,1.65807252553901,0.0119041104397673,1.00629314556383
"08-17-2023","EMS","JG","LGR #3",300607,"300607 1.25 stem 2","ro",1.25,"stem","22","0","20.4","91.2","18.2","19.5","23.1","25.4","20","C5","","17:33:18","17:33:02","17:36:26","",2.07418770579691,"HM","",1.74381767200043,0.99777201319003,0,4.17549470074579,2.07418770579691,0.999884166689315,0.952068866954223,"Noise (LM.MAE)","Noise (HM.MAE)",293,1.65796038851333,0.00113558930720091,1.18945216526995,0.0866059901305538,"HM","",0.0448865197250294,0.690593793535045,2.53638666755525e-76,1.52126214752948,0.0866059901305538,0.715125782329184,1.4597084476366,"","",293,1.65796038851333,0.00794912515040638,1.92944319722478
"08-17-2023","EMS","JG","LGR #3",300607,"300607 2 stem 1","ro",2,"stem","21","0","21","88.1","18.2","19.5","23.1","25.4","19.9","C5","","17:23:46","17:23:30","17:26:45","",1.9600295710069,"LM","MAE | AICc",1.9600295710069,0.99965826730084,0,1.17557393772738,1.98940196595294,0.999584271399034,1.29671627526231,"Noise (LM.MAE)","Noise (HM.MAE)",188,1.6578688411388,0.00177312175522866,1.01498568969597,0.108649766472843,"HM","",0.0799015005729031,0.766616416775546,6.87439667541728e-61,1.42895331306507,0.108649766472843,0.771831535159886,1.41289763499923,"","",188,1.6578688411388,0.0124118522866006,1.35979632039213
"08-17-2023","EMS","JG","LGR #3",300607,"300607 2 stem 2","ro",2,"stem","21","0","21","88","18.2","19.5","23.1","25.4","20.1","C5","","17:20:53","17:20:37","17:22:53","",1.95984384264609,"HM","",1.85080532620092,0.998485484368215,7.65084578482814e-218,1.93643073503177,1.95984384264609,0.998716516748886,1.78262580867279,"Noise (LM.MAE)","Noise (HM.MAE)",155,1.66012209043852,0.00214209301992067,1.05891409263933,0.0461598118103228,"HM","AICc",0.0398613872657262,0.364737180755357,5.37377651988343e-17,1.40531724977533,0.0461598118103228,0.365360390202315,1.40462775413482,"","",155,1.66012209043852,0.0149946511394447,1.15800816219992
