"Date","Site","Researchers","Analyzer","Tree_Tag","UniqueID","Species","Height_m","Type","DBH_cm","Distance_cm","Air_Temp_C","Humidity_RH","Soil_Temp_C","VWC_1","VWC_2","VWC_3","Stem_Temp_C","ChamberID","Vol_L","comp_start_time","start_time","comp_end_time","Notes","CO2_best.flux","CO2_model","CO2_quality.check","CO2_LM.flux","CO2_LM.r2","CO2_LM.p.val","CO2_LM.RMSE","CO2_HM.flux","CO2_HM.r2","CO2_HM.RMSE","CO2_LM.diagnose","CO2_HM.diagnose","CO2_nb.obs","CO2_flux.term","CO2_MDF","CO2_g.fact","CH4_best.flux","CH4_model","CH4_quality.check","CH4_LM.flux","CH4_LM.r2","CH4_LM.p.val","CH4_LM.RMSE","CH4_HM.flux","CH4_HM.r2","CH4_HM.RMSE","CH4_LM.diagnose","CH4_HM.diagnose","CH4_nb.obs","CH4_flux.term","CH4_MDF","CH4_g.fact"
"07-18-2023","Swamp Rd","HB JG NH","LGR #1",2,"2 10.5 stem 1","bg",11.7,"stem","15","0","26.1","73.3","na","na","na","na","27.7","C5","0.76","11:46:45","11:10:00","11:56:45","",2.00595683724893,"HM","",1.38296522120346,0.98978792740949,0,10.4432098935642,2.00595683724893,0.999678470235846,1.85305219015364,"Noise (LM.MAE)","Noise (HM.MAE)",408,1.57371589969876,0.000775229507240769,1.4504752588813,0.16776386644353,"HM","",0.10707791486528,0.771843245448607,1.43767316520383e-132,4.3265003647635,0.16776386644353,0.784781102919316,4.2020409473546,"Noise (LM.MAE)","Noise (HM.MAE)",408,1.57371589969876,0.00542660655068538,1.56674573514625
"07-18-2023","Swamp Rd","HB JG NH","LGR #1",2,"2 10.5 stem 2","bg",11.7,"stem","15","0","26.1","73.3","na","na","na","na","27.7","C5","0.76","12:00:00","na","12:08:00","",3.52994563324021,"HM","",2.76415415965123,0.99557028233041,0,12.261610026636,3.52994563324021,0.999800152082933,2.60440960918675,"Noise (LM.MAE)","Noise (HM.MAE)",365,1.57389123914715,0.000867157707519089,1.27704369197903,0.359821086081694,"HM","",0.246441210849079,0.962996822906094,3.53459055090287e-262,3.21242742189263,0.359821086081694,0.973307625550147,2.72839611018571,"Noise (LM.MAE)","Noise (HM.MAE)",365,1.57389123914715,0.00607010395263362,1.46006865021471
"07-18-2023","Swamp Rd","HB JG NH","LGR #1",2,"2 10.5 leaf 1","bg",11.7,"leaf","na","na","26.1","73.3","na","na","na","na","27.7","leaf A","0.76","12:09:00","na","12:14:00","",-0.269619690095112,"LM","MAE | AICc",-0.269619690095112,0.998269885766586,0,1.04879758579008,-0.307036697558024,0.996751357702747,1.43754251088101,"Noise (LM.MAE)","Noise (HM.MAE)",250,0.767286303220285,0.000618779276790552,1.13877698416504,-0.00336058250858425,"HM","AICc | MDF",-0.00253455940206053,0.000714570624363642,0.278806173790103,3.44308295473275,-0.00336058250858425,0.000746568260286185,3.4430278296436,"Noise (LM.MAE) | MDF (LM)","Noise (HM.MAE) | MDF (HM)",250,0.767286303220285,0.00433145493753387,1.3259040233392
"07-18-2023","Swamp Rd","HB JG NH","LGR #1",2,"2 10.5 leaf 2","bg",11.7,"leaf","na","na","27.9","65","na","na","na","na","27.7","leaf A","0.76","12:27:00","na","12:30:00","Leaf sample #3",-0.673163069938025,"LM","MAE | AICc",-0.673163069938025,0.998713457661317,1.98883532059287e-259,1.62413321564244,-0.824583195353217,0.996719612677832,2.5959896968039,"Noise (LM.MAE)","Noise (HM.MAE)",180,0.764745983324503,0.000854464785837433,1.22493825371189,0.00416547180131415,"HM","AICc | MDF",0.0031776605216619,0.000638417369216882,0.292569034510092,2.70728888131971,0.00416547180131415,0.000839073786352285,2.70701707671585,"Noise (LM.MAE) | MDF (LM)","Noise (HM.MAE) | MDF (HM)",180,0.764745983324503,0.00598125350086203,1.31086117378443
"07-18-2023","Swamp Rd","HB JG NH","LGR #1",2,"2 11.7 stem 1","bg",11.7,"leaf (shaded)","na","na","27.9","65","na","na","na","na","27.7","leaf A","0.76","12:56:15","na","13:04:00","",4.41243374047172,"HM","",2.81529271776878,0.985032444595576,0,23.4191121853515,4.41243374047172,0.999439669578245,4.53124026461686,"Noise (LM.MAE)","Noise (HM.MAE)",369,1.56872836916665,0.000854892844232508,1.56730904485439,0.371065119927089,"HM","",0.224807618139522,0.930710959351071,4.78481557669839e-215,4.13902096231259,0.371065119927089,0.947071557363152,3.61751140942941,"Noise (LM.MAE)","Noise (HM.MAE)",369,1.56872836916665,0.00598424990962756,1.65058961523624
"07-18-2023","Swamp Rd","HB JG NH","LGR #1",2,"2 11.7 stem 2","bg",10.5,"stem","15.5","0","26.1","73.3","na","na","na","na","24.8","C5","0.76","13:07:00","na","13:14:00","",3.59320637354287,"HM","",2.43567053093984,0.989087587620568,0,17.9292557590453,3.59320637354287,0.999865546115338,1.99016257402309,"Noise (LM.MAE)","Noise (HM.MAE)",384,1.57153101323956,0.000822791106408148,1.47524319397845,0.334885350721618,"HM","",0.238375948810239,0.955793086585681,4.92183649206735e-261,3.59257906113382,0.334885350721618,0.963931619171644,3.24507367362395,"Noise (LM.MAE)","Noise (HM.MAE)",384,1.57153101323956,0.00575953774485704,1.40486216161097
"07-18-2023","Swamp Rd","HB JG NH","LGR #1",2,"2 11.7 leaf 1","bg",10.5,"stem","15.5","0","26.1","73.3","na","na","na","na","24.4","C5","0.76","13:15:00","na","13:19:00","",-0.638084553946343,"HM","",-0.501781188418029,0.993156805527823,9.48729968710112e-233,3.35158678798115,-0.638084553946343,0.997372826389476,2.07666008367766,"Noise (LM.MAE)","Noise (HM.MAE)",215,0.766848814324507,0.000716681134882717,1.27163905039573,-0.000918315084343404,"HM","AICc | MDF",-0.000917986075376962,-0.00431266486270832,0.776152289421202,3.79560878582135,-0.000918315084343404,-0.00431303955160245,3.79560949392866,"Noise (LM.MAE) | MDF (LM)","Noise (HM.MAE) | MDF (HM)",215,0.766848814324507,0.00501676794417902,1.00035840300334
"07-18-2023","Swamp Rd","HB JG NH","LGR #1",2,"2 11.7 leaf 2","bg",10.5,"leaf","na","90","26.1","73.3","na","na","na","na","24.4","leaf A","0.76","13:24:00","na","13:28:15","leaf sample #1",-0.403134474213233,"LM","MAE | AICc",-0.403134474213233,0.997193179176985,2.61594103238256e-266,1.67953990228936,-0.469755665958658,0.992897400268458,2.6738470025773,"Noise (LM.MAE)","Noise (HM.MAE)",209,0.764180963848368,0.00073833909550567,1.1652579871157,-0.00188757940359622,"HM","AICc | MDF",-0.00187855445638625,-0.00343379843307812,0.591943829970496,3.96299486190336,-0.00188757940359622,-0.00343443123213882,3.96299611333171,"Noise (LM.MAE) | MDF (LM)","Noise (HM.MAE) | MDF (HM)",209,0.764180963848368,0.00516837366853969,1.00480419781247
"07-18-2023","Swamp Rd","HB JG NH","LGR #1",2,"2 11.7 leaf_s 1","bg",10.5,"leaf","na","180","26.1","73.3","na","na","na","na","27.7","leaf A","0.76","13:28:30","na","13:31:30","leaf sample #2",0.352535778938939,"HM","AICc",0.347028414563777,0.992900540593155,2.09002651912593e-193,1.98481426587221,0.352535778938939,0.992882381548797,1.98737751038053,"Noise (LM.MAE)","Noise (HM.MAE)",180,0.759899526052915,0.000849049749779793,1.01587006753348,-0.00936643783783029,"HM","AICc",-0.00929432773741261,0.0220353666416618,0.0260987151539967,3.74909103548241,-0.00936643783783029,0.0220306303821657,3.74910011905391,"Noise (LM.MAE)","Noise (HM.MAE)",180,0.759899526052915,0.00594334824845855,1.00775850631213
"07-18-2023","Swamp Rd","HB JG NH","LGR #1",2,"2 9.1 branch 1","bg",9.1,"branch","8","15","29.5","62.3","na","na","na","na","26","Stem A","0.15","13:52:15","na","13:57:15","",1.32154097292307,"HM","",0.681212359299104,0.965942021309612,4.81381184499572e-265,7.04268616065345,1.32154097292307,0.997993396118142,1.70946307738113,"Noise (LM.MAE)","Noise (HM.MAE)",360,1.87694660406348,0.00104565270421364,1.93998384627489,0.48237693937106,"HM","",0.247387260204304,0.909452986295644,5.11387724735406e-189,4.29741498845419,0.48237693937106,0.939733883154708,3.50595900063093,"Noise (LM.MAE)","Noise (HM.MAE)",360,1.87694660406348,0.00731956892949545,1.94988593581047
"07-18-2023","Swamp Rd","HB JG NH","LGR #1",2,"2 9.1 leaf 1","bg",9.1,"leaf","na","50","29.5","62.3","na","na","na","na","25.5","leaf A","0.76","14:01:30","na","14:06:30","Leaf sample #4",-0.318746598937351,"LM","MAE | AICc",-0.318746598937351,0.997210641650461,0,1.74941918939414,-0.3783634544504,0.994427943333383,2.47428816214498,"Noise (LM.MAE)","Noise (HM.MAE)",275,0.759834277795916,0.000554623560434975,1.18703526786419,0.00279716239160774,"HM","AICc | MDF",0.00203960530388458,0.000631098192193646,0.279735163285301,3.23488372404105,0.00279716239160774,0.00121177094173197,3.23394378996877,"Noise (LM.MAE) | MDF (LM)","Noise (HM.MAE) | MDF (HM)",275,0.759834277795916,0.00388236492304483,1.37142337602297
"07-18-2023","Swamp Rd","HB JG NH","LGR #1",2,"2 7 leaf 1","bg",7,"leaf","na","100","28.6","63","na","na","na","na","25.6","leaf A","0.76","14:14:30","na","14:18:00","leaf sample #5",-0.241544936089522,"LM","MAE | AICc",-0.241544936089522,0.994061905107379,7.94810184353364e-225,1.41540300961887,-0.262709383784178,0.993646470084973,1.46410294669365,"Noise (LM.MAE)","Noise (HM.MAE)",202,0.762303962864182,0.000758511405835007,1.0876211608378,0.0032883525149452,"HM","AICc | MDF",0.00237125062597745,-0.00225228831965074,0.459878530173602,3.44219300268002,0.0032883525149452,-0.00156564741706844,3.44101368111979,"Noise (LM.MAE) | MDF (LM)","Noise (HM.MAE) | MDF (HM)",202,0.762303962864182,0.00530957984084505,1.38675873352262
"07-18-2023","Swamp Rd","HB JG NH","LGR #1",2,"2 1.7 stem 1","bg",1.7,"stem","30.5","0","26.4","76.7","na","na","na","na","25.5","C5","0.76","15:18:15","na","15:20:15","",2.64087404320099,"HM","",2.228392978886,0.996751559743713,6.89213389041545e-149,2.80289166728976,2.64087404320099,0.998795541027331,1.70673021148529,"Noise (LM.MAE)","Noise (HM.MAE)",120,1.54656502585388,0.00259926895101493,1.18510247888197,0.514721563121668,"HM","AICc",0.482597507130538,0.86469967391458,2.66809572036904e-53,4.20332538759955,0.514721563121668,0.864974404707269,4.19905573892561,"Noise (LM.MAE)","Noise (HM.MAE)",120,1.54656502585388,0.0181948826571045,1.06656490246321
"07-18-2023","Swamp Rd","HB JG NH","LGR #1",2,"2 1.25 stem 1","bg",1.25,"stem","32.5","0","26.4","76.7","na","na","na","na","25.5","C5","0.76","15:21:00","na","15:23:00","",3.57534688566981,"HM","",2.421301994014,0.974790014078331,1.3605441849128e-107,9.58046008084138,3.57534688566981,0.986796100144947,6.93347852795608,"Noise (LM.MAE)","Noise (HM.MAE)",134,1.55031067865509,0.00233129425361668,1.47662162526974,0.439970985598234,"HM","AICc",0.436567141484601,0.831822681930711,3.66572102116386e-53,4.82656759792582,0.439970985598234,0.83169425263058,4.82842603997916,"Noise (LM.MAE)","Noise (HM.MAE)",134,1.55031067865509,0.0163190597753168,1.00779683991346
"07-18-2023","Swamp Rd","HB JG NH","LGR #1",2,"2 0.5 stem 1","bg",0.5,"stem","34","0","26.4","76.7","na","na","na","na","25.5","C5","0.76","15:24:00","na","15:26:00","",2.97275771445123,"HM","",1.99640262363461,0.98500091625438,1.72925563472693e-143,7.1247204437315,2.97275771445123,0.996301298548855,3.53801852262517,"Noise (LM.MAE)","Noise (HM.MAE)",157,1.54866423963994,0.00198546697389735,1.48905720682689,0.218489650960712,"LM","g-fact. > 2",0.218489650960712,0.747361058936812,2.21431346372928e-48,3.67005518076222,0.515215192708099,0.80299707185898,3.24084894070861,"Noise (LM.MAE)","Noise (HM.MAE) | Exaggerated curvature (g-fact)",157,1.54866423963994,0.0138982688172815,2.35807595665363
"07-19-2023","Swamp Rd","HB JG NH","LGR #1",4,"4 14.2 leaf 1","hem",14.2,"leaf","na","70","24.4","69.3","na","38.4","33.3","17.1","20.9","leaf A","0.76","10:41:00","10:04:00","10:47:00","leaf sample #6",-2.27271173070602,"HM","",-1.31625075664964,0.974942998312819,2.95940574296719e-255,11.1991120731697,-2.27271173070602,0.997446765523847,3.57490404853723,"Noise (LM.MAE)","Noise (HM.MAE)",318,1.7188769781663,0.00108446497045193,1.72665559295931,-0.0137568247222546,"LM","g-fact. > 2",-0.0137568247222546,0.0164141654173576,0.0126421667986303,5.18329438330028,-0.0353829085694053,0.0231894387383275,5.16541138789181,"Noise (LM.MAE)","Noise (HM.MAE) | Exaggerated curvature (g-fact)",318,1.7188769781663,0.00759125479316349,2.57202583326992
"07-19-2023","Swamp Rd","HB JG NH","LGR #1",4,"4 12 leaf 1","hem",12,"leaf","na","50","25","65.2","na","38.4","33.3","17.1","20","leaf A","0.76","11:21:00","na","11:24:00","Leaf sample #7",-0.685063384354731,"LM","MAE | AICc",-0.685063384354731,0.998456253866097,1.04575474257694e-277,0.890941740129737,-0.758012843395333,0.997275045341454,1.1838978765738,"Noise (LM.MAE)","Noise (HM.MAE)",198,1.72099251336401,0.00174720052118174,1.10648570731789,0.00127762150535782,"HM","AICc | MDF",0.00117377320096813,-0.00489919278132955,0.842540914784057,2.73944097214028,0.00127762150535782,-0.00488339745988231,2.73941944235844,"Noise (LM.MAE) | MDF (LM)","Noise (HM.MAE) | MDF (HM)",198,1.72099251336401,0.0122304036482722,1.0884739098695
"07-19-2023","Swamp Rd","HB JG NH","LGR #1",4,"4 9.1 stem 1","hem",9.1,"stem","23.5","0","25.8","61.1","na","38.4","33.3","17.1","23.5","C5","0.76","12:07:00","na","12:17:00","",1.74651678554919,"HM","",1.29258482386843,0.993240026646476,0,6.26090203678211,1.74651678554919,0.999637430866133,1.44997271868588,"Noise (LM.MAE)","Noise (HM.MAE)",326,1.59311687395054,0.000980379614738797,1.35118156526257,0.0187929058710934,"HM","AICc",0.0186811283799908,0.0843533647934679,5.57536405522413e-08,3.55482896807691,0.0187929058710934,0.0843387634833431,3.55485756257402,"Noise (LM.MAE)","Noise (HM.MAE)",326,1.59311687395054,0.00686265730317157,1.00598344429892
"07-19-2023","Swamp Rd","HB JG NH","LGR #1",4,"4 9.1 stem 2","hem",9.1,"stem","23.5","0","25.8","61.1","na","38.4","33.3","17.1","23.5","C5","0.76","12:20:00","na","12:25:00","",1.86347201079698,"HM","",1.33707933957441,0.990881295394102,6.52117157418778e-241,5.43642364246718,1.86347201079698,0.998854583192045,1.92676387330111,"Noise (LM.MAE)","Noise (HM.MAE)",236,1.59374257538518,0.00135637665990228,1.39368843391906,-0.00499843203401776,"HM","AICc | MDF",-0.00500165287392933,-0.00206423944984757,0.473311116281729,4.52451781065708,-0.00499843203401776,-0.00206505512669275,4.52451966256399,"Noise (LM.MAE) | MDF (LM)","Noise (HM.MAE) | MDF (HM)",236,1.59374257538518,0.00949463661931598,0.999356044893008
"07-19-2023","Swamp Rd","HB JG NH","LGR #1",4,"4 5.6 stem 1","hem",5.6,"stem","27.5","0","24.1","65","na","38.4","33.3","17.1","21.1","C5","0.76","12:28:30","na","12:35:30","",1.43554531286383,"HM","",1.19147896998373,0.996909948791797,0,4.39126341844586,1.43554531286383,0.999355796805396,2.00501713584406,"Noise (LM.MAE)","Noise (HM.MAE)",368,1.5944539865289,0.000871286331436558,1.20484318148178,0.00190087166960007,"HM","AICc | MDF",0.00190332218820127,-0.00187073920101821,0.57514101289637,4.30261773603443,0.00190087166960007,-0.00187123835423297,4.30261881988931,"Noise (LM.MAE) | MDF (LM)","Noise (HM.MAE) | MDF (HM)",368,1.5944539865289,0.0060990043200559,0.998712504579416
"07-19-2023","Swamp Rd","HB JG NH","LGR #1",4,"4 5.6 stem 2","hem",5.6,"stem","27.5","0","24.1","65","na","38.4","33.3","17.1","21.1","D2","2.3","12:37:00","na","12:41:30","",1.97852379276916,"HM","",1.94424408159963,0.998948918018836,0,2.0502641834398,1.97852379276916,0.998966195053353,2.03346173911804,"Noise (LM.MAE)","Noise (HM.MAE)",245,2.16144545039252,0.0017716765986824,1.01763138254808,0.00716993698547071,"HM","AICc | MDF",0.00717839626371323,-0.00115224571535255,0.397248997302963,4.2985123918568,0.00716993698547071,-0.00115342224924508,4.2985149498692,"Noise (LM.MAE) | MDF (LM)","Noise (HM.MAE) | MDF (HM)",245,2.16144545039252,0.0124017361907768,0.998821564325547
"07-19-2023","Swamp Rd","HB JG NH","LGR #1",4,"4 3 stem 1","hem",3,"stem","29.7","0","25.2","60.3","na","38.4","33.3","17.1","20.7","D2","2.3","12:50:00","na","12:53:00","",0.500704728076219,"HM","",0.305037125892801,0.855547648272901,1.03853195190703e-80,3.13964083869512,0.500704728076219,0.865596395484056,3.02846890718488,"Noise (LM.MAE)","Noise (HM.MAE)",189,2.16291337351235,0.00230097167394931,1.64145504128629,0.0767371424117898,"LM","g-fact. > 2",0.0767371424117898,0.25226850186055,1.07976342201556e-13,3.28497507212516,0.165853235285071,0.268929924635196,3.24816994969541,"Noise (LM.MAE)","Noise (HM.MAE) | Exaggerated curvature (g-fact)",189,2.16291337351235,0.0161068017176452,2.16131628143074
"07-19-2023","Swamp Rd","HB JG NH","LGR #1",5,"5 2 stem 1","rm",2,"stem","na","0","na","na","17.5","43","2.353 s","2.358 s","na","S6","2.3","15:28:00","na","15:32:00","",5.87225007028273,"HM","",5.5602018626722,0.999698107150646,0,3.70880071292493,5.87225007028273,0.99990472491604,2.08351559095229,"Noise (LM.MAE)","Noise (HM.MAE)",286,2.13669456404973,0.00150471448172516,1.05612174077805,0.386531551710187,"HM","AICc",0.363510733594155,0.955193816302061,9.07757717102701e-194,3.02173182725171,0.386531551710187,0.95544461862529,3.01326289725361,"Noise (LM.MAE)","Noise (HM.MAE)",286,2.13669456404973,0.0105330013720761,1.06332912893223
"07-19-2023","Swamp Rd","HB JG NH","LGR #1",5,"5 1 stem 1","rm",1,"stem","na","0","na","na","17.5","43","2.353 s","2.358 s","na","S6","2.3","15:58:00","na","16:02:00","",6.3030377615826,"HM","",6.12265088170996,0.999255053059766,0,5.13617466953849,6.3030377615826,0.999312701962714,4.93343790360112,"Noise (LM.MAE)","Noise (HM.MAE)",229,2.13293924015647,0.00187099933347059,1.02946221879342,0.561133914447447,"HM","AICc",0.550032865782425,0.973473796774535,3.97797442752906e-181,2.78942447916455,0.561133914447447,0.973491125079456,2.78852061270599,"Noise (LM.MAE)","Noise (HM.MAE)",229,2.13293924015647,0.0130969953342941,1.02018251881955
"07-19-2023","Swamp Rd","HB JG NH","LGR #1",5,"5 1 stem 2","rm",1,"stem","na","0","na","na","17.5","43","2.353 s","2.358 s","na","S6","2.3","16:10:30","na","16:15:00","",2.70349829331711,"HM","",2.54610238903848,0.998257706796759,0,4.0224883385465,2.70349829331711,0.998501661653704,3.73026014088735,"Noise (LM.MAE)","Noise (HM.MAE)",281,2.13076815958652,0.00152197725684751,1.06181837185977,0.530158987471977,"HM","AICc",0.525202465829419,0.953753219232127,1.78250095965665e-188,4.37313513339999,0.530158987471977,0.953624530769712,4.37928009948364,"Noise (LM.MAE)","Noise (HM.MAE)",281,2.13076815958652,0.0106538407979326,1.00943735409682
"07-19-2023","Swamp Rd","HB JG NH","LGR #1",5,"5 0.5 stem 1","rm",0.5,"stem","na","0","na","na","17.5","43","2.353 s","2.358 s","na","S6","2.3","16:23:30","na","16:28:30","",3.0974454546788,"HM","",2.46450691064028,0.995944087928897,0,6.93679515228268,3.0974454546788,0.99952847461027,2.36519605213468,"Noise (LM.MAE)","Noise (HM.MAE)",328,2.13195695075139,0.00130794904954073,1.25682157404626,0.489737748033334,"HM","",0.319536944847879,0.935158676122054,5.94919965523567e-196,3.71076173358783,0.489737748033334,0.947905041217657,3.32609754800642,"Noise (LM.MAE)","Noise (HM.MAE)",328,2.13195695075139,0.0091556433467851,1.5326482772328
"07-18-2023","Swamp Rd","HB JG NH","LGR #2",2,"2 10.5 branch 1","bg",10.5,"branch","6","15","26.1","73.3","na","na","na","na","26","Stem A","0.15","11:17:00","11:15:00","11:22:00","",0.558977442114546,"LM","g-fact. > 2",0.558977442114546,0.91784517759094,1.84356960216015e-28,12.8810677616864,1.53845806035056,0.999876177362204,0.500075249214711,"Noise (LM.MAE)","Noise (HM.MAE) | Exaggerated curvature (g-fact)",51,1.8795768801238,0.000754850152660159,2.75227217493922,0.0561820403437551,"LM","g-fact. > 2",0.0561820403437551,0.907339864090184,3.53482139079615e-27,1.38270669575942,0.126266893405681,0.963688375457273,0.865578457314407,"","Exaggerated curvature (g-fact)",51,1.8795768801238,0.00528395106862111,2.24746008925815
"07-18-2023","Swamp Rd","HB JG NH","LGR #2",2,"2 10.5 branch 2","bg",10.5,"branch","6","15","26.1","73.3","na","na","na","na","24.4","Stem A","0.15","11:30:00","na","11:35:00","",0.0883566518424979,"LM","g-fact. > 2",0.0883566518424979,0.698807094473567,5.05240117957619e-06,1.61642936812455,0.597394004047592,0.97001004560274,0.510061173802581,"Noise (LM.MAE)","Noise (HM.MAE) | Exaggerated curvature (g-fact)",19,1.87780735711461,0.00208645261901623,6.76116615546377,0.0263848702627924,"LM","g-fact. > 2",0.0263848702627924,0.602111024632393,5.71138007400424e-05,0.593991951537818,0.0624911830081542,0.716728970903928,0.501188027131462,"","Exaggerated curvature (g-fact)",19,1.87780735711461,0.0146051683331136,2.36844761356581
"07-18-2023","Swamp Rd","HB JG NH","LGR #2",2,"2 10.5 branch 3","bg",10.5,"branch","5","150","26.1","73.3","na","na","na","na","27.7","Stem A","0.15","11:50:00","na","?","",0.754490369761043,"LM","g-fact. > 2",0.754490369761043,0.933907931518942,1.22203754313191e-23,11.7714287028974,1.81609679359476,0.998640830600523,1.6880732914016,"Noise (LM.MAE)","Noise (HM.MAE) | Exaggerated curvature (g-fact)",39,1.88085038454719,0.000992533184457621,2.40705099280451,-0.00032228796088653,"HM","AICc | MDF",-0.000307028571943412,-0.0258505514979113,0.837926468117408,0.539358083100264,-0.00032228796088653,-0.0257864530431831,0.539341232419783,"MDF (LM)","MDF (HM)",39,1.88085038454719,0.00694773229120335,1.04970022446618
"07-18-2023","Swamp Rd","HB JG NH","LGR #2",2,"2 10.5 branch 4","bg",10.5,"branch","5","135","26.1","73.3","na","na","na","na","27.7","Stem A","0.15","12:08:15","na","12:11:00","",0.622159084208782,"LM","g-fact. > 2",0.622159084208782,0.943039558423139,1.71426048364487e-13,4.76524544314699,1.39277654241284,0.999806990041972,0.27738850450973,"Noise (LM.MAE)","Exaggerated curvature (g-fact)",21,1.87893822455377,0.00187893822455377,2.23861802835215,-0.01611913271097,"HM","AICc",-0.0161304763116158,0.250419480473461,0.0121525740058649,0.812369383511622,-0.01611913271097,0.250312572225979,0.812428066325831,"","",21,1.87893822455377,0.0131525675718764,0.999296759721989
"07-18-2023","Swamp Rd","HB JG NH","LGR #2",2,"2 11.7 branch 1","bg",11.7,"branch","5.5","5","26.1","73.3","na","na","na","na","27.7","Stem A","0.15","12:26:15","na","12:36:00","",6.94998300365892,"HM","",3.74624818179361,0.969315576514275,2.75411536682466e-28,37.1309748973352,6.94998300365892,0.999977601035955,1.00320880303256,"Noise (LM.MAE)","Noise (HM.MAE)",37,1.87991089859624,0.00104730412178064,1.85518488535681,0.581978690282469,"HM","",0.347832833214352,0.978257855384292,6.60509708142804e-31,2.88911847466201,0.581978690282469,0.999386084304324,0.485476854977354,"Noise (LM.MAE)","",37,1.87991089859624,0.00733112885246446,1.67315628287403
"07-18-2023","Swamp Rd","HB JG NH","LGR #2",2,"2 11.7 branch 2","bg",11.7,"branch","5.5","25","26.1","73.3","na","na","na","na","27.7","Stem A","0.15","12:36:30","na","12:46:40","",1.89131252517406,"LM","g-fact. > 2",1.89131252517406,0.939536745996047,9.6802966216271e-24,27.404501435637,4.51431944674479,0.998621201586365,4.13834348799723,"Noise (LM.MAE)","Noise (HM.MAE) | Exaggerated curvature (g-fact)",38,1.88056095528938,0.00101927423050915,2.3868712265464,0.1831067445769,"HM","",0.0917761853448424,0.950940511602865,2.23692362873654e-25,1.19085630600224,0.1831067445769,0.989885877486788,0.540706957982625,"","",38,1.88056095528938,0.00713491961356404,1.9951444254181
"07-18-2023","Swamp Rd","HB JG NH","LGR #2",2,"2 9.1 stem 1","bg",9.1,"stem","19.5","0","29.5","62.3","na","na","na","na","25.5","C5","0.76","13:06:45","na","13:16:45","",2.82873386121003,"HM","",2.13873095787068,0.994039899592052,3.22004927496792e-45,12.2575748726139,2.82873386121003,0.99993757254208,1.25448534406887,"Noise (LM.MAE)","Noise (HM.MAE)",41,1.5691126143709,0.000786522613719749,1.32262258176985,0.598634952205237,"HM","",0.448408897010673,0.993409513543215,2.28789549538451e-44,2.70326644555157,0.598634952205237,0.999672238181699,0.602850045342152,"Noise (LM.MAE)","",41,1.5691126143709,0.00550565829603824,1.33502023754669
"07-18-2023","Swamp Rd","HB JG NH","LGR #2",2,"2 9.1 stem 2","bg",9.1,"stem","19.5","0","29.5","62.3","na","na","na","na","25.5","C5","0.76","13:19:45","na","13:29:45","",2.70977450807322,"HM","",2.04327624442736,0.993708101199522,5.68407451203874e-47,12.6161048187319,2.70977450807322,0.999673164234901,2.87540624415265,"Noise (LM.MAE)","Noise (HM.MAE)",43,1.57120353710122,0.000749977822005355,1.32619097171203,0.898206857991796,"HM","",0.761070416472567,0.997767773392629,3.37244799206315e-56,2.79342596437182,0.898206857991796,0.999786324540784,0.86426186065307,"Noise (LM.MAE)","",43,1.57120353710122,0.00524984475403749,1.18018890046316
"07-18-2023","Swamp Rd","HB JG NH","LGR #2",2,"2 7 stem 1","bg",7,"stem","24","0","28.6","63","na","na","na","na","25.6","C5","0.76","13:37:30","na","13:44:00","",1.98410070203418,"HM","",1.49555407388571,0.993168504248615,1.27975401719572e-38,8.06553915887521,1.98410070203418,0.999162859183603,2.82341528455489,"Noise (LM.MAE)","Noise (HM.MAE)",36,1.56577961228392,0.000897294906752963,1.32666597395516,1.80451447818814,"HM","",1.54456548418989,0.9978181420644,4.78054769083842e-47,4.6968622116026,1.80451447818814,0.99959656878719,2.01966496999605,"Noise (LM.MAE)","Noise (HM.MAE)",36,1.56577961228392,0.00628106434727074,1.16829910849302
"07-18-2023","Swamp Rd","HB JG NH","LGR #2",2,"2 7 stem 2","bg",7,"stem","24","0","28.6","63","na","na","na","na","25.6","C5","0.76","13:49:15","na","13:52:45","",1.67353927021882,"HM","",1.31550114782211,0.995403540544611,3.88688843590668e-32,4.51691117024181,1.67353927021882,0.999894975944784,0.682769676325458,"Noise (LM.MAE)","Noise (HM.MAE)",28,1.5603925818275,0.00115584635690926,1.27216861269141,1.92409162338601,"HM","",1.6153063521612,0.997578531669424,9.34755648691059e-36,4.02139335677895,1.92409162338601,0.999940261375482,0.631632937349519,"Noise (LM.MAE)","",28,1.5603925818275,0.00809092449836479,1.19116204849419
"07-18-2023","Swamp Rd","HB JG NH","LGR #2",2,"2 4.5 stem 1","bg",4.5,"stem","26","0","29.8","60.4","na","na","na","na","26.2","C5","0.76","14:12:00","na","14:14:00","",2.08487864967574,"HM","",1.77179840576198,0.997642123263014,5.16194432511719e-16,1.97024045880445,2.08487864967574,0.999902125781013,0.401414299265177,"Noise (LM.MAE)","Noise (HM.MAE)",13,1.55315221920392,0.00258858703200654,1.17670195598755,1.21602018921697,"HM","",1.0882955552007,0.998453514212982,5.07239463060232e-17,0.979720964347847,1.21602018921697,0.999500502700869,0.556795872165351,"","",13,1.55315221920392,0.0181201092240458,1.11736208367837
"07-18-2023","Swamp Rd","HB JG NH","LGR #2",2,"2 4.5 stem 2","bg",4.5,"stem","26","0","29.8","60.4","na","na","na","na","26.2","C5","0.76","14:14:45","na","14:16:45","",3.53620728551728,"HM","",2.21158561659108,0.974981285739352,1.51223416067971e-09,7.4879493710501,3.53620728551728,0.993536941414281,3.80583058660589,"Noise (LM.MAE)","Noise (HM.MAE)",12,1.55542936889289,0.00280257543944664,1.5989465924308,1.2991549657246,"HM","AICc",1.2680230037582,0.999191240931882,5.28890860288552e-17,0.763356108617044,1.2991549657246,0.999242710225837,0.738666919456814,"","",12,1.55542936889289,0.0196180280761265,1.02455157506932
"07-18-2023","Swamp Rd","HB JG NH","LGR #2",2,"2 3 stem 1","bg",3,"stem","28","0","29.9","56.8","na","na","na","na","25.8","C5","0.76","14:18:30","na","14:20:30","",2.08816240518648,"HM","AICc",2.05863927367332,0.999611194170008,4.82172910169747e-22,0.999350718448547,2.08816240518648,0.999614261080371,0.995519015418835,"Noise (LM.MAE)","Noise (HM.MAE)",14,1.55687993812725,0.00239519990481115,1.01434109020007,1.02829664347683,"HM","AICc",1.01402378123355,0.998774543972304,4.72864193328228e-19,0.874250971940215,1.02829664347683,0.998744825098681,0.884796590704468,"","",14,1.55687993812725,0.0167663993336781,1.01407547091837
"07-18-2023","Swamp Rd","HB JG NH","LGR #2",2,"2 3 stem 2","bg",3,"stem","28","0","29.9","56.8","na","na","na","na","25.8","C5","0.76","14:21:00","na","14:23:00","",2.58706472800241,"HM","",1.57040129243298,0.976869580425142,1.00041265007016e-14,7.74480909833069,2.58706472800241,0.997739602983797,2.42109217803078,"Noise (LM.MAE)","Noise (HM.MAE)",18,1.55689037272223,0.00183163573261439,1.64739085510707,0.833540976355194,"HM","",0.735177406120738,0.995960337611601,8.58939959109916e-21,1.50148400985193,0.833540976355194,0.997240368904504,1.24100545663692,"","",18,1.55689037272223,0.0128214501283007,1.13379569259818
"07-19-2023","Swamp Rd","HB JG NH","LGR #2",4,"4 14.2 stem 1","hem",14.2,"stem","13","0","24.4","69.3","na","38.4","33.3","17.1","20.9","B5","na","9:54:45","9:52:00","10:04:00","dbh est",1.04219795246566,"LM","g-fact. > 2",1.04219795246566,0.959737707136279,6.35291676796225e-27,14.4184470927288,2.11272900889338,0.999794035926992,1.0312523997639,"Noise (LM.MAE)","Noise (HM.MAE) | Exaggerated curvature (g-fact)",38,1.59143621459797,0.00086256705398264,2.02718591405312,0.0275935890981901,"LM","g-fact. > 2",0.0275935890981901,0.638607591667547,1.09218033316529e-09,1.39227798704803,0.0647071858578619,0.697787933098523,1.27318743697554,"","Exaggerated curvature (g-fact)",38,1.59143621459797,0.00603796937787848,2.34500795194149
"07-19-2023","Swamp Rd","HB JG NH","LGR #2",4,"4 14.2 stem 2","hem",14.2,"stem","13","0","24.4","69.3","na","38.4","33.3","17.1","20.9","B5","na","10:12:00","na","10:17:00","dbh est",3.03312708712824,"HM","",2.02298268195257,0.986450161947095,2.5787813366238e-21,9.58439789084168,3.03312708712824,0.999808630164923,1.13902832449494,"Noise (LM.MAE)","Noise (HM.MAE)",23,1.59239457927206,0.00144763143570188,1.49933418322726,0.0227000097786388,"LM","g-fact. > 2",0.0227000097786388,0.388758371712526,0.000881926909302432,1.11194112415014,0.069447753573195,0.575261248115596,0.926907238684005,"","Exaggerated curvature (g-fact)",23,1.59239457927206,0.0101334200499131,3.05937108619868
"07-19-2023","Swamp Rd","HB JG NH","LGR #2",4,"4 12 stem 1","hem",12,"stem","21","0","25","65.2","na","38.4","33.3","17.1","20","C5","0.76","10:43","na","10:53:00","",0.686105183995076,"LM","g-fact. > 2",0.686105183995076,0.956163305368985,2.59456594868712e-28,10.6720242639959,1.4388034869934,0.999676810914444,0.916339160354783,"Noise (LM.MAE)","Noise (HM.MAE) | Exaggerated curvature (g-fact)",41,1.59787558130831,0.000800940141006672,2.097059635398,-0.0277512036021075,"HM","AICc",-0.022277404493252,0.897971869619834,3.80927799021314e-21,0.545041079114563,-0.0277512036021075,0.901559506411288,0.535372627526769,"","",41,1.59787558130831,0.00560658098704671,1.24571081027476
"07-19-2023","Swamp Rd","HB JG NH","LGR #2",4,"4 12 stem 2","hem",12,"stem","21","0","25","65.2","na","38.4","33.3","17.1","20","B5","na","10:59:30","na","11:07:00","lichen inside, sampled",3.23427690911451,"HM","",1.80420192637471,0.972567399555547,1.03312651323148e-30,21.0329238835926,3.23427690911451,0.999799792174581,1.79682873978753,"Noise (LM.MAE)","Noise (HM.MAE)",39,1.59062695528501,0.00083938097904222,1.79263576977403,-0.0461555899094395,"HM","AICc",-0.0434298760106409,0.962442319356079,3.46925069823812e-28,0.595428655536764,-0.0461555899094395,0.962706660903386,0.59332955811366,"","",39,1.59062695528501,0.00587566685329554,1.06276126365479
"07-19-2023","Swamp Rd","HB JG NH","LGR #2",4,"4 9.1 leaf 1","hem",9.1,"leaf","na","40","25.8","61.1","na","38.4","33.3","17.1","23.5","leaf A","0.76","11:41:45","na","11:45:00","Leaf sample #8",-1.05252828615619,"HM","",-0.550572479130702,0.958129273632296,1.16277752613223e-12,3.34973494896115,-1.05252828615619,0.997253200360017,0.857963254202528,"Noise (LM.MAE)","Noise (HM.MAE)",18,1.71293445335398,0.00201521700394585,1.91169796176159,0.00967168657290282,"HM","AICc | MDF",0.00742477946830394,0.186333013802759,0.0418577057268753,0.403299436046379,0.00967168657290282,0.192796202805302,0.40169448129977,"MDF (LM)","MDF (HM)",18,1.71293445335398,0.014106519027621,1.3026227397313
"07-19-2023","Swamp Rd","HB JG NH","LGR #2",4,"4 2 stem 1","hem",2,"stem","31.2","0","24","68","na","38.4","33.3","17.1","20.7","S6","2.3","12:42:30","na","12:47:30","near standing water",1.69281566931042,"HM","",1.635631758654,0.999818855403014,3.74554953535914e-54,0.862797221289998,1.69281566931042,0.999905516985774,0.623121756779903,"Noise (LM.MAE)","Noise (HM.MAE)",30,2.15639014492273,0.00149231151897767,1.03496135994784,0.0295555061513981,"LM","g-fact. > 2",0.0295555061513981,0.823680860135167,2.79844140751234e-12,0.533929841562391,0.0872779166315451,0.920946707871575,0.357515146158105,"","Exaggerated curvature (g-fact)",30,2.15639014492273,0.0104461806328437,2.95301715302941
"07-19-2023","Swamp Rd","HB JG NH","LGR #2",4,"4 1.25 stem 1","hem",1.25,"stem","33","0","24","68","na","38.4","33.3","17.1","20.7","S6","2.3","12:48:30","na","12:53:00","",1.71226960104677,"LM","MAE | AICc",1.71226960104677,0.999871559357158,2.45674541299137e-52,0.708586276807074,1.73265013026362,0.999806494109916,0.870868058206558,"Noise (LM.MAE)","Noise (HM.MAE)",28,2.15844460740517,0.00160479152966927,1.01190264033444,0.00198898266698305,"HM","AICc | MDF",0.00198903894236333,-0.00556782748363549,0.364889894987031,0.409194925372066,0.00198898266698305,-0.00558197377993652,0.409197804450475,"MDF (LM)","MDF (HM)",28,2.15844460740517,0.0112335407076849,0.999971707250634
"07-19-2023","Swamp Rd","HB JG NH","LGR #2",4,"4 1.25 stem 2","hem",1.25,"stem","33","0","24","68","na","38.4","33.3","17.1","20.7","S6","2.3","12:56:15","na","12:59:15","",1.68391725290927,"HM","",1.64690360294861,0.999912255547812,3.86113861996056e-36,0.377931821748135,1.68391725290927,0.99995085065637,0.28285410676945,"Noise (LM.MAE)","",19,2.16145234844822,0.00240161372049802,1.02247469122928,-0.0230655208018259,"HM","AICc",-0.0148688946391108,0.562909351171132,0.000130281885934885,0.314261925964691,-0.0230655208018259,0.598156460233046,0.30132454228832,"MDF (LM)","",19,2.16145234844822,0.0168112960434862,1.5512599531881
"07-19-2023","Swamp Rd","HB JG NH","LGR #2",4,"4 0.5 stem 1","hem",0.5,"stem","36.4","0","24","68","na","38.4","33.3","17.1","20.7","S6","2.3","13:03:00","na","13:07:00","",2.82642001849242,"HM","AICc",2.78359836060052,0.999885853366319,4.23556036616389e-43,0.886725247572467,2.82642001849242,0.999885007699607,0.890340994565881,"Noise (LM.MAE)","Noise (HM.MAE)",23,2.15952803239343,0.00196320730217585,1.01538356197431,0.28388081152414,"HM","",0.258424123435958,0.996049931882098,6.14643997820281e-27,0.485157709000736,0.28388081152414,0.99675147648717,0.439970594528197,"","",23,2.15952803239343,0.0137424511152309,1.09850739841821
"07-19-2023","Swamp Rd","HB JG NH","LGR #2",4,"4 0.5 stem 2","hem",0.5,"stem","36.4","0","24","68","na","38.4","33.3","17.1","20.7","S6","2.3","13:11:00","na","13:15:00","",2.21450576914506,"HM","",2.13631941663569,0.999874474341326,1.51140517717213e-48,0.813047270411475,2.21450576914506,0.999971703085454,0.38602824580171,"Noise (LM.MAE)","Noise (HM.MAE)",26,2.1535927715005,0.0017228742172004,1.03659862467219,0.022069894615869,"LM","g-fact. > 2",0.022069894615869,0.669867442770537,1.96851144181721e-07,0.521156482194852,0.0532483358758872,0.803658752900577,0.401910857355873,"","Exaggerated curvature (g-fact)",26,2.1535927715005,0.0120601195204028,2.41271364465872
"07-19-2023","Swamp Rd","HB JG NH","LGR #2",3,"3 1.25 stem 1","bg",1.25,"stem","na","0","na","na","na","na","na","na","na","S6","2.3","13:16:30","na","13:19:30","",2.94838893069105,"HM","MAE",2.83710373604651,0.999239435126718,1.37091510649318e-37,2.54836903046453,2.94838893069105,0.999347744051561,2.3599522241075,"Noise (LM.MAE)","Noise (HM.MAE)",25,2.15571318237273,0.00180394408566756,1.03922492971639,1.47057690598702,"HM","AICc",1.4580457794557,0.999227680698698,1.6353473099843e-37,1.31974803303011,1.47057690598702,0.999093567647211,1.43068113918756,"","",25,2.15571318237273,0.0126276085996729,1.00859446713394
"07-19-2023","Swamp Rd","HB JG NH","LGR #2",3,"3 0.5 stem 1","bg",0.5,"stem","na","0","na","na","na","na","na","na","na","S6","2.3","13:21:30","na","13:24:30","",3.16127091390975,"HM","AICc",3.11535466961862,0.999850957412785,4.91702229137099e-38,1.03485298096716,3.16127091390975,0.999855665999404,1.01877841519719,"Noise (LM.MAE)","Noise (HM.MAE)",21,2.15378728432939,0.00215378728432939,1.01473868922178,1.31026639866666,"HM","AICc",1.30005189874881,0.999085610774091,1.50017500135061e-30,1.07004039087167,1.31026639866666,0.99896590494165,1.13843791977719,"","",21,2.15378728432939,0.0150765109903058,1.0078569939613
"07-19-2023","Swamp Rd","HB JG NH","LGR #2",3,"3 2 stem 1","bg",2,"stem","na","0","na","na","na","na","na","na","na","C5","0.76","13:29:00","na","13:32:00","",2.5102088528251,"HM","",2.17473149400791,0.998242221974921,2.71639113543939e-22,2.73239852529532,2.5102088528251,0.99992438191843,0.566728240515848,"Noise (LM.MAE)","Noise (HM.MAE)",17,1.58104710309631,0.00197630887887039,1.15426150756612,1.45229631303472,"HM","",1.32586460038087,0.999003556735523,3.84609031257928e-24,1.25379535580942,1.45229631303472,0.999668191767193,0.723509016352629,"","",17,1.58104710309631,0.0138341621520927,1.09535793671355
"07-19-2023","Swamp Rd","HB JG NH","LGR #2",5,"5 13 stem 1","rm",13,"stem","7.5","0","28","47.9","17.5","43","2.353 s","2.358 s","27.5","A","na","14:33:00","14:30:00","14:38:00","fork above,end of main stem, no lichen",6.23468746955353,"HM","",3.38504777626967,0.969722672227484,2.95180035958457e-22,25.8732212063466,6.23468746955353,0.999972747905051,0.776232240596647,"Noise (LM.MAE)","Noise (HM.MAE)",29,1.88678598864789,0.00135253475888738,1.84183145456936,0.0717163736846437,"HM","AICc",0.0711993213040482,0.954732814192524,6.7780232619808e-20,0.670427764988967,0.0717163736846437,0.954589584871577,0.671488551567646,"","",29,1.88678598864789,0.00946774331221164,1.00726204086114
"07-19-2023","Swamp Rd","HB JG NH","LGR #2",5,"5 13 stem 2","rm",13,"stem","7.5","0","28","47.9","17.5","43","2.353 s","2.358 s","27.5","A","na","14:39:00","na","14:42:00","lichen",5.61602486550148,"HM","",3.72208791312409,0.98570151564684,2.46568234210287e-17,12.5457258313889,5.61602486550148,0.999930857281483,0.872416791001157,"Noise (LM.MAE)","Noise (HM.MAE)",19,1.88658492007121,0.00209620546674579,1.50883724312351,-0.00370910445035093,"HM","AICc | MDF",-0.0036962180770681,-0.0370824420588798,0.558389690582444,0.73543990236232,-0.00370910445035093,-0.0370921694058286,0.735443351407446,"MDF (LM)","MDF (HM)",19,1.88658492007121,0.0146734382672206,1.00348636714992
"07-19-2023","Swamp Rd","HB JG NH","LGR #2",5,"5 13 stem 3","rm",13,"stem","7.5","0","28","47.9","17.5","43","2.353 s","2.358 s","27.5","A","na","14:48:00","na","14:51:00","no lichen",5.13370072911447,"HM","",3.07602966320816,0.979148794045867,5.46096661420919e-27,21.5434042090471,5.13370072911447,0.999956397691733,0.985152540260099,"Noise (LM.MAE)","Noise (HM.MAE)",32,1.88003815195327,0.00121685317278529,1.66893732869931,0.326765179251284,"HM","",0.199875610919194,0.977653341299561,1.54451217056384e-26,1.45025807125118,0.326765179251284,0.996925088974144,0.537966546671095,"","",32,1.88003815195327,0.00851797220949702,1.63484267914702
"07-19-2023","Swamp Rd","HB JG NH","LGR #2",5,"5 16 leaf 1","rm",16,"leaf","na","na","na","na","17.5","43","2.353 s","2.358 s","na","Leaf B","na","15:14:15","na","15:17:15","sunlit, top of canopy",-2.79345781820307,"HM","",-1.42888257386885,0.96089546315884,6.72216779211244e-13,7.89790831901796,-2.79345781820307,0.999692651727862,0.700186773630633,"Noise (LM.MAE)","Noise (HM.MAE)",18,1.82875691020477,0.00215147871788796,1.95499467156317,0.0164153588119619,"HM","AICc",0.0113144270475868,0.269508790787866,0.0158800299602411,0.474557663202897,0.0164153588119619,0.282082811883527,0.470455629209356,"MDF (LM)","",18,1.82875691020477,0.0150603510252157,1.45083429703699
"07-19-2023","Swamp Rd","HB JG NH","LGR #2",5,"5 10 stem 1","rm",10,"stem","11.5","0","28.4","44.9","17.5","43","2.353 s","2.358 s","27.9","B7","na","15:39:30","na","15:41:30","no lichen",7.15894844002727,"HM","",5.26266923924955,0.991977414060308,1.57494397082677e-20,16.7693176814205,7.15894844002727,0.999855469119715,2.25080839887746,"Noise (LM.MAE)","Noise (HM.MAE)",20,1.57283404981766,0.00165561478928175,1.36032650249707,0.234570319664081,"LM","g-fact. > 2",0.234570319664081,0.947483499927899,3.5445279565877e-13,1.95433047213816,0.500186425075366,0.996991711758018,0.467745738242878,"Noise (LM.MAE)","Exaggerated curvature (g-fact)",20,1.57283404981766,0.0115893035249723,2.13235172204081
"07-19-2023","Swamp Rd","HB JG NH","LGR #2",5,"5 10 stem 2","rm",10,"stem","11.5","0","28.4","44.9","17.5","43","2.353 s","2.358 s","27.9","B7","na","15:43:30","na","15:46:30","lichen",6.33949202913419,"HM","",3.26448600706804,0.961333680723268,1.17186310827598e-13,21.9314654628284,6.33949202913419,0.999779602350924,1.6557879388081,"Noise (LM.MAE)","Noise (HM.MAE)",19,1.57555608217334,0.00175061786908149,1.94195717653816,0.0895127087537398,"LM","g-fact. > 2",0.0895127087537398,0.834701137720948,2.86644567572123e-08,1.32857579167044,0.315024102031425,0.964514317465417,0.615570762324325,"","Exaggerated curvature (g-fact)",19,1.57555608217334,0.0122543250835704,3.5193226349355
"07-19-2023","Swamp Rd","HB JG NH","LGR #2",5,"5 10 stem 3","rm",10,"stem","11.5","0","28.4","44.9","17.5","43","2.353 s","2.358 s","27.9","B7 ","na","15:47:00","na","15:50:00","no lichen",5.46440621074937,"HM","",3.35800005899419,0.980178492598848,1.02148446163817e-18,18.6569182109793,5.46440621074937,0.999753640525712,2.07996584027821,"Noise (LM.MAE)","Noise (HM.MAE)",22,1.57697223443739,0.00150906433917453,1.62727996270081,0.15838185444937,"LM","g-fact. > 2",0.15838185444937,0.947928899487591,1.62215912848502e-14,1.44910918831659,0.320692232169322,0.989353994221024,0.655233480847309,"","Exaggerated curvature (g-fact)",22,1.57697223443739,0.0105634503742217,2.02480412471644
"07-19-2023","Swamp Rd","HB JG NH","LGR #2",5,"5 10 leaf 1","rm",10,"leaf","na","na","28.4","44.9","17.5","43","2.353 s","2.358 s","27.9","Leaf B","na","15:55:00","na","16:00:00","lesser lichen",-1.06836673951715,"HM","",-0.885964878179473,0.998051275336917,1.96243769676426e-42,1.9364905256773,-1.06836673951715,0.99885839650062,1.48289360811544,"Noise (LM.MAE)","Noise (HM.MAE)",32,1.82638729415368,0.00118212769848135,1.20587933656296,0.00905905301681912,"HM","AICc",0.00897018343598891,0.3809502067658,0.000100479748345382,0.551377740570263,0.00905905301681912,0.380907093177421,0.551397062771346,"","",32,1.82638729415368,0.00827489388936944,1.00990722000998
"07-19-2023","Swamp Rd","HB JG NH","LGR #2",5,"5 8 stem 1","rm",8,"stem","18","0","27.3","45.6","17.5","43","2.353 s","2.358 s","22.8","C5","0.76","16:06:30","na","16:09:30","more lichen (dry, dead?)",4.51798489589445,"HM","",3.97833694560897,0.998614558552745,5.9304273974762e-26,5.01383752523675,4.51798489589445,0.999908824113264,1.28622268910763,"Noise (LM.MAE)","Noise (HM.MAE)",19,1.56485041493069,0.00173872268325632,1.13564661758505,0.276525463436538,"HM","",0.212695728267995,0.988169954333796,4.91924638535039e-18,0.787194532461569,0.276525463436538,0.993776241759092,0.570972531536797,"","",19,1.56485041493069,0.0121710587827943,1.30009881104955
"07-19-2023","Swamp Rd","HB JG NH","LGR #2",5,"5 8 stem 2","rm",8,"stem","18","0","27.3","45.6","17.5","43","2.353 s","2.358 s","22.8","C5","0.76","16:11:30","na","16:14:30","",5.87233029281335,"HM","",5.26533666575621,0.998731956911135,1.40654696328563e-33,8.04038641448564,5.87233029281335,0.999659881338739,4.16413830919971,"Noise (LM.MAE)","Noise (HM.MAE)",24,1.57118562712467,0.00137221452150626,1.11528106664191,1.2125980515642,"HM","",1.02037293920878,0.9972676581208,6.54402321495704e-30,2.28883743908163,1.2125980515642,0.999602740812545,0.872739041554832,"Noise (LM.MAE)","",24,1.57118562712467,0.00960550165054385,1.18838711315146
"07-19-2023","Swamp Rd","HB JG NH","LGR #2",5,"5 6 stem 1","rm",6,"stem","24","0","25.8","48","17.5","43","2.353 s","2.358 s","22.3","C5","0.76","16:21:15","na","16:24:15","",3.40864685595241,"HM","",2.40739552059151,0.989836179484721,1.35266335462664e-18,8.2918374069997,3.40864685595241,0.999725511578453,1.36264993182343,"Noise (LM.MAE)","Noise (HM.MAE)",19,1.56555561623025,0.00172989570854172,1.41590645442212,0.121621739046808,"HM","",0.0681044158948211,0.948073872160304,1.44497393405148e-12,0.541087820550114,0.121621739046808,0.977126487260775,0.359121347524203,"","",19,1.56555561623025,0.012109269959792,1.78581282063469
"07-19-2023","Swamp Rd","HB JG NH","LGR #2",5,"5 6 branch 1","rm",6,"branch","7","50","25.8","48","17.5","43","2.353 s","2.358 s","22.3","A","na","16:26:00","na","16:28:00","",1.1763675667337,"LM","g-fact. > 2",1.1763675667337,0.939137725929312,5.59451369623095e-12,8.38918679927731,2.71348035101818,0.998424904553036,1.34958180709861,"Noise (LM.MAE)","Noise (HM.MAE) | Exaggerated curvature (g-fact)",19,1.88175634520434,0.00209084038356038,2.30666028863106,0.0161210307405615,"LM","AICc | g-fact. > 2",0.0161210307405615,0.0808765097678831,0.126369969662401,1.1941009673934,0.0352540731700981,0.185077371808149,1.12437791329138,"","Exaggerated curvature (g-fact)",19,1.88175634520434,0.0146358826849227,2.18683741365226
"07-19-2023","Swamp Rd","HB JG NH","LGR #2",5,"5 4 stem 1","rm",4,"stem","26","0","25.3","50.9","17.5","43","2.353 s","2.358 s","22.7","C5","0.76","16:34:00","na","16:36:30","",6.13424597486333,"HM","",5.07169340920006,0.996476016454404,2.67638717867163e-16,7.43964987710287,6.13424597486333,0.999589695022285,2.53856889464171,"Noise (LM.MAE)","Noise (HM.MAE)",14,1.56989487402585,0.00239678606721504,1.20950646656515,0.314041953877378,"HM","AICc",0.255920467013448,0.983600443878638,2.73255277688977e-12,0.814720127037707,0.314041953877378,0.987431652714771,0.713233091861058,"","",14,1.56989487402585,0.0167775024705053,1.22710761488598
"07-19-2023","Swamp Rd","HB JG NH","LGR #2",5,"5 4 branch 1","rm",4,"branch","16","50","25.3","50.9","17.5","43","2.353 s","2.358 s","22.7","A?","na","16:37:30","na","16:39:30","",5.14120443005812,"HM","",4.36577050741357,0.99777627336825,1.47333860172568e-29,7.05579033418156,5.14120443005812,0.999862805283048,1.75256309597253,"Noise (LM.MAE)","Noise (HM.MAE)",23,1.88250420105089,0.00171136745550081,1.17761673943414,0.596730293650523,"HM","",0.408488459228162,0.987057338550236,1.59308100784162e-21,1.60093485376462,0.596730293650523,0.998600462406093,0.526446385852945,"","",23,1.88250420105089,0.0119795721885057,1.46082534321298
"08-16-2023","EMS","JG","LGR #3",321071,"321071 0.5 stem 1","rm",0.5,"stem","35.5","0","20.3","90","18","sat","sat","sat","19.2","C5","","14:05:00","14:10:00","14:39:03","Check times",2.34241990715179,"HM","",1.40175745137932,0.980478628862184,0,15.2162783634806,2.34241990715179,0.99980290354239,1.52894792839745,"Noise (LM.MAE)","Noise (HM.MAE)",428,1.59586253203729,0.000749231235698258,1.67105935826976,5.44641482998342,"HM","",3.55607900943033,0.986793121689927,0,31.6490901744886,5.44641482998342,0.999929248670225,2.31647941390776,"Noise (LM.MAE)","Noise (HM.MAE)",428,1.59586253203729,0.00524461864988781,1.53157868977042
"08-16-2023","EMS","JG","LGR #3",321071,"321071 0.5 stem 2","rm",0.5,"stem","35.5","0","20.3","90","17.8","sat","sat","sat","19.3","C5","","14:41:50","14:41:34","14:44:53","",2.74973869716328,"HM","",2.29920614189414,0.997591669719369,0,5.62044117905049,2.74973869716328,0.999808253856094,1.5858996503935,"Noise (LM.MAE)","Noise (HM.MAE)",277,1.59562852723249,0.00115625255596557,1.19595135340843,0.926726074995788,"HM","",0.842110812153941,0.998239025267958,0,1.75970523067447,0.926726074995788,0.998874285079876,1.40694646906244,"","",277,1.59562852723249,0.00809376789175899,1.10047996251873
"08-16-2023","EMS","JG","LGR #3",321071,"321071 1.25 stem 1","rm",1.25,"stem","26.5","0","19.7","95.6","17.5","sat","sat","sat","19.5","C5","","14:47:06","14:46:50","14:50:07","",4.41472913545377,"HM","",3.95251343960679,0.999112682105126,6.53651958622915e-309,4.28490892973646,4.41472913545377,0.999961680198989,0.890458324888004,"Noise (LM.MAE)","Noise (HM.MAE)",203,1.59561395905998,0.00157981580104949,1.1169422199088,2.92186204801665,"HM","",2.69682929789239,0.99931843056322,1.99997773436537e-320,2.56207973056649,2.92186204801665,0.999762915658915,1.51108544459964,"Noise (LM.MAE)","",203,1.59561395905998,0.0110587106073464,1.08344345350302
"08-16-2023","EMS","JG","LGR #3",321071,"321071 1.25 stem 2","rm",1.25,"stem","26.5","0","19.9","94.4","17.7","sat","sat","sat","19.3","C5","","14:51:47","14:51:31","14:54:52","",2.79695719259815,"HM","",2.44475168140296,0.998503633351747,0,5.46539702340643,2.79695719259815,0.999779667608512,2.09720980821966,"Noise (LM.MAE)","Noise (HM.MAE)",321,1.59365347589035,0.00099915578425727,1.14406596542069,1.6832072336139,"HM","",1.54436001707095,0.999113405552788,0,2.65672652501297,1.6832072336139,0.999628120073732,1.72062297028172,"Noise (LM.MAE)","",321,1.59365347589035,0.00699409048980089,1.08990599018893
"08-16-2023","EMS","JG","LGR #3",321071,"321071 2 stem 1","rm",2,"stem","25","0","20","93.7","17.5","sat","sat","sat","19.5","C5","","14:58:57","14:58:41","15:01:59","",4.00239326815865,"HM","",3.41854210594094,0.998247198492248,0,8.27269261660245,4.00239326815865,0.999981619888131,0.847138839989555,"Noise (LM.MAE)","Noise (HM.MAE)",321,1.59458976810269,0.000996618605064184,1.17078951907688,1.60419768185794,"HM","",1.44577663161232,0.998893720595553,0,2.77864489431019,1.60419768185794,0.999645592466649,1.57272252546419,"Noise (LM.MAE)","",321,1.59458976810269,0.00697633023544929,1.10957505245396
"08-16-2023","EMS","JG","LGR #3",321071,"321071 2 stem 2","rm",2,"stem","25","0","20.5","93.6","17.5","sat","sat","sat","19.6","C5","","15:06:48","15:06:32","15:08:50","",3.66358697526737,"HM","",3.31532383748013,0.999228912880679,1.03250995049008e-238,2.53499935986502,3.66358697526737,0.999924451508858,0.793485559046145,"Noise (LM.MAE)","Noise (HM.MAE)",154,1.59424336128742,0.00208397825004892,1.10504649164287,1.33466496578977,"HM","",1.30243033882551,0.99830448447108,1.04993856536747e-212,1.4774242843905,1.33466496578977,0.998333188614663,1.46487818206497,"","",154,1.59424336128742,0.0145878477503424,1.02474959773536
"08-16-2023","EMS","JG","LGR #3",321071,"321071 4 stem 1","rm",4,"stem","22.5","0","21.2","86.6","17.5","sat","sat","sat","20","C5","","15:42:37","15:42:21","15:49:42","",3.56814111859255,"LM","MAE | AICc",3.56814111859255,0.999949643555904,0,2.17538265581721,3.62390655395026,0.999936132997066,2.4525389555976,"Noise (LM.MAE)","Noise (HM.MAE)",477,1.59259307916309,0.000670565507016038,1.01562870791941,0.183989734267622,"HM","",0.172973797972666,0.989743262541042,0,1.5127742941827,0.183989734267622,0.989999076418197,1.49379007994828,"","",477,1.59259307916309,0.00469395854911226,1.06368557795497
"08-16-2023","EMS","JG","LGR #3",321071,"321071 4 stem 2","rm",4,"stem","22.5","0","22.2","83.7","17.5","sat","sat","sat","20.2","C5","","15:51:17","15:51:01","15:54:19","",2.47596094796659,"LM","MAE | AICc",2.47596094796659,0.999856439710771,0,1.22748083024325,2.50800466404601,0.999778812011194,1.52577174925057,"Noise (LM.MAE)","Noise (HM.MAE)",230,1.59279887809267,0.00139109072322504,1.01294193113415,0.103602701596511,"HM","AICc",0.102942597344863,0.896942582922262,1.04749518703489e-114,1.44333196067639,0.103602701596511,0.896783321889192,1.44444776007209,"","",230,1.59279887809267,0.0097376350625753,1.00641235279344
"08-16-2023","EMS","JG","LGR #3",321071,"321071 6 stem 1","rm",6,"stem","20","0","21.5","86.2","17.5","sat","sat","sat","19.6","C5","","16:00:20","16:00:04","16:04:15","",2.27756607715683,"HM","",2.2329051965504,0.999924446723466,0,0.955289368215792,2.27756607715683,0.999950059682459,0.776669756415941,"Noise (LM.MAE)","Noise (HM.MAE)",273,1.59011604041766,0.00116920297089534,1.02000124352589,0.0459961861510072,"HM","AICc",0.0456687788877313,0.733043324935152,6.57057815994194e-80,1.35552050562374,0.0459961861510072,0.732939546111697,1.35578630291353,"","",273,1.59011604041766,0.00818442079626736,1.00716917051977
"08-16-2023","EMS","JG","LGR #3",321071,"321071 6 stem 2","rm",6,"stem","20","0","21.3","85.9","17.5","sat","sat","sat","19.7","C5","","16:08:32","16:08:16","16:13:34","",2.11823134195176,"HM","",2.02789675840691,0.999826036018324,0,1.48869282085859,2.11823134195176,0.999955028154355,0.756912678929716,"Noise (LM.MAE)","Noise (HM.MAE)",309,1.59125808712259,0.00103665021962384,1.04454594799777,0.0284086382384997,"HM","AICc",0.0283293453643576,0.528985344292393,2.44580964592835e-52,1.48558327304156,0.0284086382384997,0.528849677049522,1.48579920235519,"","",309,1.59125808712259,0.00725655153736687,1.00279896598818
"08-17-2023","EMS","JG","LGR #3",321071,"321071 16 stem 1","rm",16,"stem","7.5","0","19.9","87.7","17.5","sat","sat","sat","19","A10","","9:32:56","9:32:40","9:36:17","",1.98874503640173,"HM","",1.85689380980574,0.999565858030551,0,1.21742588381931,1.98874503640173,0.999887434081478,0.61991208775844,"Noise (LM.MAE)","Noise (HM.MAE)",210,1.91117946028614,0.00182887986630252,1.07100633644192,0.0747418833787611,"HM","AICc",0.0745242183447228,0.612327273346128,6.77184660043115e-45,1.86263254768131,0.0747418833787611,0.612173149001659,1.86300616837927,"Noise (LM.MAE)","Noise (HM.MAE)",210,1.91117946028614,0.0128021590641177,1.00292072884323
"08-17-2023","EMS","JG","LGR #3",321071,"321071 16 stem 2","rm",16,"stem","7.5","0","19.6","88.6","17.5","sat","sat","sat","19.2","A10","","9:37:57","9:37:41","9:41:07","",0.98597918901487,"LM","g-fact. > 2",0.98597918901487,0.931522022040187,2.76155919701705e-137,9.3831685194354,2.3493242341871,0.990300915936703,3.53133902618439,"Noise (LM.MAE)","Noise (HM.MAE) | Exaggerated curvature (g-fact)",234,1.90806183610764,0.00163782131854733,2.38273207017118,0.039286288784619,"HM","AICc",0.039102347838601,0.456060474437032,9.8431285294245e-33,1.49530430795342,0.039286288784619,0.455960566639977,1.49544279302289,"","",234,1.90806183610764,0.0114647492298313,1.00470408955435
"08-17-2023","EMS","JG","LGR #3",321071,"321071 16 leaf 1","rm",16,"leaf","na","50","19.3","89.8","17.5","sat","sat","sat","19.2","Leaf A","","9:43:49","9:43:33","9:47:47","",-0.557996972204586,"HM","",-0.441197087653677,0.995283536541921,4.39108545028339e-272,1.7889576104568,-0.557996972204586,0.999247587209688,0.714529062476491,"Noise (LM.MAE)","Noise (HM.MAE)",234,1.13773466950343,0.000976596282835565,1.26473403342724,-0.0119930766221593,"HM","AICc",-0.0119972603688117,0.162111844285512,9.39865707376718e-11,1.58906062033491,-0.0119930766221593,0.162051859678442,1.58911816573526,"","",234,1.13773466950343,0.00683617397984895,0.999651274830771
"08-17-2023","EMS","JG","LGR #3",321071,"321071 18 leaf 2","rm",18,"leaf","6.5","100","19.2","90.5","17.5","sat","sat","sat","19","Leaf B","","10:01:25","10:01:09","10:04:29","",-0.542540110552164,"HM","",-0.444360168964484,0.995968020773487,0,1.88135321001995,-0.542540110552164,0.998648580287234,1.08919670935393,"Noise (LM.MAE)","Noise (HM.MAE)",323,1.39158754760019,0.000867032739937811,1.22094676446018,0.00969876872314946,"HM","AICc",0.00969164575538442,0.173756537153652,3.14887570380767e-15,1.39604420081162,0.00969876872314946,0.17370044137695,1.39609210460264,"","",323,1.39158754760019,0.00606922917956468,1.00073495956671
"08-17-2023","EMS","JG","LGR #3",321071,"321071 18 stem 1","rm",18,"stem","6.5","0","19.7","88.6","17.5","sat","sat","sat","19","A10","","10:11:02","10:10:46","10:14:06","",3.16962136518785,"HM","",2.60754971692594,0.99732208305671,0,8.70917305472983,3.16962136518785,0.999961655897185,1.04214382356652,"Noise (LM.MAE)","Noise (HM.MAE)",429,1.90918428865156,0.000894231516932814,1.21555548667526,0.0254256235620819,"HM","",0.0132316972626907,0.21780776780422,8.27244242374368e-25,1.60948178457402,0.0254256235620819,0.225293634626637,1.60176160314691,"","",429,1.90918428865156,0.0062596206185297,1.92156932382169
"08-17-2023","EMS","JG","LGR #3",321071,"321071 18 stem 2","rm",18,"stem","6.5","0","19.7","88.5","17.5","sat","sat","sat","19.2","A10","","10:23:23","10:23:07","10:26:26","",3.65718258732317,"HM","",3.14731549824224,0.998388520799886,0,5.86339327692365,3.65718258732317,0.999967995088621,0.82631376426246,"Noise (LM.MAE)","Noise (HM.MAE)",309,1.91119185356732,0.00124507612610249,1.1620006285883,0.0165813499012064,"LM","g-fact. > 2",0.0165813499012064,0.168325051175393,3.39631300696865e-14,1.69556264548029,0.0381722259180211,0.174792343102714,1.68895724041627,"","Exaggerated curvature (g-fact)",309,1.91119185356732,0.00871553288271744,2.30211811133929
"08-17-2023","EMS","JG","LGR #3",321071,"321071 22 stem 1","rm",22,"stem","5","0","22.9","73.9","17.5","sat","sat","sat","20","A10","","10:47:10","10:46:54","10:50:45","",1.71108101363373,"HM","",1.50676917594029,0.998788347273972,0,1.89461249082647,1.71108101363373,0.999897671770663,0.55059091868035,"Noise (LM.MAE)","Noise (HM.MAE)",240,1.9060073598641,0.00159498523838,1.13559597644805,0.049077473664409,"HM","",0.0300145917893823,0.365581326025875,1.5600107725897e-25,1.42226276419881,0.049077473664409,0.372202350565131,1.41482167246764,"","",240,1.9060073598641,0.01116489666866,1.63512047769279
"08-17-2023","EMS","JG","LGR #3",321071,"321071 22 stem 2","rm",22,"stem","5","0","21","81.4","17.5","sat","sat","sat","20.4","A10","","10:52:26","10:52:10","10:55:16","",2.40889960058375,"HM","AICc",2.37422134610397,0.999912756596986,0,0.577868112623265,2.40889960058375,0.999878558479494,0.682568566607152,"Noise (LM.MAE)","Noise (HM.MAE)",174,1.90750338878024,0.00220520622980374,1.0146061589989,0.0484797338717522,"HM","AICc",0.0484233405993099,0.468471319134459,1.32680654611591e-25,1.33961344489115,0.0484797338717522,0.468328605530617,1.33979616610098,"","",174,1.90750338878024,0.0154364436086262,1.00116458864144
"08-17-2023","EMS","JG","LGR #3",321071,"321071 22 leaf 1","rm",22,"leaf","na","100","20.7","84.6","17.5","sat","sat","sat","20.4","Leaf B","","10:56:36","10:56:20","11:00:00","",-0.755289112731115,"LM","MAE | AICc",-0.755289112731115,0.997876866703005,1.51938575852862e-285,1.25989165791167,-0.857628630932765,0.995063857878488,1.92197246683121,"Noise (LM.MAE)","Noise (HM.MAE)",214,1.69500201321906,0.00159155118612119,1.13549714470475,0.0118461438385082,"HM","AICc",0.00811119713057726,0.027739098313031,0.00840497732147472,1.60924512101444,0.0118461438385082,0.0300146582274552,1.60736081255979,"MDF (LM)","",214,1.69500201321906,0.0111408583028483,1.46046799847227
"08-17-2023","EMS","JG","LGR #3",321071,"321071 14 stem 1","rm",14,"stem","16.5","0","83.5","20.7","17.5","sat","sat","sat","19","B7","","11:15:42","11:15:26","11:17:55","",4.51324607416266,"HM","",4.40162174096061,0.999915478516253,2.65050137132432e-291,1.04759041626796,4.51324607416266,0.999958139791018,0.737239603032161,"Noise (LM.MAE)","Noise (HM.MAE)",144,1.59188013998204,0.00222640579018467,1.02535981957815,0.113534531531953,"LM","g-fact. > 2",0.113534531531953,0.764770781321458,1.09996361801572e-46,1.62823997805561,0.286333377216904,0.809540423821898,1.46512334204574,"","Exaggerated curvature (g-fact)",144,1.59188013998204,0.0155848405312927,2.52199373488689
"08-17-2023","EMS","JG","LGR #3",321071,"321071 14 stem 2","rm",14,"stem","16.5","0","20.3","86.4","17.5","sat","sat","sat","19.3","B7","","11:18:45","11:18:29","11:22:16","",4.07779319628413,"LM","MAE | AICc | g-fact. < 0.5 | MDF (HM)",4.07779319628413,0.999936444531819,0,1.20788921025576,-3.3209263446066e-08,0.999936444417182,297.030172221636,"Noise (LM.MAE)","Noise (HM.MAE) | Exaggerated curvature (g-fact) | MDF (HM)",206,1.5914946690623,0.00155267772591444,-8.14393027001167e-09,0.0790393743079749,"HM","AICc",0.0788507256110133,0.799364901477575,2.65044123084763e-73,1.46683957301237,0.0790393743079749,0.799153538821205,1.46762250615136,"","",206,1.5914946690623,0.0108687440814011,1.00239247889604
"08-17-2023","EMS","JG","LGR #3",321071,"321071 11 stem 1","rm",11,"stem","17.5","0","20.4","85.4","17.5","sat","sat","sat","19.1","B7","","11:27:02","11:26:46","11:29:04","",4.41604463293737,"LM","MAE | AICc",4.41604463293737,0.999599291736631,2.03658472746706e-265,2.48361458389608,4.47222899207043,0.999502296410717,2.77060105892997,"Noise (LM.MAE)","Noise (HM.MAE)",157,1.59292457327558,0.00204221099137895,1.01272277882202,0.113254488666453,"HM","AICc",0.11251049644132,0.847145696628881,2.54929080534822e-65,1.34168922860797,0.113254488666453,0.847002972630415,1.34231604042788,"","",157,1.59292457327558,0.0142954769396527,1.00661264725216
"08-17-2023","EMS","JG","LGR #3",321071,"321071 11 stem 2","rm",11,"stem","17.5","0","20.5","84.4","17.5","sat","sat","sat","19","B7","","11:34:04","11:33:48","11:36:11","",3.78838328736045,"HM","",3.49831867985233,0.99935430125658,5.0140966381907e-219,2.20110814216668,3.78838328736045,0.999790586247359,1.25351348207479,"Noise (LM.MAE)","Noise (HM.MAE)",138,1.59164195884122,0.00232356490341784,1.08291543282739,0.0886761691718993,"HM","AICc",0.0881324935125028,0.739263886917158,9.63052282682605e-42,1.29391694734226,0.0886761691718993,0.739142788314054,1.29421998006402,"","",138,1.59164195884122,0.0162649543239248,1.00616884463072
"08-17-2023","EMS","JG","LGR #3",321071,"321071 8 stem 1","rm",8,"stem","18.5","0","21.1","81.6","17.5","sat","sat","sat","19","B7","","11:42:43","11:42:27","11:44:45","",3.22902158849371,"HM","",3.13449507599167,0.999836738587543,0,1.82653205037983,3.22902158849371,0.999896196490062,1.4564364581096,"Noise (LM.MAE)","Noise (HM.MAE)",253,1.59067585704318,0.00126244115638348,1.03015685468006,0.0722137319638984,"HM","",0.0544489599784754,0.731566925559646,7.42692103599402e-74,1.50295935440779,0.0722137319638984,0.735431947380063,1.49209997601517,"","",253,1.59067585704318,0.00883708809468435,1.32626467048123
"08-17-2023","EMS","JG","LGR #3",321071,"321071 8 stem 2","rm",8,"stem","18.5","0","21.2","81.7","17.5","sat","sat","sat","18.9","B7","","11:47:47","11:47:31","11:50:00","",6.17971382947874,"HM","",4.94599820568108,0.996389484980743,1.53536728060246e-208,9.15423160928464,6.17971382947874,0.999900001261556,1.52347235815178,"Noise (LM.MAE)","Noise (HM.MAE)",171,1.59140862087853,0.00187224543632768,1.24943713533511,0.0563458682830806,"HM","AICc",0.056181906559297,0.611795232724665,8.92886055981809e-37,1.37346443055366,0.0563458682830806,0.611641309188921,1.37374038172272,"","",171,1.59140862087853,0.0131057180542938,1.00291840796842
"08-17-2023","EMS","JG","LGR #3",321071,"321071 5 stem 1","rm",5,"stem","21","0","21.2","83.6","17.5","sat","sat","sat","20.1","B7","","11:55:08","11:54:52","11:56:09","",2.77297234942518,"LM","MAE | AICc",2.77297234942518,0.999618047430825,8.67131859515828e-310,1.76956472959265,2.81657956769062,0.999608021988924,1.79297662916506,"Noise (LM.MAE)","Noise (HM.MAE)",182,1.59175473903269,0.00175884501550573,1.01572580349547,0.0842340767362722,"HM","",0.0431726500863463,0.46086902821511,3.74744937784341e-26,1.51950406635006,0.0842340767362722,0.475209828382275,1.49915857155611,"","",182,1.59175473903269,0.0123119151085401,1.95109812735151
"08-17-2023","EMS","JG","LGR #3",321071,"321071 5 stem 2","rm",5,"stem","21","0","20.8","84.9","17.5","sat","sat","sat","20","B7","","12:01:53","12:01:37","12:04:33","",3.03249781169086,"HM","",2.91361782989765,0.99984824092975,0,1.23163600579878,3.03249781169086,0.99995721917049,0.653927571135414,"Noise (LM.MAE)","Noise (HM.MAE)",190,1.58998165972549,0.00168252027484179,1.04080150134082,0.995523002707777,"HM","",0.815693879052474,0.993895942484092,2.49557365615813e-210,2.19330322296456,0.995523002707777,0.996683020749533,1.616816548444,"Noise (LM.MAE)","",190,1.58998165972549,0.0117776419238925,1.22046153376092
"08-17-2023","EMS","JG","LGR #3",321071,"321071 5 stem 3","rm",5,"stem","21","0","20.7","86.2","17.5","sat","sat","sat","20","B7","","12:06:03","12:05:47","12:08:04","",3.84111702652377,"HM","",3.70789860679588,0.999131172798861,1.61807426941229e-222,2.88712993851119,3.84111702652377,0.999215243690279,2.74389212787532,"Noise (LM.MAE)","Noise (HM.MAE)",146,1.59061457550031,0.00217892407602782,1.03592828010014,1.6257586837408,"HM","",1.0475899561195,0.981953805066874,1.17286271184838e-127,3.74969057959112,1.6257586837408,0.995929587446141,1.78082737932894,"Noise (LM.MAE)","",146,1.59061457550031,0.0152524685321947,1.55190365681145
"08-17-2023","EMS","JG","LGR #3",321071,"321071 1.25 stem 3","rm",1.25,"stem","26.5","0","21.7","81.3","18","sat","sat","sat","20","C5","","12:38:18","12:38:02","12:39:30","",2.4817682026992,"HM","",2.44191345404581,0.999818327263231,9.33031585288088e-238,0.760086886492905,2.4817682026992,0.999822756840608,0.750987665776207,"Noise (LM.MAE)","Noise (HM.MAE)",128,1.5938247054086,0.00249035110220093,1.01632111432424,2.03418645043213,"HM","",1.95970147111918,0.998777717435887,1.33867217195809e-185,1.58302641743904,2.03418645043213,0.99887280986175,1.52020075662999,"","",128,1.5938247054086,0.0174324577154065,1.0380083295393
"08-17-2023","EMS","JG","LGR #3",321071,"321071 2 stem 3","rm",2,"stem","25","0","21.7","82.6","18","sat","sat","sat","20.2","C5","","12:40:37","12:40:21","12:42:40","",3.21880831240834,"HM","AICc",3.16727210996621,0.999667992541986,6.7620389600325e-291,1.7529858711188,3.21880831240834,0.9996660525326,1.75812060709079,"Noise (LM.MAE)","Noise (HM.MAE)",168,1.59205962431551,0.00189530907656608,1.01627147925812,1.63144358121309,"HM","",1.59566631898429,0.998869306098945,1.00604305558765e-246,1.63044533245193,1.63144358121309,0.998897488244096,1.61005222958835,"","",168,1.59205962431551,0.0132671635359626,1.02242151871174
"08-17-2023","EMS","JG","LGR #3",321071,"321071 0.5 stem 3","rm",0.5,"stem","35.5","0","21.8","81.8","18","sat","sat","sat","20","C5","","12:45:09","12:44:53","12:47:10","",2.69743401625961,"HM","",2.65091427730632,0.999582505801042,5.30990146179541e-193,1.1163270757762,2.69743401625961,0.999598942922369,1.09429628799831,"Noise (LM.MAE)","Noise (HM.MAE)",115,1.59108562285582,0.00279137828571196,1.01754856403752,1.68833659015199,"HM","",1.58034581437307,0.997733971138086,1.70304046791354e-151,1.55186455453546,1.68833659015199,0.99803159294888,1.44636715563931,"","",115,1.59108562285582,0.0195396479999837,1.06833363609202
"08-17-2023","EMS","JG","LGR #3",321902,"321902 1.25 stem 1","hem",1.25,"stem","48","0","21.9","84","18.2","27.4","33.7","37.4","20.2","C5","","12:48:49","12:48:33","12:51:54","",1.13531523518293,"HM","",0.900429737559456,0.993172799373284,1.28454325160248e-139,1.74087486972918,1.13531523518293,0.996927476443817,1.16786820229799,"Noise (LM.MAE)","Noise (HM.MAE)",129,1.59004061238663,0.00248443845685411,1.26085932952427,0.184637496400344,"HM","AICc",0.156399134422494,0.856246634462724,1.49447439605889e-55,1.49341239593217,0.184637496400344,0.857670073770228,1.48600015043854,"","",129,1.59004061238663,0.0173910691979788,1.18055318580963
"08-17-2023","EMS","JG","LGR #3",321902,"321902 1.25 stem 2","hem",1.25,"stem","48","0","21.9","84.1","18.2","27.4","33.7","37.4","20.1","C5","","12:52:52","12:52:36","12:55:04","",1.93813110306398,"HM","",1.76337430385888,0.998249622158405,2.5745985718026e-123,1.20003417556468,1.93813110306398,0.998879841866556,0.959991481426811,"Noise (LM.MAE)","Noise (HM.MAE)",90,1.58951397566386,0.00353225327925302,1.09910363263357,0.350632985918035,"HM","",0.220957292996846,0.815615974692808,2.79900626636107e-34,1.70523136071272,0.350632985918035,0.828639644152939,1.6439054786722,"","",90,1.58951397566386,0.0247257729547711,1.58688125276336
"08-17-2023","EMS","JG","LGR #3",321902,"321902 0.5 stem 1","hem",0.5,"stem","52","0","22","83","18.2","27.4","33.7","37.4","20","C5","","12:55:36","12:55:20","12:57:40","",1.5989237947426,"HM","",1.3688542344729,0.998010186749075,0,3.41646026705944,1.5989237947426,0.999718081046637,1.28597448596312,"Noise (LM.MAE)","Noise (HM.MAE)",310,1.59042794364834,0.00103274541795347,1.16807455058083,0.192989158915907,"HM","",0.118627540770865,0.939112678213501,1.86706750999615e-189,1.68820994034621,0.192989158915907,0.955373331898269,1.44530747515111,"","",310,1.59042794364834,0.00722921792567429,1.6268495297283
"08-17-2023","EMS","JG","LGR #3",321902,"321902 0.5 stem 2","hem",0.5,"stem","52","0","21.5","84.4","18.2","27.4","33.7","37.4","20.1","C5","","13:02:10","13:01:54","13:03:56","",0.67718173669296,"HM","",0.460275217464495,0.973518845666213,8.53671738112426e-89,1.5350560761846,0.67718173669296,0.984359645892658,1.17972037339207,"Noise (LM.MAE)","Noise (HM.MAE)",112,1.59140733525377,0.00284179881295316,1.47125396067016,0.0407337637265539,"LM","g-fact. > 2",0.0407337637265539,0.219029230452782,1.17350376082701e-07,1.53115391063072,0.108859490160809,0.272004486453747,1.47831100423642,"","Exaggerated curvature (g-fact)",112,1.59140733525377,0.0198925916906721,2.67246333757872
"08-17-2023","EMS","JG","LGR #3",321902,"321902 2 stem 1","hem",2,"stem","46","0","21.5","83.2","18.2","27.4","33.7","37.4","20.2","C5","","13:05:00","13:04:44","13:07:02","",1.8158897921623,"HM","",1.69643200067451,0.999364287872679,2.79572574769999e-272,1.32104752297066,1.8158897921623,0.999689443704224,0.923333009073475,"Noise (LM.MAE)","Noise (HM.MAE)",171,1.59070157794291,0.00187141362110931,1.07041708211133,0.177219978563495,"HM","",0.149191410178581,0.910987674679874,6.59564230511439e-91,1.43946904982854,0.177219978563495,0.912725065528898,1.42535165374498,"","",171,1.59070157794291,0.0130998953477652,1.18786985357511
"08-17-2023","EMS","JG","LGR #3",321902,"321902 2 stem 2","hem",2,"stem","46","0","21.5","85","18.2","27.4","33.7","37.4","20.1","C5","","13:08:56","13:08:40","13:14:09","",1.50790881850438,"HM","",1.15518504401029,0.994713064960597,0,6.80218250586778,1.50790881850438,0.999668774682376,1.70258207027977,"Noise (LM.MAE)","Noise (HM.MAE)",448,1.59063044528806,0.000713287195196438,1.30533963049728,0.0693038826988668,"LM","g-fact. > 2",0.0693038826988668,0.872456680022326,8.93741379454751e-202,2.13988144207567,0.176098679199454,0.931659350554684,1.56639181243451,"Noise (LM.MAE)","Exaggerated curvature (g-fact)",448,1.59063044528806,0.00499301036637507,2.54096411833984
"08-17-2023","EMS","JG","LGR #3",321902,"321902 9 stem 1","hem",9,"stem","34","0","23.5","77","18.2","27.4","33.7","37.4","20.2","C5","","13:35:19","13:35:03","13:39:23","",1.29385185353566,"HM","",1.25264065920014,0.999468309326315,0,1.24431006615136,1.29385185353566,0.999540695726936,1.15650985035391,"Noise (LM.MAE)","Noise (HM.MAE)",239,1.5911618331162,0.00134275260178582,1.03289945447071,0.0337132353507346,"HM","AICc",0.0184274119354988,0.185463421858825,1.97124107609007e-12,1.64807709160377,0.0337132353507346,0.191516430840163,1.64194205233514,"","",239,1.5911618331162,0.00939926821250077,1.82951547774265
"08-17-2023","EMS","JG","LGR #3",321902,"321902 9 stem 2","hem",9,"stem","34","0","23","76.2","18.2","27.4","33.7","37.4","19.8","C5","","13:40:31","13:40:15","13:43:33","",2.03012317871307,"HM","",1.65703355479607,0.996889490829536,0,4.66700442204513,2.03012317871307,0.999751121860499,1.32012739978307,"Noise (LM.MAE)","Noise (HM.MAE)",280,1.59162909003162,0.00114505689930332,1.22515514114795,0.0293117500327204,"HM","AICc",0.0289835300876705,0.434644528596983,1.63461740726683e-36,1.66284612050118,0.0293117500327204,0.434619340149345,1.66288355838493,"","",280,1.59162909003162,0.00801539829512326,1.01132436056123
"08-17-2023","EMS","JG","LGR #3",321902,"321902 9 branch 1","hem",9,"branch","7.5","50","22.1","79.8","18.2","27.4","33.7","37.4","20.5","A10","","13:52:51","13:52:35","13:55:16","",0.531284140181427,"LM","g-fact. > 2",0.531284140181427,0.906933974711011,2.21375946750157e-77,3.77128372345891,1.56609082181961,0.996734236689358,0.706457396409898,"Noise (LM.MAE)","Noise (HM.MAE) | Exaggerated curvature (g-fact)",148,1.901498628775,0.00258707296431973,2.94774623101831,0.0710218379299756,"HM","AICc",0.071019741798747,0.4087722958543,1.3451324320106e-18,1.88406462120967,0.0710218379299756,0.408634553153495,1.88428745957055,"Noise (LM.MAE)","Noise (HM.MAE)",148,1.901498628775,0.0181095107502381,1.00002951476837
"08-17-2023","EMS","JG","LGR #3",321902,"321902 11 leaf 1","hem",11,"leaf","na","200","22","78.9","18.2","27.4","33.7","37.4","na","Leaf B","","14:02:46","14:02:30","14:05:47","",-0.854847590281558,"LM","MAE | AICc",-0.854847590281558,0.99265670826605,8.85030255656855e-250,1.71242597012616,-0.933357259090692,0.988659612228044,2.12856679796169,"Noise (LM.MAE)","Noise (HM.MAE)",234,2.88195774239735,0.00247378346986897,1.09184054526407,0.0126586520322954,"HM","AICc | MDF",0.00918212097581094,0.00950842282687769,0.0733037517609258,1.81447869090843,0.0126586520322954,0.0114723142786318,1.81267897480129,"MDF (LM)","MDF (HM)",234,2.88195774239735,0.0173164842890828,1.37861960930845
"08-17-2023","EMS","JG","LGR #3",321902,"321902 15 stem 1","hem",15,"stem","27","0","21.9","78.6","18.2","27.4","33.7","37.4","20.3","C5","","14:16:03","14:15:47","14:19:06","",1.49422685725844,"HM","",1.27840923373702,0.997893916671283,2.84037286941944e-291,2.30735922731495,1.49422685725844,0.999557096630672,1.05811270953523,"Noise (LM.MAE)","Noise (HM.MAE)",218,1.59080325063685,0.00146617811118604,1.16881732220483,0.0234867420090305,"HM","AICc",0.0128707864948397,0.115724390980372,1.57116942493799e-07,1.3737997673986,0.0234867420090305,0.12293375966572,1.36818811274943,"","",218,1.59080325063685,0.0102632467783023,1.82481016357834
"08-17-2023","EMS","JG","LGR #3",321902,"321902 15 stem 2","hem",15,"stem","27","0","22","79.4","18.2","27.4","33.7","37.4","20.3","C5","","14:22:24","14:22:08","14:25:26","",1.30327739363243,"HM","",1.1219877754665,0.997280341022508,9.12977568095913e-241,1.98563208976012,1.30327739363243,0.99883637402056,1.29881788999423,"Noise (LM.MAE)","Noise (HM.MAE)",188,1.58992061378994,0.00170044985432079,1.16157896024362,0.033772324469407,"HM","AICc",0.0337114020255341,0.346157416094565,4.10229085003179e-19,1.56228209491877,0.033772324469407,0.346057615473594,1.56240260924273,"","",188,1.58992061378994,0.0119031489802455,1.00180717621376
"08-17-2023","EMS","JG","LGR #3",321902,"321902 15 branch 1","hem",15,"branch","5.5","15","21.8","79.7","18.2","27.4","33.7","37.4","21.5","A10","","14:27:50","14:27:34","14:30:32","",1.81868198954012,"LM","g-fact. > 2",1.81868198954012,0.955803792359637,4.48182966833202e-124,10.7547128902,3.91674777693736,0.998950988990589,1.6569001654366,"Noise (LM.MAE)","Noise (HM.MAE) | Exaggerated curvature (g-fact)",182,1.90079502302543,0.00210032599229329,2.15361882916527,0.0217840317082884,"HM","AICc",0.0216906595735169,0.127736563596459,4.36335944655731e-07,1.53033596558263,0.0217840317082884,0.127711527798053,1.53035821531083,"","",182,1.90079502302543,0.014702281946053,1.00430471625148
"08-17-2023","EMS","JG","LGR #3",321902,"321902 15 leaf 1","hem",15,"leaf","na","75","21.4","81.8","18.2","27.4","33.7","37.4","21.5","Leaf A","","14:35:40","14:35:24","14:37:44","",0.281374577305011,"HM","AICc",0.27957158462837,0.988448095254042,1.22835618910701e-140,0.542519909867536,0.281374577305011,0.988287450946061,0.546319034436909,"Noise (LM.MAE)","Noise (HM.MAE)",145,2.30605880897369,0.00320285945690791,1.00644912707791,0.00909329451170404,"HM","AICc | MDF",0.00738392131351019,0.000686279143143786,0.296277886775821,1.51733402970718,0.00909329451170404,0.00146608489822464,1.51674189497305,"MDF (LM)","MDF (HM)",145,2.30605880897369,0.0224200161983553,1.23149937893654
"08-17-2023","EMS","JG","LGR #3",321902,"321902 6 leaf 1","hem",6,"leaf","na","200","21.5","82.9","18.2","27.4","33.7","37.4","20","Leaf A","","14:47:58","14:47:42","14:50:59","",-0.0503904043328131,"HM","AICc",-0.0502427219293711,0.631258971414158,3.03309059349076e-43,0.664721646140074,-0.0503904043328131,0.630742645094149,0.665186963149672,"Noise (LM.MAE)","Noise (HM.MAE)",192,3.1642724351484,0.0033133742776423,1.00293937903384,0.000187991844104322,"HM","AICc | MDF",0.00017135882795367,-0.00525794888682607,0.975001580962186,1.30852014956728,0.000187991844104322,-0.00525714927633003,1.30851963412993,"MDF (LM)","MDF (HM)",192,3.1642724351484,0.0231936199434961,1.09706541734254
"08-17-2023","EMS","JG","LGR #3",321902,"321902 6 stem 1","hem",6,"stem","37","0","21.5","83.3","18.2","27.4","33.7","37.4","20","C5","","14:53:21","14:53:05","14:56:23","",1.56180048717208,"HM","",1.15831706912866,0.992914599269147,4.74483094762624e-244,4.00636596031108,1.56180048717208,0.999234298260538,1.31703775601857,"Noise (LM.MAE)","Noise (HM.MAE)",227,1.58759061557039,0.00140494744740742,1.34833589938111,0.0238446243955774,"HM","AICc",0.0201186722438394,0.253597209822954,3.22062234623914e-16,1.40413139908427,0.0238446243955774,0.254245904747354,1.40352110476413,"","",227,1.58759061557039,0.00983463213185197,1.18519871026176
"08-17-2023","EMS","JG","LGR #3",321902,"321902 6 stem 2","hem",6,"stem","37","0","21.5","81.7","18.2","27.4","33.7","37.4","19.9","C5","","15:00:13","14:59:57","15:03:37","",1.40673379536745,"HM","",1.33096322635152,0.999604923456803,0,1.13089882544217,1.40673379536745,0.99981319897348,0.777629557504629,"Noise (LM.MAE)","Noise (HM.MAE)",237,1.5872728210035,0.00134514645847755,1.05692912284559,0.0196543114268878,"HM","AICc",0.0196066848706559,0.234570169175755,1.45993553210529e-15,1.50338504136379,0.0196543114268878,0.234509439478356,1.50344548512171,"","",237,1.5872728210035,0.00941602520934282,1.00242909785851
"08-17-2023","EMS","JG","LGR #3",300607,"300607 16 stem 1","ro",16,"stem","8.5","0","23.1","73.6","18.2","19.5","23.1","25.4","22.2","A10","","15:36:59","15:36:43","15:40:42","",3.29435053562951,"HM","",2.45103824050804,0.993717335549236,2.04529147541604e-244,6.54653436277063,3.29435053562951,0.999911485961666,0.777043974092579,"Noise (LM.MAE)","Noise (HM.MAE)",222,1.89246784117777,0.00171264058025138,1.34406329578386,0.0566457812889611,"LM","g-fact. > 2",0.0566457812889611,0.555669059011994,7.70141769753325e-41,1.69846086752615,0.120056378767562,0.578185471455151,1.6548667649707,"","Exaggerated curvature (g-fact)",222,1.89246784117777,0.0119884840617596,2.1194231244712
"08-17-2023","EMS","JG","LGR #3",300607,"300607 16 stem 2","ro",16,"stem","8.5","0","23.1","73.6","18.2","19.5","23.1","25.4","22.2","A10","","15:42:07","15:41:51","15:45:08","",3.40137971545834,"HM","",2.7503203401847,0.996771919337962,2.03244810455687e-297,5.66579900134096,3.40137971545834,0.999957074853362,0.653348454566751,"Noise (LM.MAE)","Noise (HM.MAE)",239,1.89030573898166,0.00158849221763165,1.23672128870265,0.0589623863322447,"HM","AICc",0.0585532424338544,0.608428483937434,2.24743346450598e-50,1.69813367726427,0.0589623863322447,0.608333128347591,1.69834208989423,"","",239,1.89030573898166,0.0111194455234216,1.00698755323162
"08-17-2023","EMS","JG","LGR #3",300607,"300607 16 leaf 1","ro",16,"leaf","na","100","23.2","73.4","18.2","19.5","23.1","25.4","22.2","Leaf B","","15:50:19","15:50:03","15:53:43","",-2.28238724218155,"HM","",-1.46264200269729,0.988925265070172,1.24104828763344e-249,6.38339284059129,-2.28238724218155,0.998237588871825,2.59950984223411,"Noise (LM.MAE)","Noise (HM.MAE)",255,1.77301212782485,0.0014015906148813,1.560455147584,0.018792148030054,"LM","g-fact. > 2",0.018792148030054,0.190430495508344,1.68686717812083e-13,1.58478025381254,0.0448425260337991,0.203298281441208,1.57213507848791,"","Exaggerated curvature (g-fact)",255,1.77301212782485,0.0098111343041691,2.38623737755168
"08-17-2023","EMS","JG","LGR #3",300607,"300607 12 leaf 1","ro",12,"leaf","na","100","21.7","80.5","18.2","19.5","23.1","25.4","20.1","Leaf B","","16:00:10","15:59:54","16:02:58","",-0.484375235160394,"LM","MAE | AICc",-0.484375235160394,0.996058952081403,5.93312927430903e-215,1.10501345179645,-0.527089259633329,0.993234522414057,1.44812459903389,"Noise (LM.MAE)","Noise (HM.MAE)",179,1.41663272887651,0.00159172216727698,1.08818374964771,0.0119368512155108,"HM","AICc",0.0106938062483574,0.0686268302185884,0.000233161764926475,1.37726912067831,0.0119368512155108,0.0686741293087725,1.37723414844301,"","",179,1.41663272887651,0.0111420551709389,1.11623971280986
"08-17-2023","EMS","JG","LGR #3",300607,"300607 12 stem 1","ro",12,"stem","15","0","21.7","80.5","18.2","19.5","23.1","25.4","20.1","B7","","16:05:33","16:05:17","16:08:08","",2.16700371823815,"HM","",1.94969834758353,0.998940598569898,1.07657119804848e-232,1.81599091757019,2.16700371823815,0.99972567185354,0.924099168054292,"Noise (LM.MAE)","Noise (HM.MAE)",157,1.57524879484247,0.00201954973697753,1.11145589312519,0.124375306456097,"HM","",0.087670110630975,0.736455537012277,5.89867151490645e-47,1.49828683316455,0.124375306456097,0.743387183351411,1.47845185557556,"","",157,1.57524879484247,0.0141368481588427,1.41867399916516
"08-17-2023","EMS","JG","LGR #3",300607,"300607 12 stem 2","ro",12,"stem","15","0","21.7","80.6","18.2","19.5","23.1","25.4","20.1","B7","","16:09:29","16:09:13","16:13:47","",2.19748260501772,"HM","",1.78761789764202,0.996551318106976,1.6948370793242e-312,4.85635643484911,2.19748260501772,0.999599193048075,1.65558548035946,"Noise (LM.MAE)","Noise (HM.MAE)",254,1.57591584211938,0.00124578327440267,1.22927981864376,0.366184221620747,"HM","",0.33400677085552,0.991216642275304,2.43902558849257e-261,1.45196368495011,0.366184221620747,0.991802277119076,1.40272354093937,"","",254,1.57591584211938,0.00872048292081871,1.09633771998935
"08-17-2023","EMS","JG","LGR #3",300607,"300607 9 stem 1","ro",9,"stem","16.5","0","21.5","81.3","18.2","19.5","23.1","25.4","20.4","B7","","16:18:19","16:18:03","16:20:22","",1.78836722146121,"HM","",1.56413684020656,0.998458685523221,1.05141726615872e-225,1.80285039921359,1.78836722146121,0.999724248951005,0.762557590227829,"Noise (LM.MAE)","Noise (HM.MAE)",161,1.57927945352883,0.00196183783047059,1.14335726612323,0.0261288023733348,"HM","AICc",0.0260305453451953,0.215523031644926,3.33053720053251e-10,1.44061656542728,0.0261288023733348,0.215478629688654,1.44065782995997,"","",161,1.57927945352883,0.0137328648132942,1.00377468189146
"08-17-2023","EMS","JG","LGR #3",300607,"300607 9 stem 2","ro",9,"stem","16.5","0","21.6","80.5","18.2","19.5","23.1","25.4","20.5","B7","","16:22:15","16:21:59","16:25:06","",2.35547655704301,"HM","",2.15274939534793,0.999233673960521,5.17062985134191e-281,1.95608502196611,2.35547655704301,0.99979635351102,1.00836879982735,"Noise (LM.MAE)","Noise (HM.MAE)",181,1.57736676093316,0.00175262973437018,1.09417127796351,0.124119318222433,"HM","",0.081791843712956,0.776816446764448,2.07702879170496e-60,1.43733327727239,0.124119318222433,0.78639152584349,1.40616286840767,"","",181,1.57736676093316,0.0122684081405913,1.51750238884483
"08-17-2023","EMS","JG","LGR #3",300607,"300607 8 leaf 1","ro",8,"leaf","na","150","21.8","80.3","18.2","19.5","23.1","25.4","na","Leaf B","","16:27:55","16:27:39","16:32:00","",-0.96922672725737,"LM","MAE | AICc",-0.96922672725737,0.999264020205677,0,0.966387953466893,-1.1564815618594,0.996544219694365,2.09578573509093,"Noise (LM.MAE)","Noise (HM.MAE)",245,1.91001642566684,0.00156558723415315,1.19320023822693,0.0366818451866153,"HM","",0.0185382380920927,0.179867907991011,2.45357828991164e-12,1.44094395514114,0.0366818451866153,0.187850477721928,1.43391425721429,"","",245,1.91001642566684,0.010959110639072,1.97871259417375
"08-17-2023","EMS","JG","LGR #3",300607,"300607 7 stem 1","ro",7,"stem","20","0","21.9","79.9","18.2","19.5","23.1","25.4","20.7","C5","","16:41:24","16:41:08","16:44:04","",1.71676901006367,"HM","",1.28484513301522,0.992631833701094,3.69100934407185e-179,3.3587461229749,1.71676901006367,0.998504823912485,1.51301641518692,"Noise (LM.MAE)","Noise (HM.MAE)",168,1.57947252038043,0.00189158385674303,1.33616804543193,0.0697885058967851,"HM","",0.0482249983026374,0.519550950826137,1.95038264940273e-28,1.40324385318065,0.0697885058967851,0.525720675226366,1.39420480714069,"","",168,1.57947252038043,0.0132410869972012,1.44714377093028
"08-17-2023","EMS","JG","LGR #3",300607,"300607 7 stem 2","ro",7,"stem","20","0","21.8","80","18.2","19.5","23.1","25.4","20.4","C5","","16:45:48","16:45:32","16:47:54","",1.90416141561223,"HM","",1.83742106585251,0.999559224155272,1.1640468338407e-233,0.977242615400162,1.90416141561223,0.999646475583085,0.875191742594024,"Noise (LM.MAE)","Noise (HM.MAE)",140,1.58057990236285,0.00227421568685302,1.03632283911405,0.0855268576331345,"HM","AICc",0.0843555312105866,0.68062166584876,3.11395391718486e-36,1.46107109183637,0.0855268576331345,0.680582216864933,1.46116209563067,"","",140,1.58057990236285,0.0159195098079711,1.01388559120828
"08-17-2023","EMS","JG","LGR #3",300607,"300607 5 stem 1","ro",5,"stem","20","0","22","80.3","18.2","19.5","23.1","25.4","20.4","C5","","16:50:30","16:50:14","16:52:47","",1.51488169465749,"HM","",1.32712871682777,0.99841937501224,3.3077527702335e-205,1.40179351673384,1.51488169465749,0.999636943643543,0.671825753382549,"Noise (LM.MAE)","Noise (HM.MAE)",147,1.58054728457585,0.00216513326654226,1.14147307299514,0.116069937248925,"HM","",0.0730412129433523,0.57877852965794,3.13820178607427e-29,1.65007131059291,0.116069937248925,0.586871521311143,1.63414289626288,"","",147,1.58054728457585,0.0151559328657958,1.58910199559451
"08-17-2023","EMS","JG","LGR #3",300607,"300607 5 stem 2","ro",5,"stem","20","0","21.6","83.5","18.2","19.5","23.1","25.4","20.5","C5","","16:55:52","16:55:36","17:01:15","",1.77266085948352,"HM","",1.43719147112963,0.996738614730934,0,5.02017772001417,1.77266085948352,0.999823838836082,1.16673741439053,"Noise (LM.MAE)","Noise (HM.MAE)",336,1.57892061444224,0.000942639172801339,1.23342010796252,0.0867275651527646,"HM","",0.0554501231275164,0.840791497722317,1.54373740269344e-135,1.47304139918838,0.0867275651527646,0.852299902189328,1.41880338423807,"","",336,1.57892061444224,0.00659847420960937,1.56406442873573
"08-17-2023","EMS","JG","LGR #3",300607,"300607 3 stem 1","ro",3,"stem","21","0","21.7","81.7","18.2","19.5","23.1","25.4","20","C5","","17:04:12","17:03:56","17:06:47","",1.91679868229009,"HM","",1.85911212301179,0.999555521327149,0,1.43741573949695,1.91679868229009,0.99961861396154,1.33149434922395,"Noise (LM.MAE)","Noise (HM.MAE)",202,1.58031279352008,0.001572450540816,1.03102909101838,0.0498743067625684,"HM","AICc",0.0484036320620025,0.542481567249899,5.07288723401146e-36,1.62643166137315,0.0498743067625684,0.542513107591664,1.62637559926044,"","",202,1.58031279352008,0.011007153785712,1.03038356085928
"08-17-2023","EMS","JG","LGR #3",300607,"300607 3 stem 2","ro",3,"stem","21","0","21.8","82.6","18.2","19.5","23.1","25.4","19.9","C5","","17:08:36","17:08:20","17:10:36","",1.8687408249857,"LM","MAE | AICc",1.8687408249857,0.99880946381269,2.24160563653203e-224,1.81066068330399,1.88696244983671,0.998700248901537,1.89265072120761,"Noise (LM.MAE)","Noise (HM.MAE)",154,1.57883703926881,0.00205043771333612,1.00975075013473,0.0942451011532083,"HM","",0.062202135536445,0.588730680800252,2.39658543939134e-31,1.45572933315661,0.0942451011532083,0.596436405213578,1.44202725231355,"","",154,1.57883703926881,0.0143530639933528,1.51514253233298
"08-17-2023","EMS","JG","LGR #3",300607,"300607 0.5 stem 1","ro",0.5,"stem","24","0","20.4","90.2","18.2","19.5","23.1","25.4","19.6","C5","","17:39:59","17:39:43","17:42:19","",2.20856043250148,"HM","",1.86556755388093,0.997892231079903,2.3034732966585e-244,2.8470525982559,2.20856043250148,0.99987898608572,0.682184184748648,"Noise (LM.MAE)","Noise (HM.MAE)",183,1.57547562862992,0.00173129189959332,1.18385444038573,2.15649388167,"HM","",1.99847374730472,0.999017841267373,2.23153385400685e-274,2.08074493986535,2.15649388167,0.999413843038908,1.60744073352238,"Noise (LM.MAE)","",183,1.57547562862992,0.0121190432971533,1.07907040789422
"08-17-2023","EMS","JG","LGR #3",300607,"300607 0.5 stem 2","ro",0.5,"stem","24","0","20.4","90.4","18.2","19.5","23.1","25.4","19.7","C5","","17:43:28","17:43:12","17:46:29","",1.7182670460198,"HM","",1.11953249213498,0.985856790544251,0,8.60838148235362,1.7182670460198,0.999414294504508,1.75181067096613,"Noise (LM.MAE)","Noise (HM.MAE)",353,1.5753161604131,0.000897616045819428,1.53480766131497,-0.0158951738893378,"HM","AICc",-0.0158985756051585,0.269081716844814,6.32789999181244e-26,1.67574467514737,-0.0158951738893378,0.26898478048495,1.67585719300552,"","",353,1.5753161604131,0.00628331232073599,0.999786036440923
"08-17-2023","EMS","JG","LGR #3",300607,"300607 1.25 stem 1","ro",1.25,"stem","22","0","20.5","90.1","18.2","19.5","23.1","25.4","19.9","C5","","17:28:49","17:28:33","17:31:53","",3.45707862145062,"HM","",3.25947926939247,0.999626089330641,0,2.24749198002018,3.45707862145062,0.999861608489442,1.36731616004069,"Noise (LM.MAE)","Noise (HM.MAE)",196,1.57700262324258,0.00161743858794111,1.06062298168719,1.04112182037646,"LM","MAE | AICc",1.04112182037646,0.995821114421572,6.09048682795672e-233,2.40448270041905,1.04767375154178,0.995642442682948,2.45578524389032,"Noise (LM.MAE)","Noise (HM.MAE)",196,1.57700262324258,0.0113220701155877,1.00629314556383
"08-17-2023","EMS","JG","LGR #3",300607,"300607 1.25 stem 2","ro",1.25,"stem","22","0","20.4","91.2","18.2","19.5","23.1","25.4","20","C5","","17:33:18","17:33:02","17:36:26","",1.97277224171837,"HM","",1.65855534112264,0.99777201319003,0,4.17549470074579,1.97277224171837,0.999884166689315,0.952068866954223,"Noise (LM.MAE)","Noise (HM.MAE)",293,1.57689596905168,0.00108006573222718,1.18945216526995,0.0823714714047293,"HM","",0.0426918354078568,0.690593793535045,2.53638666755525e-76,1.52126214752948,0.0823714714047293,0.715125782329184,1.4597084476366,"","",293,1.57689596905168,0.00756046012559024,1.92944319722478
"08-17-2023","EMS","JG","LGR #3",300607,"300607 2 stem 1","ro",2,"stem","21","0","21","88.1","18.2","19.5","23.1","25.4","19.9","C5","","17:23:46","17:23:30","17:26:45","",1.86419576194719,"LM","MAE | AICc",1.86419576194719,0.99965826730084,0,1.17557393772738,1.89213202116828,0.999584271399034,1.29671627526231,"Noise (LM.MAE)","Noise (HM.MAE)",188,1.57680889780023,0.00168642662866335,1.01498568969597,0.103337437960783,"HM","",0.07599479158098,0.766616416775546,6.87439667541728e-61,1.42895331306507,0.103337437960783,0.771831535159886,1.41289763499923,"","",188,1.57680889780023,0.0118049864006434,1.35979632039213
"08-17-2023","EMS","JG","LGR #3",300607,"300607 2 stem 2","ro",2,"stem","21","0","21","88","18.2","19.5","23.1","25.4","20.1","C5","","17:20:53","17:20:37","17:22:53","",1.86401911460053,"HM","",1.76031193423301,0.998485484368215,7.65084578482814e-218,1.93643073503177,1.86401911460053,0.998716516748886,1.78262580867279,"Noise (LM.MAE)","Noise (HM.MAE)",155,1.57895197658704,0.00203735738914457,1.05891409263933,0.0439028710698879,"HM","AICc",0.0379124020909177,0.364737180755357,5.37377651988343e-17,1.40531724977533,0.0439028710698879,0.365360390202315,1.40462775413482,"","",155,1.57895197658704,0.014261501724012,1.15800816219992
