"UniqueID","ShootID","Leaf_area_cm2","Leaf_area_source","Light_condition"
"2 10.5 leaf 1","2 10.5 leaf 1",286.4,"species_mean","ambient"
"2 10.5 leaf 2","2 10.5 leaf 2",334.2,"measured","ambient"
"2 11.7 leaf 1","2 11.7 leaf 1",286.4,"species_mean","ambient"
"2 11.7 leaf 2","2 11.7 leaf paired",286.4,"species_mean","ambient"
"2 11.7 leaf_s 1","2 11.7 leaf paired",286.4,"species_mean","shaded"
"2 9.1 leaf 1","2 9.1 leaf 1",228.8,"measured","ambient"
"2 7 leaf 1","2 7 leaf 1",286.4,"species_mean","ambient"
"4 14.2 leaf 1","4 14.2 leaf 1",194.96,"species_mean","ambient"
"4 12 leaf 1","4 12 leaf 1",194.96,"species_mean","ambient"
"4 9.1 leaf 1","4 9.1 leaf 1",194.96,"species_mean","ambient"
"5 16 leaf 1","5 16 leaf 1",519.546666666667,"species_mean","ambient"
"5 10 leaf 1","5 10 leaf 1",519.546666666667,"species_mean","ambient"
"321071 16 leaf 1","321071 16 leaf 1",294.43,"measured","ambient"
"321071 18 leaf 2","321071 18 leaf 2",694.35,"measured","ambient"
"321071 22 leaf 1","321071 22 leaf 1",569.86,"measured","ambient"
"321902 11 leaf 1","321902 11 leaf 1",334.84,"measured","ambient"
"321902 15 leaf 1","321902 15 leaf 1",144.69,"measured","ambient"
"321902 6 leaf 1","321902 6 leaf 1",105.35,"measured","ambient"
"300607 16 leaf 1","300607 16 leaf 1",539.54,"measured","ambient"
"300607 12 leaf 1","300607 12 leaf 1",674.83,"measured","ambient"
"300607 8 leaf 1","300607 8 leaf 1",501.65,"measured","ambient"
