"source","CO2_precision_ppm","CH4_precision_ppb","dt_s","method"
"GLA131 spec",0.35,0.9,1,"Datasheet"
"LGR1",0.35,0.9,1,"Datasheet spec-equivalent at dt (spec/sqrt(dt))"
"LGR2",0.110679718105893,0.284604989415154,10,"Datasheet spec-equivalent at dt (spec/sqrt(dt))"
"LGR3",0.35,0.9,1,"Datasheet spec-equivalent at dt (spec/sqrt(dt))"
"LGR3-YMF",0.156524758424985,0.402492235949962,5,"Datasheet spec-equivalent at dt (spec/sqrt(dt))"
"LGR1",1.73397733204466,3.2897930104585,1,"Campaign MAD (first differences)"
"LGR2",5.32741191056918,1.27535707998231,10,"Campaign MAD (first differences)"
"LGR3",0.999548362336116,1.56945432837912,1,"Campaign MAD (first differences)"
"LGR3-YMF",1.04228663609991,1.40029850566019,5,"Campaign MAD (first differences)"
"LGR1",0.962151472354527,2.53139849513298,1,"Rolling window (bottom 5%)"
"LGR2",1.24175817057262,0.700944186550361,10,"Rolling window (bottom 5%)"
"LGR3",0.545055439971845,1.21393806531847,1,"Rolling window (bottom 5%)"
"LGR3-YMF",1.10388215394272,1.24063893013517,5,"Rolling window (bottom 5%)"
"LGR1",1.48830623192276,3.61441084250274,1,"Allan deviation (median)"
"LGR2",1.78164591857268,0.61563520897224,10,"Allan deviation (median)"
"LGR3",0.641712883389223,1.461814408757,1,"Allan deviation (median)"
"LGR3-YMF",0.68126764428177,1.27292113484692,5,"Allan deviation (median)"
