Lab No.,Autosampler Poisition,Sample Name,Tree Height,Tree Tissue,Replicate,Sample Type,Lab ID,FID File,FID Date,FID Time,FID Channel CH4,Certified Value CO2,CH4 Area,CH4 ppm,CH4 Unit,FID Channel CO2,Certified Value CO2,CO2 Area,CO2 ppm,CO2 Unit,ECD File,ECD Date,ECD Time,ECD Channel O2,Certified Value O2,O2 Area,O2 ppm,ECD Channel N2O,Certified Value N2O,N2O Area,N2O ppm,N2O Unit
,1,Lab Air Blank NA NA,NA,NA,NA,Lab Air Blank,,F221007s01.CHR,10/7/22,19:37:21,CH4,1.423,0.3798,1.9606,ppm,CO2,1.986,111.404,202.1604,ppm,E221007s01.CHR,10/7/22,19:37:21,O2,1.166,3109.2884,124927.7705,N2O,2.31,66.3576,0.0732,ppm
,2,Lab Air Blank NA NA,NA,NA,NA,Lab Air Blank,,F221007s02.CHR,10/7/22,19:42:44,CH4,1.413,0.3428,1.8006,ppm,CO2,1.98,106.042,182.3438,ppm,E221007s02.CHR,10/7/22,19:42:44,O2,1.16,3042.2711,118882.9501,N2O,2.31,61.4348,0.053,ppm
,3,Lab Air Blank NA NA,NA,NA,NA,Lab Air Blank,,F221007s03.CHR,10/7/22,19:48:08,CH4,1.423,0.3418,1.7963,ppm,CO2,1.986,98.1864,153.3115,ppm,E221007s03.CHR,10/7/22,19:48:08,O2,1.166,3004.1453,115611.5583,N2O,2.313,60.2597,0.0482,ppm
,4,Lab Air Blank NA NA,NA,NA,NA,Lab Air Blank,,F221007s04.CHR,10/7/22,19:53:31,CH4,1.413,0.4006,2.0506,ppm,CO2,1.98,106.8744,185.4202,ppm,E221007s04.CHR,10/7/22,19:53:31,O2,1.16,3129.5902,126788.1694,N2O,2.303,65.6782,0.0704,ppm
,5,Lab Air Blank NA NA,NA,NA,NA,Lab Air Blank,,F221007s05.CHR,10/7/22,19:58:54,CH4,1.42,0.3962,2.0316,ppm,CO2,1.986,103.6172,173.3824,ppm,E221007s05.CHR,10/7/22,19:58:54,O2,1.166,3020.8111,117041.5706,N2O,2.31,63.4556,0.0613,ppm
,6,Lab Air Blank NA NA,NA,NA,NA,Lab Air Blank,,F221007s06.CHR,10/7/22,20:04:17,CH4,1.42,0.3849,1.9827,ppm,CO2,1.986,97.846,152.0535,ppm,E221007s06.CHR,10/7/22,20:04:17,O2,1.16,2968.8874,112628.3642,N2O,2.313,58.8838,0.0426,ppm
,7,Lab Air Blank NA NA,NA,NA,NA,Lab Air Blank,,F221007s07.CHR,10/7/22,20:09:41,CH4,1.423,0.3771,1.949,ppm,CO2,1.993,104.6204,177.0899,ppm,E221007s07.CHR,10/7/22,20:09:41,O2,1.163,3135.3514,127349.5898,N2O,2.32,64.6498,0.0662,ppm
,8,Lab Air Blank NA NA,NA,NA,NA,Lab Air Blank,,F221007s08.CHR,10/7/22,20:15:04,CH4,1.423,0.4024,2.0584,ppm,CO2,1.99,108.7127,192.214,ppm,E221007s08.CHR,10/7/22,20:15:04,O2,1.166,3252.0644,139115.3939,N2O,2.316,70.3863,0.0897,ppm
,9,Lab Air Blank NA NA,NA,NA,NA,Lab Air Blank,,F221007s09.CHR,10/7/22,20:20:27,CH4,1.416,0.3848,1.9823,ppm,CO2,1.98,93.9154,137.527,ppm,E221007s09.CHR,10/7/22,20:20:27,O2,1.16,2985.8294,114039.959,N2O,2.306,59.4834,0.045,ppm
,10,Lab Air Blank NA NA,NA,NA,NA,Lab Air Blank,,F221007s10.CHR,10/7/22,20:25:50,CH4,1.416,0.3448,1.8093,ppm,CO2,1.976,95.2061,142.2971,ppm,E221007s10.CHR,10/7/22,20:25:50,O2,1.16,2973.27,112983.2149,N2O,2.303,60.3216,0.0485,ppm
,11,N2 NA NA,NA,NA,NA,N2,,F221007s11.CHR,10/7/22,20:31:14,CH4,0,0,0,ppm,CO2,1.97,10.1918,0,ppm,E221007s11.CHR,10/7/22,20:31:14,O2,1.153,871.0922,0,N2O,2.29,4.4881,0,ppm
,12,Lab Air Blank NA NA,NA,NA,NA,Lab Air Blank,,F221007s12.CHR,10/7/22,20:36:37,CH4,1.413,0.31,1.6587,ppm,CO2,1.976,83.3586,98.5117,ppm,E221007s12.CHR,10/7/22,20:36:37,O2,1.16,2811.9958,100284.9111,N2O,2.3,51.9589,0.0142,ppm
,13,SB1 NA NA,NA,NA,NA,SB1,,F221007s13.CHR,10/7/22,20:42:01,CH4,1.41,0.2785,1.5225,ppm,CO2,1.973,54.3916,0,ppm,E221007s13.CHR,10/7/22,20:42:01,O2,1.156,3280.2262,142221.1317,N2O,2.296,54.1686,0.0233,ppm
,14,Lab Air Blank NA NA,NA,NA,NA,Lab Air Blank,,F221007s14.CHR,10/7/22,20:47:25,CH4,1.413,0.4136,2.1068,ppm,CO2,1.97,100.8033,162.9829,ppm,E221007s14.CHR,10/7/22,20:47:25,O2,1.156,3053.1629,119817.5231,N2O,2.29,61.1786,0.052,ppm
,15,SB2 NA NA,NA,NA,NA,SB2,,F221007s15.CHR,10/7/22,20:52:49,CH4,1.416,0.7573,3.5934,ppm,CO2,1.976,137.9144,300.1361,ppm,E221007s15.CHR,10/7/22,20:52:49,O2,1.166,3691.2482,199415.1198,N2O,2.296,90.4975,0.1722,ppm
,16,Lab Air Blank NA NA,NA,NA,NA,Lab Air Blank,,F221007s16.CHR,10/7/22,20:58:12,CH4,1.423,0.3476,1.8214,ppm,CO2,1.976,93.3678,135.5032,ppm,E221007s16.CHR,10/7/22,20:58:12,O2,1.166,2948.8992,111009.9577,N2O,2.3,57.7729,0.038,ppm
,17,SB3 NA NA,NA,NA,NA,SB3,,F221007s17.CHR,10/7/22,21:03:36,CH4,1.42,4.9749,21.8355,ppm,CO2,1.976,617.611,2072.9731,ppm,E221007s17.CHR,10/7/22,21:03:36,O2,1.166,3384.1215,154667.9565,N2O,2.293,150.058,0.4163,ppm
,18,Lab Air Blank NA NA,NA,NA,NA,Lab Air Blank,,F221007s18.CHR,10/7/22,21:09:00,CH4,1.413,0.3906,2.0073,ppm,CO2,1.97,103.5658,173.1924,ppm,E221007s18.CHR,10/7/22,21:09:00,O2,1.16,3082.9427,122523.5418,N2O,2.29,62.6244,0.0579,ppm
,19,SB4 NA NA,NA,NA,NA,SB4,,F221007s19.CHR,10/7/22,21:14:24,CH4,1.426,49.4717,214.2939,ppm,CO2,1.986,1536.9714,5470.6961,ppm,E221007s19.CHR,10/7/22,21:14:24,O2,1.17,3550.7126,178689.1047,N2O,2.3,735.9484,2.8178,ppm
,20,Lab Air Blank NA NA,NA,NA,NA,Lab Air Blank,,F221007s20.CHR,10/7/22,21:19:48,CH4,1.406,0.44,2.221,ppm,CO2,1.96,105.5996,180.7088,ppm,E221007s20.CHR,10/7/22,21:19:48,O2,1.156,2953.9338,111417.5997,N2O,2.276,65.6888,0.0705,ppm
,21,SB5 NA NA,NA,NA,NA,SB5,,F221007s21.CHR,10/7/22,21:25:12,CH4,1.413,1146.4542,4958.9854,ppm,CO2,1.98,2554.7528,9232.1581,ppm,E221007s21.CHR,10/7/22,21:25:12,O2,1.16,3399.7255,156754.9243,N2O,2.286,1261.509,4.972,ppm
,22,Lab Air Blank NA NA,NA,NA,NA,Lab Air Blank,,F221007s22.CHR,10/7/22,21:30:36,CH4,1.423,1.9868,8.9113,ppm,CO2,1.976,104.0058,174.8185,ppm,E221007s22.CHR,10/7/22,21:30:36,O2,1.166,3138.5106,127657.4491,N2O,2.3,61.2379,0.0522,ppm
,23,SB6 NA NA,NA,NA,NA,SB6,,F221007s23.CHR,10/7/22,21:36:00,CH4,1.393,10257.8573,44367.8147,ppm,CO2,1.966,12309.972,45284.9748,ppm,E221007s23.CHR,10/7/22,21:36:00,O2,1.15,832.554,0,N2O,2.29,5257.847,21.3525,ppm
,24,Lab Air Blank NA NA,NA,NA,NA,Lab Air Blank,,F221007s24.CHR,10/7/22,21:41:24,CH4,1.41,22.9808,99.715,ppm,CO2,1.963,131.6276,276.9017,ppm,E221007s24.CHR,10/7/22,21:41:24,O2,1.156,3073.632,121673.8756,N2O,2.283,73.4397,0.1022,ppm
,25,Lab Air Blank NA NA,NA,NA,NA,Lab Air Blank,,F221007s25.CHR,10/7/22,21:46:48,CH4,1.41,0.5535,2.7119,ppm,CO2,1.963,96.3783,146.6292,ppm,E221007s25.CHR,10/7/22,21:46:48,O2,1.156,2963.0624,112156.725,N2O,2.28,58.9938,0.043,ppm
,26,Lab Air Blank NA NA,NA,NA,NA,Lab Air Blank,,F221007s26.CHR,10/7/22,21:52:12,CH4,1.41,0.3668,1.9044,ppm,CO2,1.96,94.7816,140.7282,ppm,E221007s26.CHR,10/7/22,21:52:12,O2,1.156,2988.223,114245.3423,N2O,2.276,59.0274,0.0432,ppm
,27,Outdoor Air 1 NA NA,NA,NA,NA,Outdoor Air 1,,F221007s27.CHR,10/7/22,21:57:36,CH4,1.41,0.1574,0.9987,ppm,CO2,1.96,14.8487,0,ppm,E221007s27.CHR,10/7/22,21:57:36,O2,1.153,876.291,0,N2O,2.256,5.8049,0,ppm
,28,Lab Air Blank NA NA,NA,NA,NA,Lab Air Blank,,F221007s28.CHR,10/7/22,22:03:01,CH4,1.416,0.3302,1.7461,ppm,CO2,1.973,89.6074,121.6057,ppm,E221007s28.CHR,10/7/22,22:03:01,O2,1.163,3013.3531,116401.6354,N2O,2.29,52.9921,0.0184,ppm
,29,Outdoor Air 2 NA NA,NA,NA,NA,Outdoor Air 2,,F221007s29.CHR,10/7/22,22:08:25,CH4,1.413,0.1929,1.1523,ppm,CO2,1.963,35.518,0,ppm,E221007s29.CHR,10/7/22,22:08:25,O2,1.163,1624.1338,30480.3657,N2O,2.28,20.0238,0,ppm
,30,Lab Air Blank NA NA,NA,NA,NA,Lab Air Blank,,F221007s30.CHR,10/7/22,22:13:49,CH4,1.41,0.4191,2.1306,ppm,CO2,1.96,103.037,171.2381,ppm,E221007s30.CHR,10/7/22,22:13:49,O2,1.156,3122.3244,126117.3963,N2O,2.276,61.0048,0.0513,ppm
,31,Outdoor Air 3 NA NA,NA,NA,NA,Outdoor Air 3,,F221007s31.CHR,10/7/22,22:19:13,CH4,1.416,0.5086,2.5177,ppm,CO2,1.963,55.9288,0,ppm,E221007s31.CHR,10/7/22,22:19:13,O2,1.163,2128.851,56647.2447,N2O,2.283,30.253,0,ppm
,32,Lab Air Blank NA NA,NA,NA,NA,Lab Air Blank,,F221007s32.CHR,10/7/22,22:24:38,CH4,1.41,0.315,1.6804,ppm,CO2,1.956,81.3612,91.1298,ppm,E221007s32.CHR,10/7/22,22:24:38,O2,1.16,2843.8726,102728.1802,N2O,2.27,50.4887,0.0082,ppm
,33,Outdoor Air 4 NA NA,NA,NA,NA,Outdoor Air 4,,F221007s33.CHR,10/7/22,22:30:02,CH4,1.42,0.5262,2.5938,ppm,CO2,1.966,77.3754,76.3993,ppm,E221007s33.CHR,10/7/22,22:30:02,O2,1.163,2604.3353,85605.491,N2O,2.283,42.9145,0,ppm
,34,Lab Air Blank NA NA,NA,NA,NA,Lab Air Blank,,F221007s34.CHR,10/7/22,22:35:26,CH4,1.41,0.4086,2.0852,ppm,CO2,1.956,110.814,199.9799,ppm,E221007s34.CHR,10/7/22,22:35:26,O2,1.156,3245.878,138468.6592,N2O,2.27,67.2816,0.077,ppm
,35,Outdoor Air 5 NA NA,NA,NA,NA,Outdoor Air 5,,F221007s35.CHR,10/7/22,22:40:50,CH4,1.416,0.6259,3.0251,ppm,CO2,1.966,104.0418,174.9516,ppm,E221007s35.CHR,10/7/22,22:40:50,O2,1.163,2992.6395,114624.3009,N2O,2.283,58.322,0.0403,ppm
,36,Lab Air Blank NA NA,NA,NA,NA,Lab Air Blank,,F221007s36.CHR,10/7/22,22:46:14,CH4,1.42,0.3632,1.8888,ppm,CO2,1.97,97.8338,152.0084,ppm,E221007s36.CHR,10/7/22,22:46:14,O2,1.166,3138.7842,127684.111,N2O,2.283,58.33,0.0403,ppm
,37,Outdoor Air 6 NA NA,NA,NA,NA,Outdoor Air 6,,F221007s37.CHR,10/7/22,22:51:39,CH4,1.423,0.6844,3.2781,ppm,CO2,1.966,118.7808,229.4232,ppm,E221007s37.CHR,10/7/22,22:51:39,O2,1.166,3303.9502,144895.9605,N2O,2.28,72.227,0.0973,ppm
,38,Lab Air Blank NA NA,NA,NA,NA,Lab Air Blank,,F221007s38.CHR,10/7/22,22:57:03,CH4,1.41,0.3654,1.8984,ppm,CO2,1.95,94.1422,138.3652,ppm,E221007s38.CHR,10/7/22,22:57:03,O2,1.16,2902.0158,107213.8983,N2O,2.263,56.2729,0.0319,ppm
,39,Outdoor Air 7 NA NA,NA,NA,NA,Outdoor Air 7,,F221007s39.CHR,10/7/22,23:02:27,CH4,1.423,0.9467,4.4126,ppm,CO2,1.97,143.8981,322.2504,ppm,E221007s39.CHR,10/7/22,23:02:27,O2,1.17,3611.3157,187626.7744,N2O,2.286,85.7498,0.1527,ppm
,40,Lab Air Blank NA NA,NA,NA,NA,Lab Air Blank,,F221007s40.CHR,10/7/22,23:07:51,CH4,1.406,0.3835,1.9766,ppm,CO2,1.953,100.29,161.0859,ppm,E221007s40.CHR,10/7/22,23:07:51,O2,1.156,3091.8318,123334.7341,N2O,2.266,61.1606,0.0519,ppm
,41,Lab Air Blank NA NA,NA,NA,NA,Lab Air Blank,,F221007s41.CHR,10/7/22,23:13:15,CH4,1.406,0.3688,1.9131,ppm,CO2,1.953,101.7276,166.3989,ppm,E221007s41.CHR,10/7/22,23:13:15,O2,1.156,3118.5096,125769.2692,N2O,2.263,60.9762,0.0512,ppm
,42,Lab Air Blank NA NA,NA,NA,NA,Lab Air Blank,,F221007s42.CHR,10/7/22,23:18:39,CH4,1.403,0.3649,1.8962,ppm,CO2,1.95,95.1656,142.1474,ppm,E221007s42.CHR,10/7/22,23:18:39,O2,1.156,3042.0576,118864.6307,N2O,2.263,57,0.0349,ppm
,43,Oxygen Standard 1 NA NA,NA,NA,NA,Oxygen Standard 1,,F221007s43.CHR,10/7/22,23:24:03,CH4,0,0,0,ppm,CO2,1.956,9.3777,0,ppm,E221007s43.CHR,10/7/22,23:24:03,O2,1.163,879.8206,0,N2O,2.266,4.6464,0,ppm
,44,Lab Air Blank NA NA,NA,NA,NA,Lab Air Blank,,F221007s44.CHR,10/7/22,23:29:28,CH4,1.406,0.3485,1.8253,ppm,CO2,1.95,88.0026,115.6748,ppm,E221007s44.CHR,10/7/22,23:29:28,O2,1.16,2964.9136,112306.6131,N2O,2.263,50.4407,0.008,ppm
,45,Oxygen Standard 2 NA NA,NA,NA,NA,Oxygen Standard 2,,F221007s45.CHR,10/7/22,23:34:52,CH4,0,0,0,ppm,CO2,1.966,11.5524,0,ppm,E221007s45.CHR,10/7/22,23:34:52,O2,1.166,1611.1078,29851.2546,N2O,2.28,4.9898,0,ppm
,46,Lab Air Blank NA NA,NA,NA,NA,Lab Air Blank,,F221007s46.CHR,10/7/22,23:40:16,CH4,1.416,0.3316,1.7522,ppm,CO2,1.96,89.498,121.2014,ppm,E221007s46.CHR,10/7/22,23:40:16,O2,1.163,3020.3249,116999.8521,N2O,2.276,49.903,0.0058,ppm
,47,Oxygen Standard 3 NA NA,NA,NA,NA,Oxygen Standard 3,,F221007s47.CHR,10/7/22,23:45:40,CH4,0,0,0,ppm,CO2,1.95,10.3307,0,ppm,E221007s47.CHR,10/7/22,23:45:40,O2,1.156,1978.7572,48460.9842,N2O,2.266,5.1686,0,ppm
,48,Lab Air Blank NA NA,NA,NA,NA,Lab Air Blank,,F221007s48.CHR,10/7/22,23:51:05,CH4,1.416,0.3391,1.7846,ppm,CO2,1.96,88.0149,115.7202,ppm,E221007s48.CHR,10/7/22,23:51:05,O2,1.166,2957.1356,111676.8433,N2O,2.273,50.3774,0.0077,ppm
,49,Oxygen Standard 4 NA NA,NA,NA,NA,Oxygen Standard 4,,F221007s49.CHR,10/7/22,23:56:29,CH4,0,0,0,ppm,CO2,1.95,10.2415,0,ppm,E221007s49.CHR,10/7/22,23:56:29,O2,1.156,2743.5022,95286.5957,N2O,2.283,5.1962,0,ppm
,50,Lab Air Blank NA NA,NA,NA,NA,Lab Air Blank,,F221007s50.CHR,10/8/22,0:01:54,CH4,1.416,0.3854,1.9849,ppm,CO2,1.956,101.2202,164.5237,ppm,E221007s50.CHR,10/8/22,0:01:54,O2,1.166,3123.7743,126249.7098,N2O,2.27,58.7971,0.0422,ppm
,51,Oxygen Standard 5 NA NA,NA,NA,NA,Oxygen Standard 5,,F221007s51.CHR,10/8/22,0:07:18,CH4,1.4,0.1028,0.7626,ppm,CO2,1.95,11.6824,0,ppm,E221007s51.CHR,10/8/22,0:07:18,O2,1.156,3274.8542,141615.4505,N2O,2.266,6.7564,0,ppm
,52,Lab Air Blank NA NA,NA,NA,NA,Lab Air Blank,,F221007s52.CHR,10/8/22,0:12:42,CH4,1.406,0.3454,1.8118,ppm,CO2,1.95,102.9098,170.768,ppm,E221007s52.CHR,10/8/22,0:12:42,O2,1.156,3153.0803,129077.2447,N2O,2.263,59.7492,0.0461,ppm
,53,Lab Air Blank NA NA,NA,NA,NA,Lab Air Blank,,F221007s53.CHR,10/8/22,0:18:06,CH4,1.413,0.344,1.8058,ppm,CO2,1.96,97.498,150.7674,ppm,E221007s53.CHR,10/8/22,0:18:06,O2,1.163,3145.4043,128329.2299,N2O,2.273,57.6912,0.0377,ppm
,54,Lab Air Blank NA NA,NA,NA,NA,Lab Air Blank,,F221007s54.CHR,10/8/22,0:23:30,CH4,1.403,0.3732,1.9321,ppm,CO2,1.95,91.2501,127.6767,ppm,E221007s54.CHR,10/8/22,0:23:30,O2,1.156,2983.4156,113832.8424,N2O,2.256,54.9532,0.0265,ppm
,55,Tree Stem Internal Gas Trunk Gas 0.5,0.5,Trunk Gas,1,Tree Stem Internal Gas,1,F221007s55.CHR,10/8/22,0:28:55,CH4,1.416,22.5092,97.6752,ppm,CO2,1.96,744.5743,2542.1973,ppm,E221007s55.CHR,10/8/22,0:28:55,O2,1.166,3489.9002,169720.5678,N2O,2.266,111.5003,0.2583,ppm
,56,Lab Air Blank NA NA,NA,NA,NA,Lab Air Blank,,F221007s56.CHR,10/8/22,0:34:19,CH4,1.41,0.4818,2.4018,ppm,CO2,1.95,111.6186,202.9535,ppm,E221007s56.CHR,10/8/22,0:34:19,O2,1.16,3267.123,140743.7748,N2O,2.263,64.5517,0.0658,ppm
,57,Tree Stem Internal Gas Trunk Gas 1.25,1.25,Trunk Gas,1,Tree Stem Internal Gas,2,F221007s57.CHR,10/8/22,0:39:44,CH4,1.42,23.9282,103.8127,ppm,CO2,1.97,1364.7654,4834.2664,ppm,E221007s57.CHR,10/8/22,0:39:44,O2,1.166,3603.2029,186430.3087,N2O,2.273,124.4156,0.3112,ppm
,58,Lab Air Blank NA NA,NA,NA,NA,Lab Air Blank,,F221007s58.CHR,10/8/22,0:45:08,CH4,1.406,0.404,2.0653,ppm,CO2,1.946,102.5695,169.5103,ppm,E221007s58.CHR,10/8/22,0:45:08,O2,1.156,3087.759,122963.0628,N2O,2.26,56.5885,0.0332,ppm
,59,Tree Stem Internal Gas Trunk Gas 2,2,Trunk Gas,1,Tree Stem Internal Gas,3,F221007s59.CHR,10/8/22,0:50:32,CH4,1.416,418.612,1810.9072,ppm,CO2,1.966,9725.502,35733.429,ppm,E221007s59.CHR,10/8/22,0:50:32,O2,1.166,3329.2612,147841.979,N2O,2.263,278.5744,0.9431,ppm
,60,Lab Air Blank NA NA,NA,NA,NA,Lab Air Blank,,F221007s60.CHR,10/8/22,0:55:56,CH4,1.4,1.1826,5.4329,ppm,CO2,1.94,129.9066,270.5413,ppm,E221007s60.CHR,10/8/22,0:55:56,O2,1.156,2919.7134,108646.8392,N2O,2.25,56.6222,0.0333,ppm
,61,Tree Stem Internal Gas Trunk Gas 4,4,Trunk Gas,1,Tree Stem Internal Gas,4,F221007s61.CHR,10/8/22,1:01:20,CH4,1.42,291.9372,1263.0107,ppm,CO2,1.97,2181.0252,7850.9556,ppm,E221007s61.CHR,10/8/22,1:01:20,O2,1.166,3564.0892,180661.869,N2O,2.27,148.8672,0.4114,ppm
,62,Lab Air Blank NA NA,NA,NA,NA,Lab Air Blank,,F221007s62.CHR,10/8/22,1:06:45,CH4,1.413,1.9954,8.9485,ppm,CO2,1.953,117.9262,226.2648,ppm,E221007s62.CHR,10/8/22,1:06:45,O2,1.166,3063.3568,120736.192,N2O,2.266,58.1976,0.0398,ppm
,63,Tree Stem Internal Gas Trunk Gas 6,6,Trunk Gas,1,Tree Stem Internal Gas,5,F221007s63.CHR,10/8/22,1:12:10,CH4,1.41,187.0226,809.2319,ppm,CO2,1.95,614.5874,2061.7987,ppm,E221007s63.CHR,10/8/22,1:12:10,O2,1.16,3488.2202,169472.8035,N2O,2.26,95.202,0.1914,ppm
,64,Lab Air Blank NA NA,NA,NA,NA,Lab Air Blank,,F221007s64.CHR,10/8/22,1:17:34,CH4,1.413,0.7819,3.6998,ppm,CO2,1.956,100.6916,162.5701,ppm,E221007s64.CHR,10/8/22,1:17:34,O2,1.163,3068.9468,121246.3185,N2O,2.27,56.0613,0.031,ppm
,65,Tree Stem Internal Gas Trunk Gas 8,8,Trunk Gas,1,Tree Stem Internal Gas,6,F221007s65.CHR,10/8/22,1:22:59,CH4,1.413,35.2444,152.7577,ppm,CO2,1.953,225.1894,622.6824,ppm,E221007s65.CHR,10/8/22,1:22:59,O2,1.163,3523.0766,174613.3819,N2O,2.263,79.5644,0.1274,ppm
,66,Lab Air Blank NA NA,NA,NA,NA,Lab Air Blank,,F221007s66.CHR,10/8/22,1:28:23,CH4,1.413,0.383,1.9745,ppm,CO2,1.96,87.3476,113.2541,ppm,E221007s66.CHR,10/8/22,1:28:23,O2,1.166,2907.9766,107696.5329,N2O,2.27,47.3046,0,ppm
,67,Tree Stem Internal Gas Trunk Gas 10,10,Trunk Gas,1,Tree Stem Internal Gas,7,F221007s67.CHR,10/8/22,1:33:48,CH4,1.41,85.496,370.107,ppm,CO2,1.953,344.671,1064.2561,ppm,E221007s67.CHR,10/8/22,1:33:48,O2,1.16,3475.9092,167657.1926,N2O,2.266,87.1014,0.1582,ppm
,68,Lab Air Blank NA NA,NA,NA,NA,Lab Air Blank,,F221007s68.CHR,10/8/22,1:39:12,CH4,1.413,0.4072,2.0791,ppm,CO2,1.96,106.1818,182.8605,ppm,E221007s68.CHR,10/8/22,1:39:12,O2,1.166,3182.7172,131965.3165,N2O,2.273,60.4154,0.0489,ppm
,69,Lab Air Blank  ,,,,Lab Air Blank,,F221007s69.CHR,10/8/22,1:44:36,CH4,1.41,0.3482,1.824,ppm,CO2,1.953,93.4954,135.9748,ppm,E221007s69.CHR,10/8/22,1:44:36,O2,1.16,3017.0914,116722.401,N2O,2.266,53.002,0.0185,ppm
,70,Lab Air Blank  ,,,,Lab Air Blank,,F221007s70.CHR,10/8/22,1:50:01,CH4,1.406,0.3261,1.7284,ppm,CO2,1.95,88.2716,116.6689,ppm,E221007s70.CHR,10/8/22,1:50:01,O2,1.156,2887.721,106089.0394,N2O,2.263,49.1666,0.0028,ppm
,71,Anaerobic (N2) Heartwood 0.5,0.5,Heartwood,1,Anaerobic (N2),8,F221007s71.CHR,10/8/22,1:55:27,CH4,1.416,2.5132,11.1881,ppm,CO2,1.963,153.3021,357.0052,ppm,E221007s71.CHR,10/8/22,1:55:27,O2,1.16,1010.0664,2701.3969,N2O,2.27,5.9526,0,ppm
,72,Lab Air Blank NA NA,NA,NA,NA,Lab Air Blank,,F221007s72.CHR,10/8/22,2:00:51,CH4,1.416,0.365,1.8966,ppm,CO2,1.963,99.493,158.1404,ppm,E221007s72.CHR,10/8/22,2:00:51,O2,1.166,3147.622,128545.3415,N2O,2.273,55.4416,0.0285,ppm
,73,Anaerobic (N2) Heartwood 1.25,1.25,Heartwood,1,Anaerobic (N2),9,F221007s73.CHR,10/8/22,2:06:15,CH4,1.42,9.7676,42.5649,ppm,CO2,1.963,178.188,448.9771,ppm,E221007s73.CHR,10/8/22,2:06:15,O2,1.163,881.987,0,N2O,2.27,4.7234,0,ppm
,74,Lab Air Blank NA NA,NA,NA,NA,Lab Air Blank,,F221007s74.CHR,10/8/22,2:11:40,CH4,1.406,0.4235,2.1496,ppm,CO2,1.95,102.3431,168.6736,ppm,E221007s74.CHR,10/8/22,2:11:40,O2,1.156,3122.6651,126148.4875,N2O,2.263,56.8485,0.0342,ppm
,75,Check Standard NA NA,NA,NA,NA,Check Standard,,F221007s75.CHR,10/8/22,2:17:04,CH4,1.42,0.7556,3.5861,ppm,CO2,1.966,139.807,307.1307,ppm,E221007s75.CHR,10/8/22,2:17:04,O2,1.17,3857.2353,223894.6903,N2O,2.283,79.8787,0.1286,ppm
,76,Lab Air Blank NA NA,NA,NA,NA,Lab Air Blank,,F221007s76.CHR,10/8/22,2:22:29,CH4,1.406,0.3728,1.9304,ppm,CO2,1.95,104.7306,177.4972,ppm,E221007s76.CHR,10/8/22,2:22:29,O2,1.156,3158.9686,129651.0508,N2O,2.263,57.0308,0.035,ppm
,77,Anaerobic (N2) Heartwood 2,2,Heartwood,1,Anaerobic (N2),10,F221007s77.CHR,10/8/22,2:27:53,CH4,1.41,88.7622,384.234,ppm,CO2,1.953,353.8735,1098.2662,ppm,E221007s77.CHR,10/8/22,2:27:53,O2,1.156,853.2072,0,N2O,2.263,5.1736,0,ppm
,78,Lab Air Blank NA NA,NA,NA,NA,Lab Air Blank,,F221007s78.CHR,10/8/22,2:33:17,CH4,1.41,0.4578,2.298,ppm,CO2,1.953,128.9354,266.952,ppm,E221007s78.CHR,10/8/22,2:33:17,O2,1.16,3486.4018,169204.6282,N2O,2.266,74.3605,0.106,ppm
,79,Anaerobic (N2) Heartwood 4,4,Heartwood,1,Anaerobic (N2),11,F221007s79.CHR,10/8/22,2:38:41,CH4,1.42,11.8939,51.7617,ppm,CO2,1.963,163.92,396.2462,ppm,E221007s79.CHR,10/8/22,2:38:41,O2,1.163,975.6963,1238.2391,N2O,2.263,6.226,0,ppm
,80,Lab Air Blank NA NA,NA,NA,NA,Lab Air Blank,,F221007s80.CHR,10/8/22,2:44:05,CH4,1.423,0.4472,2.2522,ppm,CO2,1.97,108.513,191.476,ppm,E221007s80.CHR,10/8/22,2:44:05,O2,1.17,3313.2258,145941.764,N2O,2.28,60.102,0.0476,ppm
,81,Anaerobic (N2) Heartwood 6,6,Heartwood,1,Anaerobic (N2),12,F221007s81.CHR,10/8/22,2:49:29,CH4,1.41,122.7824,531.3789,ppm,CO2,1.953,338.55,1041.6344,ppm,E221007s81.CHR,10/8/22,2:49:29,O2,1.156,962.8887,693.0111,N2O,2.25,6.5418,0,ppm
,82,Lab Air Blank NA NA,NA,NA,NA,Lab Air Blank,,F221007s82.CHR,10/8/22,2:54:54,CH4,1.42,0.4692,2.3473,ppm,CO2,1.97,87.9404,115.4449,ppm,E221007s82.CHR,10/8/22,2:54:54,O2,1.17,3024.8435,117387.5715,N2O,2.286,46.6665,0,ppm
,83,Anaerobic (N2) Heartwood 8,8,Heartwood,1,Anaerobic (N2),13,F221007s83.CHR,10/8/22,3:00:18,CH4,1.406,73.3312,317.4915,ppm,CO2,1.95,542.4829,1795.3187,ppm,E221007s83.CHR,10/8/22,3:00:18,O2,1.153,865.3702,0,N2O,2.276,5.5774,0,ppm
,84,Lab Air Blank NA NA,NA,NA,NA,Lab Air Blank,,F221007s84.CHR,10/8/22,3:05:42,CH4,1.416,0.3108,1.6622,ppm,CO2,1.966,86.1981,109.0058,ppm,E221007s84.CHR,10/8/22,3:05:42,O2,1.166,3010.537,116159.9994,N2O,2.276,47.7804,0,ppm
,85,Anaerobic (N2) Heartwood 10,10,Heartwood,1,Anaerobic (N2),14,F221007s85.CHR,10/8/22,3:11:06,CH4,1.41,84.6408,366.4081,ppm,CO2,1.953,541.9584,1793.3803,ppm,E221007s85.CHR,10/8/22,3:11:06,O2,1.156,878.1214,0,N2O,2.263,6.0919,0,ppm
,86,Lab Air Blank NA NA,NA,NA,NA,Lab Air Blank,,F221007s86.CHR,10/8/22,3:16:30,CH4,1.416,0.3983,2.0407,ppm,CO2,1.96,96.8868,148.5085,ppm,E221007s86.CHR,10/8/22,3:16:30,O2,1.163,3118.6775,125784.5913,N2O,2.276,56.4616,0.0327,ppm
,87,Anaerobic (N2) Sapwood 0.5,0.5,Sapwood,1,Anaerobic (N2),15,F221007s87.CHR,10/8/22,3:21:55,CH4,1.41,2.6174,11.6388,ppm,CO2,1.956,1023.707,3573.801,ppm,E221007s87.CHR,10/8/22,3:21:55,O2,1.156,895.6389,0,N2O,2.256,8.8126,0,ppm
,88,Lab Air Blank NA NA,NA,NA,NA,Lab Air Blank,,F221007s88.CHR,10/8/22,3:27:19,CH4,1.42,0.3204,1.7037,ppm,CO2,1.966,102.0762,167.6872,ppm,E221007s88.CHR,10/8/22,3:27:19,O2,1.166,3156.0408,129365.741,N2O,2.28,54.2672,0.0237,ppm
,89,Anaerobic (N2) Sapwood 1.25,1.25,Sapwood,1,Anaerobic (N2),16,F221007s89.CHR,10/8/22,3:32:43,CH4,1.42,90.0274,389.7063,ppm,CO2,1.973,1519.64,5406.6436,ppm,E221007s89.CHR,10/8/22,3:32:43,O2,1.163,997.5877,2170.1705,N2O,2.28,10.6728,0,ppm
,90,Lab Air Blank NA NA,NA,NA,NA,Lab Air Blank,,F221007s90.CHR,10/8/22,3:38:08,CH4,1.416,0.4572,2.2954,ppm,CO2,1.96,99.271,157.3199,ppm,E221007s90.CHR,10/8/22,3:38:08,O2,1.166,3019.8918,116962.6899,N2O,2.273,54.3614,0.024,ppm
,91,Anaerobic (N2) Sapwood 2,2,Sapwood,1,Anaerobic (N2),17,F221007s91.CHR,10/8/22,3:43:32,CH4,1.42,8.2655,36.068,ppm,CO2,1.966,756.0187,2584.4929,ppm,E221007s91.CHR,10/8/22,3:43:32,O2,1.163,1032.7544,3667.2401,N2O,2.283,8.3976,0,ppm
,92,Lab Air Blank NA NA,NA,NA,NA,Lab Air Blank,,F221007s92.CHR,10/8/22,3:48:57,CH4,1.406,0.3675,1.9074,ppm,CO2,1.95,105.9494,182.0016,ppm,E221007s92.CHR,10/8/22,3:48:57,O2,1.156,3171.0284,130826.2604,N2O,2.263,57.3325,0.0362,ppm
,93,Anaerobic (N2) Sapwood 4,4,Sapwood,1,Anaerobic (N2),18,F221007s93.CHR,10/8/22,3:54:21,CH4,1.416,79.1644,342.7214,ppm,CO2,1.96,660.8054,2232.6087,ppm,E221007s93.CHR,10/8/22,3:54:21,O2,1.163,902.6792,0,N2O,2.263,7.4149,0,ppm
,94,Lab Air Blank NA NA,NA,NA,NA,Lab Air Blank,,F221007s94.CHR,10/8/22,3:59:45,CH4,1.406,0.3982,2.0402,ppm,CO2,1.95,91.8189,129.7788,ppm,E221007s94.CHR,10/8/22,3:59:45,O2,1.156,2968.637,112608.0897,N2O,2.263,52.7459,0.0174,ppm
,95,Check Standard  ,,,,Check Standard,,F221007s95.CHR,10/8/22,4:05:10,CH4,1.42,0.7503,3.5631,ppm,CO2,1.963,139.7618,306.9636,ppm,E221007s95.CHR,10/8/22,4:05:10,O2,1.17,3899.2123,230085.4059,N2O,2.276,82.038,0.1375,ppm
,96,Lab Air Blank  ,,,,Lab Air Blank,,F221007s96.CHR,10/8/22,4:10:34,CH4,1.42,0.3242,1.7202,ppm,CO2,1.963,88.5388,117.6564,ppm,E221007s96.CHR,10/8/22,4:10:34,O2,1.17,3042.2572,118881.7574,N2O,2.276,48.7064,0.0009,ppm
,97,Anaerobic (N2) Sapwood 6,6,Sapwood,1,Anaerobic (N2),19,F221007s97.CHR,10/8/22,4:15:58,CH4,1.413,75.398,326.4309,ppm,CO2,1.956,751.666,2568.4064,ppm,E221007s97.CHR,10/8/22,4:15:58,O2,1.163,927.5814,0,N2O,2.256,8.8601,0,ppm
,98,Lab Air Blank NA NA,NA,NA,NA,Lab Air Blank,,F221007s98.CHR,10/8/22,4:21:23,CH4,1.416,0.3052,1.638,ppm,CO2,1.956,84.2874,101.9443,ppm,E221007s98.CHR,10/8/22,4:21:23,O2,1.163,2860.4831,104001.3293,N2O,2.27,45.8382,0,ppm
,99,Anaerobic (N2) Sapwood 8,8,Sapwood,1,Anaerobic (N2),20,F221007s99.CHR,10/8/22,4:26:47,CH4,1.42,6.8036,29.745,ppm,CO2,1.963,191.9098,499.6894,ppm,E221007s99.CHR,10/8/22,4:26:47,O2,1.163,891.4539,0,N2O,2.273,6.8418,0,ppm
,100,Lab Air Blank NA NA,NA,NA,NA,Lab Air Blank,,F221007s100.CHR,10/8/22,4:32:12,CH4,1.416,0.4108,2.0947,ppm,CO2,1.963,107.272,186.8896,ppm,E221007s100.CHR,10/8/22,4:32:12,O2,1.166,3275.7276,141713.9245,N2O,2.276,59.5824,0.0454,ppm
,101,Anaerobic (N2) Sapwood 10,10,Sapwood,1,Anaerobic (N2),21,F221007s101.CHR,10/8/22,4:37:36,CH4,1.416,90.6065,392.211,ppm,CO2,1.96,761.5448,2604.916,ppm,E221007s101.CHR,10/8/22,4:37:36,O2,1.163,956.9205,438.9409,N2O,2.27,8.305,0,ppm
,102,Lab Air Blank NA NA,NA,NA,NA,Lab Air Blank,,F221007s102.CHR,10/8/22,4:43:00,CH4,1.413,0.3662,1.9018,ppm,CO2,1.956,92.1528,131.0129,ppm,E221007s102.CHR,10/8/22,4:43:00,O2,1.166,3006.7062,115831.2969,N2O,2.27,48.0754,0,ppm
,103,Anaerobic (N2) Bark 0.5,0.5,Bark,1,Anaerobic (N2),22,F221007s103.CHR,10/8/22,4:48:24,CH4,1.416,73.6864,319.0279,ppm,CO2,1.966,12837.9718,47236.3282,ppm,E221007s103.CHR,10/8/22,4:48:24,O2,1.163,876.1036,0,N2O,2.27,104.0412,0.2277,ppm
,104,Lab Air Blank NA NA,NA,NA,NA,Lab Air Blank,,F221007s104.CHR,10/8/22,4:53:48,CH4,0,0,0,ppm,CO2,1.95,90.537,125.0413,ppm,E221007s104.CHR,10/8/22,4:53:48,O2,1.156,2935.1694,109898.282,N2O,2.26,47.8413,0,ppm
,105,Anaerobic (N2) Bark 1.25,1.25,Bark,1,Anaerobic (N2),23,F221007s105.CHR,10/8/22,4:59:12,CH4,1.42,3.574,15.7763,ppm,CO2,1.97,11235.7251,41314.8306,ppm,E221007s105.CHR,10/8/22,4:59:12,O2,1.163,1001.6981,2345.1529,N2O,2.27,77.6514,0.1195,ppm
,106,Lab Air Blank NA NA,NA,NA,NA,Lab Air Blank,,F221007s106.CHR,10/8/22,5:04:36,CH4,0,0,0,ppm,CO2,1.95,94.1293,138.3175,ppm,E221007s106.CHR,10/8/22,5:04:36,O2,1.156,2918.3276,108534.6336,N2O,2.263,48.0118,0,ppm
,107,Anaerobic (N2) Bark 2,2,Bark,1,Anaerobic (N2),24,F221007s107.CHR,10/8/22,5:10:00,CH4,1.406,81.0188,350.7421,ppm,CO2,1.95,460.8772,1493.7247,ppm,E221007s107.CHR,10/8/22,5:10:00,O2,1.153,943.2938,0,N2O,2.273,6.9429,0,ppm
,108,Lab Air Blank NA NA,NA,NA,NA,Lab Air Blank,,F221007s108.CHR,10/8/22,5:15:24,CH4,1.41,0.498,2.4719,ppm,CO2,1.95,95.8868,144.8128,ppm,E221007s108.CHR,10/8/22,5:15:24,O2,1.16,3033.9091,118165.447,N2O,2.26,53.2227,0.0194,ppm
,109,Anaerobic (N2) Bark 4,4,Bark,1,Anaerobic (N2),25,F221007s109.CHR,10/8/22,5:20:48,CH4,1.416,2.438,10.8628,ppm,CO2,1.966,4324.1492,15771.3985,ppm,E221007s109.CHR,10/8/22,5:20:48,O2,1.163,845.2962,0,N2O,2.263,51.8674,0.0138,ppm
,110,Lab Air Blank NA NA,NA,NA,NA,Lab Air Blank,,F221007s110.CHR,10/8/22,5:26:13,CH4,1.403,0.2492,1.3958,ppm,CO2,1.946,91.527,128.7001,ppm,E221007s110.CHR,10/8/22,5:26:13,O2,1.156,2998.9772,115168.1085,N2O,2.26,51.173,0.011,ppm
,111,Anaerobic (N2) Bark 6,6,Bark,1,Anaerobic (N2),26,F221007s111.CHR,10/8/22,5:31:37,CH4,1.41,6.1941,27.1088,ppm,CO2,1.963,6022.7524,22049.0053,ppm,E221007s111.CHR,10/8/22,5:31:37,O2,1.153,859.396,0,N2O,2.256,31.3985,0,ppm
,112,Lab Air Blank NA NA,NA,NA,NA,Lab Air Blank,,F221007s112.CHR,10/8/22,5:37:01,CH4,1.413,0.264,1.4598,ppm,CO2,1.96,113.5884,210.2334,ppm,E221007s112.CHR,10/8/22,5:37:01,O2,1.166,3142.5464,128050.7318,N2O,2.273,57.8822,0.0385,ppm
,113,Anaerobic (N2) Bark 8,8,Bark,1,Anaerobic (N2),27,F221007s113.CHR,10/8/22,5:42:26,CH4,1.413,6.8486,29.9396,ppm,CO2,1.956,996.6888,3473.9486,ppm,E221007s113.CHR,10/8/22,5:42:26,O2,1.163,950.5952,169.6687,N2O,2.273,8.7734,0,ppm
,114,Lab Air Blank NA NA,NA,NA,NA,Lab Air Blank,,F221007s114.CHR,10/8/22,5:47:50,CH4,1.41,0.3728,1.9304,ppm,CO2,1.946,109.7326,195.9833,ppm,E221007s114.CHR,10/8/22,5:47:50,O2,1.16,3177.6814,131474.5853,N2O,2.26,60.6758,0.0499,ppm
,115,Check Standard  ,,,,Check Standard,,F221007s115.CHR,10/8/22,5:53:14,CH4,1.42,0.7508,3.5653,ppm,CO2,1.96,138.9176,303.8437,ppm,E221007s115.CHR,10/8/22,5:53:14,O2,1.17,3875.0128,226516.4938,N2O,2.273,83.4016,0.1431,ppm
,116,Lab Air Blank  ,,,,Lab Air Blank,,F221007s116.CHR,10/8/22,5:58:39,CH4,1.413,0.3457,1.8131,ppm,CO2,1.956,93.7853,137.0462,ppm,E221007s116.CHR,10/8/22,5:58:39,O2,1.163,3084.973,122708.8208,N2O,2.27,51.7516,0.0134,ppm
,117,Anaerobic (N2) Bark 10,10,Bark,1,Anaerobic (N2),28,F221007s117.CHR,10/8/22,6:04:04,CH4,1.416,2.544,11.3213,ppm,CO2,1.97,4141.5717,15096.6384,ppm,E221007s117.CHR,10/8/22,6:04:04,O2,1.163,975.2883,1220.8703,N2O,2.263,16.6699,0,ppm
,118,Lab Air Blank NA NA,NA,NA,NA,Lab Air Blank,,F221007s118.CHR,10/8/22,6:09:27,CH4,1.403,0.304,1.6328,ppm,CO2,1.946,111.4166,202.207,ppm,E221007s118.CHR,10/8/22,6:09:27,O2,1.156,3160.7497,129824.6163,N2O,2.26,57.2944,0.0361,ppm
,119,Anaerobic (N2) Heartwood Sterile,Sterile,Heartwood,1,Anaerobic (N2),29,F221007s119.CHR,10/8/22,6:14:52,CH4,1.416,84.2314,364.6373,ppm,CO2,1.956,682.9477,2314.441,ppm,E221007s119.CHR,10/8/22,6:14:52,O2,1.163,978.4882,1357.0921,N2O,2.263,9.4554,0,ppm
,120,Lab Air Blank NA NA,NA,NA,NA,Lab Air Blank,,F221007s120.CHR,10/8/22,6:20:16,CH4,1.41,0.6026,2.9243,ppm,CO2,1.95,102.433,169.0059,ppm,E221007s120.CHR,10/8/22,6:20:16,O2,1.16,3080.2578,122278.526,N2O,2.26,55.0801,0.027,ppm
,121,Anaerobic (N2) Sapwood Sterile,Sterile,Sapwood,1,Anaerobic (N2),30,F221007s121.CHR,10/8/22,6:25:40,CH4,1.42,3.128,13.8472,ppm,CO2,1.96,211.1092,570.6455,ppm,E221007s121.CHR,10/8/22,6:25:40,O2,1.163,911.67,0,N2O,2.256,5.8294,0,ppm
,122,Lab Air Blank NA NA,NA,NA,NA,Lab Air Blank,,F221007s122.CHR,10/8/22,6:31:04,CH4,1.413,0.3549,1.8529,ppm,CO2,1.953,102.4444,169.048,ppm,E221007s122.CHR,10/8/22,6:31:04,O2,1.166,3100.0866,124088.0421,N2O,2.266,54.6504,0.0252,ppm
,123,Anaerobic (N2) Bark Sterile,Sterile,Bark,1,Anaerobic (N2),31,F221007s123.CHR,10/8/22,6:36:28,CH4,1.416,66.6662,288.6639,ppm,CO2,1.966,3035.5862,11009.1964,ppm,E221007s123.CHR,10/8/22,6:36:28,O2,1.163,1089.6994,6091.4263,N2O,2.263,21.318,0,ppm
,124,Lab Air Blank NA NA,NA,NA,NA,Lab Air Blank,,F221007s124.CHR,10/8/22,6:41:52,CH4,1.413,0.5252,2.5895,ppm,CO2,1.95,112.9942,208.0374,ppm,E221007s124.CHR,10/8/22,6:41:52,O2,1.163,3060.7998,120502.848,N2O,2.263,56.0872,0.0311,ppm
,125,Anaerobic (N2) Gas Blank NA,NA,Gas Blank,1,Anaerobic (N2),32,F221007s125.CHR,10/8/22,6:47:16,CH4,1.416,1.1156,5.1431,ppm,CO2,1.956,134.4873,287.4704,ppm,E221007s125.CHR,10/8/22,6:47:16,O2,1.163,1054.416,4589.3887,N2O,2.263,5.6993,0,ppm
,126,Lab Air Blank NA NA,NA,NA,NA,Lab Air Blank,,F221007s126.CHR,10/8/22,6:52:40,CH4,1.413,0.3617,1.8824,ppm,CO2,1.953,99.9653,159.8859,ppm,E221007s126.CHR,10/8/22,6:52:40,O2,1.166,3026.1108,117496.3124,N2O,2.266,55.502,0.0287,ppm
,127,Anaerobic (N2) Gas Blank NA,NA,Gas Blank,1,Anaerobic (N2),33,F221007s127.CHR,10/8/22,6:58:06,CH4,1.413,0.8661,4.064,ppm,CO2,1.95,131.2668,275.5683,ppm,E221007s127.CHR,10/8/22,6:58:06,O2,1.163,1034.7811,3753.518,N2O,2.263,5.3098,0,ppm
,128,Lab Air Blank NA NA,NA,NA,NA,Lab Air Blank,,F221007s128.CHR,10/8/22,7:03:30,CH4,1.413,0.3781,1.9533,ppm,CO2,1.953,106.3332,183.42,ppm,E221007s128.CHR,10/8/22,7:03:30,O2,1.166,3139.4332,127747.3551,N2O,2.263,60.602,0.0496,ppm
,129,Anaerobic (N2) Gas Blank NA,NA,Gas Blank,1,Anaerobic (N2),34,F221007s129.CHR,10/8/22,7:08:54,CH4,1.416,0.7778,3.6821,ppm,CO2,1.956,135.1226,289.8183,ppm,E221007s129.CHR,10/8/22,7:08:54,O2,1.166,1013.6332,2853.238,N2O,2.276,6.1196,0,ppm
,130,Lab Air Blank NA NA,NA,NA,NA,Lab Air Blank,,F221007s130.CHR,10/8/22,7:14:19,CH4,1.41,0.3398,1.7876,ppm,CO2,1.95,96.9863,148.8762,ppm,E221007s130.CHR,10/8/22,7:14:19,O2,1.16,3029.5568,117791.9971,N2O,2.263,51.5512,0.0125,ppm
,131,Anaerobic (N2) N2 Stock NA,NA,N2 Stock,1,Anaerobic (N2),35,F221007s131.CHR,10/8/22,7:19:43,CH4,1.41,14.4078,62.6348,ppm,CO2,1.95,158.6583,376.8003,ppm,E221007s131.CHR,10/8/22,7:19:43,O2,1.156,845.6146,0,N2O,0,0,0,ppm
,132,Lab Air Blank NA NA,NA,NA,NA,Lab Air Blank,,F221007s132.CHR,10/8/22,7:25:07,CH4,1.403,0.3397,1.7872,ppm,CO2,1.943,95.3268,142.7432,ppm,E221007s132.CHR,10/8/22,7:25:07,O2,1.156,2985.8194,114039.1009,N2O,2.256,50.3396,0.0076,ppm
,133,Check Standard  ,,,,Check Standard,,F221007s133.CHR,10/8/22,7:30:31,CH4,1.403,0.7647,3.6254,ppm,CO2,1.94,138.8383,303.5506,ppm,E221007s133.CHR,10/8/22,7:30:31,O2,1.16,3620.0634,188916.8742,N2O,2.253,80.9618,0.1331,ppm
,134,Lab Air Blank  ,,,,Lab Air Blank,,F221007s134.CHR,10/8/22,7:35:56,CH4,1.413,0.3258,1.7271,ppm,CO2,1.953,91.2643,127.7292,ppm,E221007s134.CHR,10/8/22,7:35:56,O2,1.163,2988.1905,114242.5536,N2O,2.26,49.4666,0.004,ppm
,135,Lab Air Blank  ,,,,Lab Air Blank,,F221007s135.CHR,10/8/22,7:41:20,CH4,1.41,0.3124,1.6691,ppm,CO2,1.953,86.4243,109.8418,ppm,E221007s135.CHR,10/8/22,7:41:20,O2,1.163,2895.8928,106718.1307,N2O,2.263,47.7871,0,ppm
,136,Lab Air Blank  ,,,,Lab Air Blank,,F221007s136.CHR,10/8/22,7:46:45,CH4,1.41,0.3313,1.7509,ppm,CO2,1.946,87.7286,114.6621,ppm,E221007s136.CHR,10/8/22,7:46:45,O2,1.16,2955.4455,111539.9992,N2O,2.26,46.1758,0,ppm
,137,Aerobic (UZA) Heartwood 0.5,0.5,Heartwood,1,Aerobic (UZA),36,F221007s137.CHR,10/8/22,7:52:09,CH4,1.416,129.6368,561.0257,ppm,CO2,1.96,529.3505,1746.7847,ppm,E221007s137.CHR,10/8/22,7:52:09,O2,1.166,3604.7245,186654.7124,N2O,2.263,24.2724,0,ppm
,138,Lab Air Blank NA NA,NA,NA,NA,Lab Air Blank,,F221007s138.CHR,10/8/22,7:57:34,CH4,1.406,0.5088,2.5186,ppm,CO2,1.946,94.895,141.1473,ppm,E221007s138.CHR,10/8/22,7:57:34,O2,1.16,3007.6242,115910.066,N2O,2.263,51.874,0.0139,ppm
,139,Aerobic (UZA) Heartwood 1.25,1.25,Heartwood,1,Aerobic (UZA),37,F221007s139.CHR,10/8/22,8:02:58,CH4,1.42,142.7446,617.7198,ppm,CO2,1.963,724.0613,2466.3864,ppm,E221007s139.CHR,10/8/22,8:02:58,O2,1.17,3643.3552,192351.9199,N2O,2.273,13.648,0,ppm
,140,Lab Air Blank NA NA,NA,NA,NA,Lab Air Blank,,F221007s140.CHR,10/8/22,8:08:22,CH4,1.406,0.6944,3.3214,ppm,CO2,1.946,97.0938,149.2735,ppm,E221007s140.CHR,10/8/22,8:08:22,O2,1.156,3029.06,117749.3691,N2O,2.256,51.5879,0.0127,ppm
,141,Aerobic (UZA) Heartwood 2,2,Heartwood,1,Aerobic (UZA),38,F221007s141.CHR,10/8/22,8:13:47,CH4,1.406,115.6646,500.5928,ppm,CO2,1.943,126.1442,256.6365,ppm,E221007s141.CHR,10/8/22,8:13:47,O2,1.16,3522.2257,174487.8923,N2O,2.256,22.513,0,ppm
,142,Lab Air Blank NA NA,NA,NA,NA,Lab Air Blank,,F221007s142.CHR,10/8/22,8:19:12,CH4,1.416,0.7796,3.6899,ppm,CO2,1.956,96.1962,145.9562,ppm,E221007s142.CHR,10/8/22,8:19:12,O2,1.166,3126.9049,126535.3988,N2O,2.27,51.0408,0.0104,ppm
,143,Aerobic (UZA) Heartwood 4,4,Heartwood,1,Aerobic (UZA),39,F221007s143.CHR,10/8/22,8:24:36,CH4,1.406,140.514,608.072,ppm,CO2,1.943,151.8499,351.6382,ppm,E221007s143.CHR,10/8/22,8:24:36,O2,1.163,3451.7218,164090.065,N2O,2.256,18.1748,0,ppm
,144,Lab Air Blank NA NA,NA,NA,NA,Lab Air Blank,,F221007s144.CHR,10/8/22,8:30:01,CH4,1.42,0.6768,3.2452,ppm,CO2,1.96,105.7142,181.1324,ppm,E221007s144.CHR,10/8/22,8:30:01,O2,1.166,3277.9294,141962.1726,N2O,2.27,57.213,0.0357,ppm
,145,Aerobic (UZA) Heartwood 6,6,Heartwood,1,Aerobic (UZA),40,F221007s145.CHR,10/8/22,8:35:25,CH4,1.416,479.48,2074.1747,ppm,CO2,1.956,143.2332,319.7931,ppm,E221007s145.CHR,10/8/22,8:35:25,O2,1.17,3562.9004,180486.5463,N2O,2.263,24.7058,0,ppm
,146,Lab Air Blank NA NA,NA,NA,NA,Lab Air Blank,,F221007s146.CHR,10/8/22,8:40:49,CH4,1.413,1.1348,5.2262,ppm,CO2,1.95,98.0245,152.7132,ppm,E221007s146.CHR,10/8/22,8:40:49,O2,1.166,3067.1722,121084.3738,N2O,2.263,53.6854,0.0213,ppm
,147,Aerobic (UZA) Heartwood 8,8,Heartwood,1,Aerobic (UZA),41,F221007s147.CHR,10/8/22,8:46:14,CH4,1.42,150.7453,652.3246,ppm,CO2,1.96,75.7328,70.3287,ppm,E221007s147.CHR,10/8/22,8:46:14,O2,1.166,3657.9974,194511.3333,N2O,2.263,11.2412,0,ppm
,148,Lab Air Blank NA NA,NA,NA,NA,Lab Air Blank,,F221007s148.CHR,10/8/22,8:51:39,CH4,1.413,0.5642,2.7582,ppm,CO2,1.95,95.2576,142.4874,ppm,E221007s148.CHR,10/8/22,8:51:39,O2,1.166,3006.3132,115797.5754,N2O,2.26,51.199,0.0111,ppm
,149,Aerobic (UZA) Heartwood 10,10,Heartwood,1,Aerobic (UZA),42,F221007s149.CHR,10/8/22,8:57:03,CH4,1.416,137.566,595.3212,ppm,CO2,1.953,136.677,295.563,ppm,E221007s149.CHR,10/8/22,8:57:03,O2,1.166,3528.3414,175389.8281,N2O,2.263,21.9517,0,ppm
,150,Lab Air Blank NA NA,NA,NA,NA,Lab Air Blank,,F221007s150.CHR,10/8/22,9:02:27,CH4,1.41,0.8073,3.8097,ppm,CO2,1.946,101.5586,165.7743,ppm,E221007s150.CHR,10/8/22,9:02:27,O2,1.163,3071.5772,121486.3608,N2O,2.26,59.2886,0.0442,ppm
,151,Aerobic (UZA) Sapwood 0.5,0.5,Sapwood,1,Aerobic (UZA),43,F221007s151.CHR,10/8/22,9:07:51,CH4,1.41,92.6938,401.2391,ppm,CO2,1.96,2472.505,8928.191,ppm,E221007s151.CHR,10/8/22,9:07:51,O2,1.16,3483.7642,168815.6382,N2O,2.256,47.7728,0,ppm
,152,Lab Air Blank NA NA,NA,NA,NA,Lab Air Blank,,F221007s152.CHR,10/8/22,9:13:16,CH4,1.416,0.3598,1.8741,ppm,CO2,1.96,96.7828,148.1242,ppm,E221007s152.CHR,10/8/22,9:13:16,O2,1.166,3122.7532,126156.5273,N2O,2.273,49.7302,0.0051,ppm
,153,Aerobic (UZA) Sapwood 1.25,1.25,Sapwood,1,Aerobic (UZA),44,F221007s153.CHR,10/8/22,9:18:40,CH4,1.41,92.0176,398.3143,ppm,CO2,1.95,681.3976,2308.7122,ppm,E221007s153.CHR,10/8/22,9:18:40,O2,1.16,3528.2191,175371.7914,N2O,2.256,30.2453,0,ppm
,154,Lab Air Blank NA NA,NA,NA,NA,Lab Air Blank,,F221007s154.CHR,10/8/22,9:24:05,CH4,1.41,0.5003,2.4818,ppm,CO2,1.95,115.2132,216.2382,ppm,E221007s154.CHR,10/8/22,9:24:05,O2,1.16,3306.8741,145225.6238,N2O,2.263,63.4964,0.0615,ppm
,155,Aerobic (UZA) Sapwood 2,2,Sapwood,1,Aerobic (UZA),45,F221007s155.CHR,10/8/22,9:29:29,CH4,1.416,99.361,430.0762,ppm,CO2,1.96,1100.4335,3857.3627,ppm,E221007s155.CHR,10/8/22,9:29:29,O2,1.166,3496.163,170644.1978,N2O,2.266,35.471,0,ppm
,156,Lab Air Blank  ,,,,Lab Air Blank,,F221007s156.CHR,10/8/22,9:34:54,CH4,1.406,0.3732,1.9321,ppm,CO2,1.946,87.1103,112.3771,ppm,E221007s156.CHR,10/8/22,9:34:54,O2,1.16,2916.0898,108353.4432,N2O,2.26,47.8437,0,ppm
,157,Check Standard  ,,,,Check Standard,,F221007s157.CHR,10/8/22,9:40:18,CH4,1.413,0.7493,3.5588,ppm,CO2,1.95,139.3388,305.4003,ppm,E221007s157.CHR,10/8/22,9:40:18,O2,1.166,3740.2306,206638.983,N2O,2.26,80.1116,0.1296,ppm
,158,Lab Air Blank NA NA,NA,NA,NA,Lab Air Blank,,F221007s158.CHR,10/8/22,9:45:42,CH4,1.413,0.3503,1.833,ppm,CO2,1.953,95.2939,142.6216,ppm,E221007s158.CHR,10/8/22,9:45:42,O2,1.163,3105.1946,124554.1827,N2O,2.26,51.5306,0.0124,ppm
,159,Aerobic (UZA) Sapwood 4,4,Sapwood,1,Aerobic (UZA),46,F221007s159.CHR,10/8/22,9:51:06,CH4,1.406,122.739,531.1912,ppm,CO2,1.95,1316.7934,4656.974,ppm,E221007s159.CHR,10/8/22,9:51:06,O2,1.156,3515.6836,173523.0715,N2O,2.253,37.1028,0,ppm
,160,Lab Air Blank NA NA,NA,NA,NA,Lab Air Blank,,F221007s160.CHR,10/8/22,9:56:30,CH4,1.403,0.3289,1.7405,ppm,CO2,1.946,86.8298,111.3404,ppm,E221007s160.CHR,10/8/22,9:56:30,O2,1.156,2892.0524,106421.0293,N2O,2.256,45.326,0,ppm
,161,Aerobic (UZA) Sapwood 6,6,Sapwood,1,Aerobic (UZA),47,F221007s161.CHR,10/8/22,10:01:54,CH4,1.406,358.4589,1550.7318,ppm,CO2,1.95,1586.7754,5654.759,ppm,E221007s161.CHR,10/8/22,10:01:54,O2,1.156,3502.0516,171512.6411,N2O,2.246,36.6673,0,ppm
,162,Lab Air Blank NA NA,NA,NA,NA,Lab Air Blank,,F221007s162.CHR,10/8/22,10:07:18,CH4,1.403,0.3265,1.7301,ppm,CO2,1.946,87.9218,115.3762,ppm,E221007s162.CHR,10/8/22,10:07:18,O2,1.156,2951.9542,111257.3153,N2O,2.256,48.3064,0,ppm
,163,Aerobic (UZA) Sapwood 8,8,Sapwood,1,Aerobic (UZA),48,F221007s163.CHR,10/8/22,10:12:43,CH4,1.406,91.8625,397.6435,ppm,CO2,1.95,1051.8136,3677.6758,ppm,E221007s163.CHR,10/8/22,10:12:43,O2,1.16,3520.3842,174216.3101,N2O,2.253,36.6176,0,ppm
,164,Lab Air Blank NA NA,NA,NA,NA,Lab Air Blank,,F221007s164.CHR,10/8/22,10:18:09,CH4,1.416,0.6938,3.3188,ppm,CO2,1.953,109.2997,194.3834,ppm,E221007s164.CHR,10/8/22,10:18:09,O2,1.166,3174.5396,131168.4216,N2O,2.263,56.8435,0.0342,ppm
,165,Aerobic (UZA) Sapwood 10,10,Sapwood,1,Aerobic (UZA),49,F221007s165.CHR,10/8/22,10:23:33,CH4,1.416,120.314,520.7025,ppm,CO2,1.96,1736.0878,6206.5798,ppm,E221007s165.CHR,10/8/22,10:23:33,O2,1.166,3478.2777,168006.496,N2O,2.26,41.0575,0,ppm
,166,Lab Air Blank NA NA,NA,NA,NA,Lab Air Blank,,F221007s166.CHR,10/8/22,10:28:57,CH4,1.413,0.5734,2.798,ppm,CO2,1.953,99.4554,158.0014,ppm,E221007s166.CHR,10/8/22,10:28:57,O2,1.166,3024.8392,117387.2025,N2O,2.263,51.7312,0.0133,ppm
,167,Aerobic (UZA) Bark 0.5,0.5,Bark,1,Aerobic (UZA),50,F221007s167.CHR,10/8/22,10:34:21,CH4,1.403,385.5557,1667.9314,ppm,CO2,1.92,23336.8058,86037.3566,ppm,E221007s167.CHR,10/8/22,10:34:21,O2,1.153,1945.258,46661.7507,N2O,2.25,113.4126,0.2661,ppm
,168,Lab Air Blank NA NA,NA,NA,NA,Lab Air Blank,,F221007s168.CHR,10/8/22,10:39:45,CH4,0,0,0,ppm,CO2,1.943,191.035,496.4564,ppm,E221007s168.CHR,10/8/22,10:39:45,O2,1.156,2953.257,111362.8005,N2O,2.253,52.3942,0.016,ppm
,169,Aerobic (UZA) Bark 1.25,1.25,Bark,1,Aerobic (UZA),51,F221007s169.CHR,10/8/22,10:45:09,CH4,1.416,126.0446,545.4886,ppm,CO2,1.953,17043.3296,62778.2643,ppm,E221007s169.CHR,10/8/22,10:45:09,O2,1.166,2657.4624,89233.6728,N2O,2.263,115.5688,0.2749,ppm
,170,Lab Air Blank NA NA,NA,NA,NA,Lab Air Blank,,F221007s170.CHR,10/8/22,10:50:33,CH4,1.396,0.2678,1.4762,ppm,CO2,1.946,177.6894,447.1344,ppm,E221007s170.CHR,10/8/22,10:50:33,O2,1.156,3131.4174,126966.2273,N2O,2.256,58.4537,0.0408,ppm
,171,Aerobic (UZA) Bark 2,2,Bark,1,Aerobic (UZA),52,F221007s171.CHR,10/8/22,10:55:57,CH4,1.42,330.4216,1429.4643,ppm,CO2,1.96,258.284,744.9916,ppm,E221007s171.CHR,10/8/22,10:55:57,O2,1.166,3648.2053,193067.2066,N2O,2.273,22.2606,0,ppm
,172,Lab Air Blank NA NA,NA,NA,NA,Lab Air Blank,,F221007s172.CHR,10/8/22,11:01:22,CH4,1.42,0.55,2.6968,ppm,CO2,1.96,97.5648,151.0142,ppm,E221007s172.CHR,10/8/22,11:01:22,O2,1.166,3163.4087,130083.7319,N2O,2.27,52.5302,0.0165,ppm
,173,Aerobic (UZA) Bark 4,4,Bark,1,Aerobic (UZA),53,F221007s173.CHR,10/8/22,11:06:47,CH4,1.413,132.4476,573.183,ppm,CO2,1.96,1251.5882,4415.9921,ppm,E221007s173.CHR,10/8/22,11:06:47,O2,1.166,3450.7472,163946.3322,N2O,2.256,29.7144,0,ppm
,174,Lab Air Blank NA NA,NA,NA,NA,Lab Air Blank,,F221007s174.CHR,10/8/22,11:12:11,CH4,1.413,0.7302,3.4762,ppm,CO2,1.953,107.0733,186.1552,ppm,E221007s174.CHR,10/8/22,11:12:11,O2,1.163,3126.0818,126460.2852,N2O,2.263,54.9832,0.0266,ppm
,175,Aerobic (UZA) Bark 6,6,Bark,1,Aerobic (UZA),54,F221007s175.CHR,10/8/22,11:17:36,CH4,1.42,147.422,637.9506,ppm,CO2,1.97,2135.6308,7683.1894,ppm,E221007s175.CHR,10/8/22,11:17:36,O2,1.166,3570.004,181534.1764,N2O,2.27,25.4152,0,ppm
,176,Lab Air Blank NA NA,NA,NA,NA,Lab Air Blank,,F221007s176.CHR,10/8/22,11:23:00,CH4,1.41,0.5882,2.862,ppm,CO2,1.95,101.4297,165.2979,ppm,E221007s176.CHR,10/8/22,11:23:00,O2,1.16,3049.1556,119473.676,N2O,2.26,51.6214,0.0128,ppm
,177,Check Standard  ,,,,Check Standard,,F221007s177.CHR,10/8/22,11:28:24,CH4,1.416,0.7274,3.4641,ppm,CO2,1.96,145.8326,329.3998,ppm,E221007s177.CHR,10/8/22,11:28:24,O2,1.17,3884.6388,227936.1243,N2O,2.27,78.9642,0.1249,ppm
,178,Lab Air Blank  ,,,,Lab Air Blank,,F221007s178.CHR,10/8/22,11:33:49,CH4,1.41,0.3816,1.9684,ppm,CO2,1.946,99.0946,156.668,ppm,E221007s178.CHR,10/8/22,11:33:49,O2,1.16,3094.8006,123605.6578,N2O,2.256,53.0201,0.0186,ppm
,179,Aerobic (UZA) Bark 8,8,Bark,1,Aerobic (UZA),55,F221007s179.CHR,10/8/22,11:39:13,CH4,1.406,97.5449,422.2211,ppm,CO2,1.956,3142.7042,11405.0774,ppm,E221007s179.CHR,10/8/22,11:39:13,O2,1.156,3435.933,161761.5525,N2O,2.25,53.8051,0.0218,ppm
,180,Lab Air Blank NA NA,NA,NA,NA,Lab Air Blank,,F221007s180.CHR,10/8/22,11:44:37,CH4,1.406,0.5338,2.6267,ppm,CO2,1.946,111.5034,202.5278,ppm,E221007s180.CHR,10/8/22,11:44:37,O2,1.156,3142.2224,128019.1585,N2O,2.26,54.4077,0.0242,ppm
,181,Aerobic (UZA) Bark 10,10,Bark,1,Aerobic (UZA),56,F221007s181.CHR,10/8/22,11:50:01,CH4,1.416,118.1656,511.4102,ppm,CO2,1.973,4414.608,16105.7113,ppm,E221007s181.CHR,10/8/22,11:50:01,O2,1.166,3503.134,171672.2722,N2O,2.266,60.3233,0.0485,ppm
,182,Lab Air Blank NA NA,NA,NA,NA,Lab Air Blank,,F221007s182.CHR,10/8/22,11:55:26,CH4,1.416,0.4242,2.1527,ppm,CO2,1.956,97.4594,150.6247,ppm,E221007s182.CHR,10/8/22,11:55:26,O2,1.166,2927.9708,109315.4251,N2O,2.27,45.3132,0,ppm
,183,Aerobic (UZA) Heartwood Sterile,Sterile,Heartwood,1,Aerobic (UZA),57,F221007s183.CHR,10/8/22,12:00:50,CH4,1.41,390.269,1688.3175,ppm,CO2,1.95,415.4442,1325.8159,ppm,E221007s183.CHR,10/8/22,12:00:50,O2,1.16,3532.3144,175975.7612,N2O,2.26,24.6574,0,ppm
,184,Lab Air Blank NA NA,NA,NA,NA,Lab Air Blank,,F221007s184.CHR,10/8/22,12:06:14,CH4,1.41,1.8115,8.1531,ppm,CO2,1.95,99.8014,159.2801,ppm,E221007s184.CHR,10/8/22,12:06:14,O2,1.16,3082.2632,122461.5327,N2O,2.263,54.029,0.0227,ppm
,185,Aerobic (UZA) Sapwood Sterile,Sterile,Sapwood,1,Aerobic (UZA),58,F221007s185.CHR,10/8/22,12:11:38,CH4,1.423,92.4844,400.3334,ppm,CO2,1.963,141.3954,313.001,ppm,E221007s185.CHR,10/8/22,12:11:38,O2,1.17,3636.2253,191300.4111,N2O,2.27,23.0178,0,ppm
,186,Lab Air Blank NA NA,NA,NA,NA,Lab Air Blank,,F221007s186.CHR,10/8/22,12:17:02,CH4,1.41,0.3576,1.8646,ppm,CO2,1.946,91.0343,126.8792,ppm,E221007s186.CHR,10/8/22,12:17:02,O2,1.16,2996.6996,114972.6786,N2O,2.26,45.823,0,ppm
,187,Aerobic (UZA) Bark Sterile,Sterile,Bark,1,Aerobic (UZA),59,F221007s187.CHR,10/8/22,12:22:27,CH4,1.41,333.2086,1441.5187,ppm,CO2,1.96,4145.9136,15112.6849,ppm,E221007s187.CHR,10/8/22,12:22:27,O2,1.16,3458.4746,165085.9595,N2O,2.256,55.009,0.0267,ppm
,188,Lab Air Blank NA NA,NA,NA,NA,Lab Air Blank,,F221007s188.CHR,10/8/22,12:27:52,CH4,1.41,0.289,1.5679,ppm,CO2,1.956,91.7614,129.5663,ppm,E221007s188.CHR,10/8/22,12:27:52,O2,1.163,3083.973,122617.5639,N2O,2.266,50.5669,0.0085,ppm
,189,Aerobic (UZA) Gas Blank NA,NA,Gas Blank,1,Aerobic (UZA),60,F221007s189.CHR,10/8/22,12:33:16,CH4,1.416,98.4768,426.2518,ppm,CO2,1.956,29.9729,0,ppm,E221007s189.CHR,10/8/22,12:33:16,O2,1.166,3540.0509,177116.7305,N2O,2.27,8.7025,0,ppm
,190,Lab Air Blank NA NA,NA,NA,NA,Lab Air Blank,,F221007s190.CHR,10/8/22,12:38:40,CH4,1.41,0.4182,2.1267,ppm,CO2,1.95,95.2417,142.4286,ppm,E221007s190.CHR,10/8/22,12:38:40,O2,1.16,3059.1888,120355.833,N2O,2.266,50.3036,0.0074,ppm
,191,Aerobic (UZA) Gas Blank NA,NA,Gas Blank,1,Aerobic (UZA),61,F221007s191.CHR,10/8/22,12:44:05,CH4,1.42,90.3578,391.1353,ppm,CO2,1.96,31.6081,0,ppm,E221007s191.CHR,10/8/22,12:44:05,O2,1.166,3650.0986,193346.4281,N2O,2.273,10.3964,0,ppm
,192,Lab Air Blank NA NA,NA,NA,NA,Lab Air Blank,,F221007s192.CHR,10/8/22,12:49:29,CH4,1.41,0.3533,1.846,ppm,CO2,1.95,90.796,125.9985,ppm,E221007s192.CHR,10/8/22,12:49:29,O2,1.163,2985.8936,114045.4677,N2O,2.26,50.0924,0.0066,ppm
,193,Aerobic (UZA) Gas Blank NA,NA,Gas Blank,1,Aerobic (UZA),62,F221007s193.CHR,10/8/22,12:54:53,CH4,1.41,94.6184,409.5634,ppm,CO2,1.946,28.8044,0,ppm,E221007s193.CHR,10/8/22,12:54:53,O2,1.16,3548.4582,178356.6286,N2O,2.26,7.8587,0,ppm
,194,Lab Air Blank NA NA,NA,NA,NA,Lab Air Blank,,F221007s194.CHR,10/8/22,13:00:17,CH4,1.406,0.6822,3.2686,ppm,CO2,1.943,98.9166,156.0101,ppm,E221007s194.CHR,10/8/22,13:00:17,O2,1.156,3119.754,125882.8294,N2O,2.253,50.0243,0.0063,ppm
,195,Aerobic (UZA) UZA Stock NA,NA,UZA Stock,1,Aerobic (UZA),63,F221007s195.CHR,10/8/22,13:05:41,CH4,1.403,0.1668,1.0394,ppm,CO2,1.946,8.5054,0,ppm,E221007s195.CHR,10/8/22,13:05:41,O2,1.16,3571.0225,181684.3835,N2O,2.266,4.1868,0,ppm
,196,Lab Air Blank NA NA,NA,NA,NA,Lab Air Blank,,F221007s196.CHR,10/8/22,13:11:05,CH4,1.406,0.3564,1.8594,ppm,CO2,1.946,102.722,170.0739,ppm,E221007s196.CHR,10/8/22,13:11:05,O2,1.16,2950.1684,111112.7224,N2O,2.256,47.008,0,ppm
,197,Check Standard NA NA,NA,NA,NA,Check Standard,,F221007s197.CHR,10/8/22,13:16:30,CH4,1.416,0.732,3.484,ppm,CO2,1.953,139.9934,307.8196,ppm,E221007s197.CHR,10/8/22,13:16:30,O2,1.17,3770.2212,211061.9593,N2O,2.263,77.4036,0.1185,ppm
,198,Lab Air Blank NA NA,NA,NA,NA,Lab Air Blank,,F221007s198.CHR,10/8/22,13:21:55,CH4,1.413,0.3524,1.8421,ppm,CO2,1.956,109.2244,194.1052,ppm,E221007s198.CHR,10/8/22,13:21:55,O2,1.166,3192.0783,132877.5418,N2O,2.266,51.5104,0.0124,ppm
,199,Lab Air Blank NA NA,NA,NA,NA,Lab Air Blank,,,,,,,,,,,,,,,,,,,,,,,,,,
,200,Lab Air Blank NA NA,NA,NA,NA,Lab Air Blank,,,,,,,,,,,,,,,,,,,,,,,,,,
,201,N2 NA NA,NA,NA,NA,N2,,,,,,,,,,,,,,,,,,,,,,,,,,
,202,Lab Air Blank NA NA,NA,NA,NA,Lab Air Blank,,,,,,,,,,,,,,,,,,,,,,,,,,
,203,SB1 NA NA,NA,NA,NA,SB1,,,,,,,,,,,,,,,,,,,,,,,,,,
,204,Lab Air Blank NA NA,NA,NA,NA,Lab Air Blank,,,,,,,,,,,,,,,,,,,,,,,,,,
,205,SB2 NA NA,NA,NA,NA,SB2,,,,,,,,,,,,,,,,,,,,,,,,,,
,206,Lab Air Blank NA NA,NA,NA,NA,Lab Air Blank,,,,,,,,,,,,,,,,,,,,,,,,,,
,207,SB3 NA NA,NA,NA,NA,SB3,,,,,,,,,,,,,,,,,,,,,,,,,,
,208,Lab Air Blank NA NA,NA,NA,NA,Lab Air Blank,,,,,,,,,,,,,,,,,,,,,,,,,,
,209,SB4 NA NA,NA,NA,NA,SB4,,,,,,,,,,,,,,,,,,,,,,,,,,
,210,Lab Air Blank NA NA,NA,NA,NA,Lab Air Blank,,,,,,,,,,,,,,,,,,,,,,,,,,
,211,SB5 NA NA,NA,NA,NA,SB5,,,,,,,,,,,,,,,,,,,,,,,,,,
,212,Lab Air Blank NA NA,NA,NA,NA,Lab Air Blank,,,,,,,,,,,,,,,,,,,,,,,,,,
,213,SB6 NA NA,NA,NA,NA,SB6,,,,,,,,,,,,,,,,,,,,,,,,,,
,214,Lab Air Blank NA NA,NA,NA,NA,Lab Air Blank,,,,,,,,,,,,,,,,,,,,,,,,,,
,215,Lab Air Blank NA NA,NA,NA,NA,Lab Air Blank,,,,,,,,,,,,,,,,,,,,,,,,,,
,216,Lab Air Blank NA NA,NA,NA,NA,Lab Air Blank,,,,,,,,,,,,,,,,,,,,,,,,,,
,217,Outdoor Air 1 NA NA,NA,NA,NA,Outdoor Air 1,,,,,,,,,,,,,,,,,,,,,,,,,,
,218,Lab Air Blank NA NA,NA,NA,NA,Lab Air Blank,,,,,,,,,,,,,,,,,,,,,,,,,,
,219,Outdoor Air 2 NA NA,NA,NA,NA,Outdoor Air 2,,,,,,,,,,,,,,,,,,,,,,,,,,
,220,Lab Air Blank NA NA,NA,NA,NA,Lab Air Blank,,,,,,,,,,,,,,,,,,,,,,,,,,
,221,Outdoor Air 3 NA NA,NA,NA,NA,Outdoor Air 3,,,,,,,,,,,,,,,,,,,,,,,,,,
,222,Lab Air Blank NA NA,NA,NA,NA,Lab Air Blank,,,,,,,,,,,,,,,,,,,,,,,,,,
,223,Outdoor Air 4 NA NA,NA,NA,NA,Outdoor Air 4,,,,,,,,,,,,,,,,,,,,,,,,,,
,224,Lab Air Blank NA NA,NA,NA,NA,Lab Air Blank,,,,,,,,,,,,,,,,,,,,,,,,,,
,225,Outdoor Air 5 NA NA,NA,NA,NA,Outdoor Air 5,,,,,,,,,,,,,,,,,,,,,,,,,,
,226,Lab Air Blank NA NA,NA,NA,NA,Lab Air Blank,,,,,,,,,,,,,,,,,,,,,,,,,,
,227,Outdoor Air 6 NA NA,NA,NA,NA,Outdoor Air 6,,,,,,,,,,,,,,,,,,,,,,,,,,
,228,Lab Air Blank NA NA,NA,NA,NA,Lab Air Blank,,,,,,,,,,,,,,,,,,,,,,,,,,
,229,Outdoor Air 7 NA NA,NA,NA,NA,Outdoor Air 7,,,,,,,,,,,,,,,,,,,,,,,,,,
,230,Lab Air Blank NA NA,NA,NA,NA,Lab Air Blank,,,,,,,,,,,,,,,,,,,,,,,,,,
,231,Lab Air Blank NA NA,NA,NA,NA,Lab Air Blank,,,,,,,,,,,,,,,,,,,,,,,,,,
,232,Lab Air Blank NA NA,NA,NA,NA,Lab Air Blank,,,,,,,,,,,,,,,,,,,,,,,,,,
,233,Oxygen Standard 1 NA NA,NA,NA,NA,Oxygen Standard 1,,,,,,,,,,,,,,,,,,,,,,,,,,
,234,Lab Air Blank NA NA,NA,NA,NA,Lab Air Blank,,,,,,,,,,,,,,,,,,,,,,,,,,
,235,Oxygen Standard 2 NA NA,NA,NA,NA,Oxygen Standard 2,,,,,,,,,,,,,,,,,,,,,,,,,,
,236,Lab Air Blank NA NA,NA,NA,NA,Lab Air Blank,,,,,,,,,,,,,,,,,,,,,,,,,,
,237,Oxygen Standard 3 NA NA,NA,NA,NA,Oxygen Standard 3,,,,,,,,,,,,,,,,,,,,,,,,,,
,238,Lab Air Blank NA NA,NA,NA,NA,Lab Air Blank,,,,,,,,,,,,,,,,,,,,,,,,,,
,239,Oxygen Standard 4 NA NA,NA,NA,NA,Oxygen Standard 4,,,,,,,,,,,,,,,,,,,,,,,,,,
,240,Lab Air Blank NA NA,NA,NA,NA,Lab Air Blank,,,,,,,,,,,,,,,,,,,,,,,,,,
,241,Oxygen Standard 5 NA NA,NA,NA,NA,Oxygen Standard 5,,,,,,,,,,,,,,,,,,,,,,,,,,
,242,Lab Air Blank NA NA,NA,NA,NA,Lab Air Blank,,,,,,,,,,,,,,,,,,,,,,,,,,
,243,Lab Air Blank NA NA,NA,NA,NA,Lab Air Blank,,,,,,,,,,,,,,,,,,,,,,,,,,
,244,Lab Air Blank NA NA,NA,NA,NA,Lab Air Blank,,,,,,,,,,,,,,,,,,,,,,,,,,